statement,answer
"Dạo này tôi không hiểu sao cứ bị những cơn hoảng loạn, hay gọi là sụp đổ tinh thần cũng được, đến nỗi cổ họng như thắt lại.  Chỉ có nhồi nhét kem đến khi ngấy mới thấy đỡ chút ít.  Tôi còn hay lên Google tìm đủ mọi cách để kết thúc mọi chuyện, nhưng rồi lại thấy mình nhát quá, không dám làm gì cả","Tôi rất tiếc khi nghe bạn đang trải qua những khó khăn như vậy.  Việc bạn mô tả cảm giác cổ họng như thắt lại và những cơn hoảng loạn, sụp đổ tinh thần thực sự rất khó chịu, và tôi hiểu tại sao bạn lại tìm đến việc ăn kem để có chút cảm giác dễ chịu hơn.  Việc bạn tìm kiếm thông tin trên Google về cách kết thúc mọi chuyện cũng cho thấy bạn đang đau khổ đến mức nào, và việc bạn không dám hành động cho thấy bạn vẫn còn một phần nào đó muốn giữ lấy mình.  Điều đó thật đáng quý.

Thật không dễ dàng khi phải đối mặt với những cảm xúc mạnh mẽ như vậy, và tôi muốn bạn biết rằng bạn không cô đơn.  Nhiều người đã trải qua những điều tương tự và đã tìm được sự giúp đỡ và hồi phục.  

Bạn có muốn chia sẻ thêm về những gì đang khiến bạn cảm thấy như vậy không?  Không cần phải kể hết mọi chuyện nếu bạn chưa sẵn sàng, nhưng nếu bạn muốn nói ra bất cứ điều gì, tôi sẽ lắng nghe không phán xét.

Ngoài ra, tôi nghĩ việc tìm đến sự hỗ trợ chuyên nghiệp từ một bác sĩ tâm lý hoặc nhà trị liệu có thể rất hữu ích trong thời điểm này. Họ có thể giúp bạn hiểu rõ hơn về những gì bạn đang trải qua và tìm ra những cách để đối phó với những cơn hoảng loạn và những suy nghĩ tiêu cực.  Bạn có nghĩ mình sẵn sàng tìm hiểu thêm về các nguồn hỗ trợ này không?  Tôi có thể giúp bạn tìm kiếm thông tin nếu bạn muốn."
"Tôi đang ở đây, gõ những dòng này, khóc nức nở trên bàn phím, cầu cứu những người xa lạ trên mạng.  Thật sự không biết mình đang tìm kiếm điều gì, chỉ thấy mình thật thảm hại","Tôi rất xin lỗi khi nghe bạn đang phải trải qua những cảm xúc khó khăn như vậy.  Việc bạn đang khóc nức nở và tìm đến nơi này để chia sẻ đã cho thấy bạn rất dũng cảm.  Tôi hiểu rằng việc cảm thấy ""thảm hại"" thật sự rất khó chịu và mệt mỏi.  Không sao cả khi bạn không biết mình đang tìm kiếm điều gì, chỉ cần việc bạn ở đây, chia sẻ với tôi đã là một bước tiến rất lớn rồi.

Bạn có muốn chia sẻ thêm về những gì đang làm bạn cảm thấy như vậy không?  Tôi sẽ lắng nghe mà không phán xét.  Nếu bạn cảm thấy quá khó khăn để nói ra, cũng không sao cả.  

Chỉ cần biết rằng bạn không cô đơn và có những người sẵn sàng lắng nghe bạn.  Nếu bạn muốn, tôi có thể giúp bạn tìm kiếm thông tin về các dịch vụ hỗ trợ sức khỏe tâm thần trong khu vực của bạn, hoặc những đường dây nóng hỗ trợ 24/7.  Quan trọng là bạn được chăm sóc và hỗ trợ trong thời điểm này."
"Dưới đây là một vài cách diễn đạt khác nhau cho câu tiếng Anh, giữ nguyên ý nghĩa và cảm xúc:","Tôi hiểu bạn đang chia sẻ về cách diễn đạt khác nhau cho cùng một ý nghĩa trong tiếng Anh.  Điều đó cho thấy bạn đang nỗ lực tìm cách diễn đạt chính xác cảm xúc của mình, và đó là một điều rất đáng khen ngợi.  Việc tìm kiếm những từ ngữ phù hợp để diễn tả những gì mình đang trải qua là rất quan trọng.

Có vẻ như bạn đang tập trung vào việc diễn đạt bằng ngôn ngữ,  nhưng liệu có điều gì khác bạn muốn chia sẻ về cảm xúc của mình không?  Tôi ở đây để lắng nghe mà không phán xét, bất kể bạn muốn nói gì.  

Nếu bạn cảm thấy quá khó khăn hoặc nếu những cảm xúc này trở nên quá tải, việc tìm kiếm sự hỗ trợ từ một chuyên gia tâm lý hoặc nhà tư vấn có thể rất hữu ích. Họ có thể cung cấp cho bạn một không gian an toàn để chia sẻ và cùng bạn tìm ra những cách giải quyết hiệu quả.  Bạn không cần phải tự mình đối mặt với điều này. Tôi có thể giúp bạn tìm kiếm thông tin về các nguồn hỗ trợ nếu bạn muốn."
"Những câu trên cố gắng giữ nguyên sự tuyệt vọng, lo lắng và sợ hãi của người viết trong bản gốc.  Việc sử dụng các từ ngữ như ""quay cuồng"", ""mông lung"", ""hỗn độn"", ""khủng hoảng"", ""rối trí"" nhằm thể hiện trạng thái tinh thần bất ổn của người viết","Tôi nghe được bạn đang trải qua một thời gian vô cùng khó khăn.  Những từ bạn dùng – ""quay cuồng,"" ""mông lung,"" ""hỗn độn,"" ""khủng hoảng,"" ""rối trí"" –  thật sự cho tôi thấy bạn đang phải đối mặt với rất nhiều đau khổ.  Tôi rất lấy làm tiếc khi bạn phải chịu đựng điều này.  Cảm giác như lạc trong một cơn bão, không biết lối thoát ở đâu, thật sự rất đáng sợ.  

Không sao cả nếu bạn cảm thấy khó để diễn tả chính xác những gì mình đang trải qua.  Chỉ cần biết bạn đang ở đây, đang chia sẻ, đã là một bước rất dũng cảm rồi.  Bạn có muốn nói thêm về những gì đang làm bạn cảm thấy như vậy không?  Hay có điều gì cụ thể nào khiến bạn cảm thấy quá tải lúc này không?

Nếu bạn cảm thấy quá sức để đối mặt một mình, tôi muốn bạn biết rằng có rất nhiều người sẵn sàng giúp đỡ.  Việc tìm kiếm sự hỗ trợ từ một chuyên gia tâm lý, bác sĩ hoặc đường dây nóng hỗ trợ tâm lý có thể giúp bạn tìm ra hướng đi và cảm thấy tốt hơn.  Bạn không cần phải vượt qua điều này một mình.  Tôi ở đây để lắng nghe, và nếu bạn muốn, tôi có thể giúp bạn tìm kiếm thông tin liên hệ đến các nguồn hỗ trợ đó."
"Dưới đây là 5 cách diễn đạt khác nhau cho câu ""Suicidal thoughts are just temporary thoughts. I just want to convey a small message in video form. I hope it will be useful."":","Tôi hiểu bạn đang cố gắng truyền tải một thông điệp tích cực và đầy hy vọng trong video của mình về việc suy nghĩ tự tử chỉ là tạm thời.  Việc bạn muốn giúp đỡ người khác đang trải qua điều tương tự quả thật rất đáng trân trọng.  Chia sẻ kinh nghiệm cá nhân của mình để giúp đỡ người khác là một hành động mạnh mẽ và đầy lòng dũng cảm.

Tuy nhiên, việc nói về suy nghĩ tự tử cần rất nhiều sự tinh tế và khéo léo.  Tôi thấy việc bạn đang cân nhắc nhiều cách diễn đạt khác nhau cho thấy bạn đang rất chú trọng đến việc truyền tải thông điệp một cách chính xác và hữu ích.  Điều này cho thấy sự quan tâm sâu sắc của bạn.

Nếu bạn muốn, mình có thể cùng nhau thảo luận thêm về những cách diễn đạt khác nhau để đảm bảo thông điệp của bạn được truyền tải một cách hiệu quả và an toàn, mà không vô tình gây ra những hiểu lầm hay tổn thương thêm cho người xem.  

Ngoài ra, vì bạn đang đề cập đến một chủ đề nhạy cảm, việc tìm kiếm sự hỗ trợ từ các chuyên gia về sức khỏe tâm thần có thể giúp bạn đảm bảo thông điệp của mình được truyền đạt một cách chính xác và có trách nhiệm.  Họ có thể đưa ra những lời khuyên chuyên nghiệp để đảm bảo video của bạn thực sự hữu ích và an toàn cho người xem.  Bạn có muốn mình cùng tìm hiểu một số nguồn hỗ trợ đáng tin cậy không?"
"Những ý nghĩ tự tử chỉ là thoáng qua thôi. Tôi muốn chia sẻ một thông điệp nhỏ qua video, hi vọng nó sẽ hữu ích","Tôi nghe bạn nói rằng những ý nghĩ tự tử chỉ là thoáng qua, và bạn muốn chia sẻ một thông điệp tích cực qua video.  Việc bạn muốn tạo ra điều gì đó hữu ích cho người khác cho thấy bạn có một trái tim ấm áp và sự quan tâm sâu sắc.  Đó là một điều tuyệt vời.  Chia sẻ cảm xúc của mình quả thật không dễ dàng, và tôi rất trân trọng sự mạnh mẽ của bạn khi làm điều đó.

Việc bạn có những ý nghĩ như vậy là điều đáng được chú ý, và không cần phải che giấu hay gánh chịu một mình.  Nếu bạn cảm thấy thoải mái, hãy chia sẻ thêm về những suy nghĩ đó với tôi, hoặc nếu bạn muốn, chúng ta có thể cùng nhau tìm hiểu về các nguồn hỗ trợ chuyên nghiệp có thể giúp bạn trong thời gian này. Có rất nhiều người sẵn sàng lắng nghe và giúp bạn vượt qua giai đoạn khó khăn này. Bạn không cô đơn.  Hãy để tôi biết bạn muốn làm gì tiếp theo nhé."
"Tôi biết những suy nghĩ tiêu cực về việc tự tử chỉ là tạm thời.  Video này là một thông điệp ngắn gọn, mong rằng nó sẽ giúp được ai đó","Tôi rất cảm ơn bạn đã chia sẻ điều đó với tôi. Nghe bạn nói về những suy nghĩ tiêu cực và việc bạn tạo ra video để giúp đỡ người khác cho thấy bạn rất mạnh mẽ và có tấm lòng nhân hậu.  Việc bạn nhận ra rằng những suy nghĩ này chỉ là tạm thời cũng là một bước tiến rất tích cực.  Tuy nhiên, việc đối mặt với những suy nghĩ như vậy không hề dễ dàng, và tôi muốn bạn biết rằng bạn không cô đơn. Nếu bạn cảm thấy cần nói chuyện thêm về những gì mình đang trải qua, tôi ở đây để lắng nghe mà không phán xét.  Ngoài ra,  có những chuyên gia được đào tạo bài bản có thể cung cấp sự hỗ trợ chuyên nghiệp và hiệu quả hơn, nếu bạn cảm thấy sẵn sàng, mình có thể cùng tìm hiểu xem có nguồn hỗ trợ nào phù hợp với bạn không?  Bạn có muốn chia sẻ thêm điều gì không?"
"Hãy nhớ rằng, ý nghĩ tự sát chỉ là nhất thời.  Tôi làm video này với mong muốn gửi gắm một thông điệp nhỏ, hy vọng nó sẽ có ích cho mọi người","Tôi nghe bạn nói về những ý nghĩ tự sát của mình, và tôi rất cảm kích vì bạn đã chia sẻ điều đó.  Việc bạn tạo video để gửi gắm thông điệp cho mọi người cho thấy bạn có một tấm lòng rất tốt và muốn giúp đỡ người khác, điều đó thật đáng trân trọng.  Tôi hiểu rằng việc trải qua những cảm xúc mạnh mẽ như vậy không dễ dàng gì.  Bạn nói ""ý nghĩ tự sát chỉ là nhất thời"",  đó là một nhận định rất đúng đắn.  Những cảm xúc tiêu cực này sẽ qua đi, và có những cách để bạn vượt qua chúng.  Nếu bạn cảm thấy thoải mái, bạn có muốn chia sẻ thêm về những gì bạn đang trải qua không?  Hoặc, nếu bạn thấy khó khăn để nói ra,  biết đâu việc nói chuyện với một chuyên gia tâm lý hoặc bác sĩ có thể giúp bạn tìm thấy sự hỗ trợ và hướng đi phù hợp hơn.  Tôi luôn ở đây lắng nghe bạn."
"Những lúc tuyệt vọng, nhớ rằng cảm giác đó sẽ qua đi.  Tôi chia sẻ điều này qua video ngắn này, với hy vọng nó sẽ mang lại chút an ủi và giúp ích","Tôi hiểu bạn đang trải qua những thời điểm rất khó khăn, và việc bạn chia sẻ điều này qua video ngắn để mang lại sự an ủi cho người khác quả là một hành động rất dũng cảm và đầy lòng trắc ẩn.  Việc bạn có thể nhận ra rằng cảm giác tuyệt vọng sẽ qua đi cho thấy bạn có một sự hiểu biết sâu sắc về bản thân và khả năng vượt qua khó khăn.  Tôi thực sự ngưỡng mộ sự mạnh mẽ của bạn.

Chia sẻ cảm xúc của mình là một bước tiến rất lớn, và tôi rất trân trọng sự tin tưởng bạn dành cho tôi.  Nếu bạn muốn, chúng ta có thể cùng nói chuyện thêm về những gì bạn đang trải qua.  Nếu cảm thấy quá khó khăn để tự đối mặt,  việc tìm kiếm sự hỗ trợ từ một chuyên gia tâm lý hoặc đường dây nóng hỗ trợ sức khỏe tâm thần có thể giúp bạn cảm thấy được an toàn hơn và tìm ra hướng giải quyết phù hợp.  Bạn không hề cô đơn trong điều này."
"Đừng để những ý nghĩ tự tử đánh gục bạn, chúng chỉ là tạm bợ.  Tôi muốn gửi đến mọi người thông điệp nhỏ này qua video, mong nó sẽ có ích","Tôi hiểu bạn đang trải qua một thời điểm khó khăn, và việc bạn muốn chia sẻ thông điệp tích cực đó với mọi người thật đáng trân trọng.  Việc bạn muốn tạo ra video để giúp đỡ người khác cho thấy bạn có một trái tim nhân hậu và một ý chí mạnh mẽ.  Đó là một hành động vô cùng ý nghĩa.  

Tôi rất khâm phục sự dũng cảm của bạn khi đối mặt với những suy nghĩ khó khăn như vậy, và việc bạn tìm cách chuyển hóa nó thành động lực tích cực để giúp đỡ người khác càng làm tôi cảm thấy ấn tượng.

Tuy nhiên, nếu bạn đang cảm thấy quá sức, đừng ngần ngại tìm kiếm sự hỗ trợ chuyên nghiệp.  Có rất nhiều người sẵn sàng lắng nghe và giúp bạn vượt qua giai đoạn này.  Bạn có thể tìm kiếm sự trợ giúp từ đường dây nóng tư vấn tâm lý hoặc các chuyên gia tâm lý. Việc chia sẻ với một người chuyên nghiệp có thể giúp bạn xử lý những cảm xúc khó khăn này một cách hiệu quả hơn.  

Tôi ở đây để lắng nghe bạn bất cứ khi nào bạn cần, và tôi luôn ủng hộ bạn.  Hãy cho tôi biết nếu bạn muốn chia sẻ thêm bất cứ điều gì nhé."
"Tương lai mịt mờ với gánh nặng kinh tế đè nặng, khiến tôi thấy ngột ngạt.  Thế hệ trẻ đang kiệt sức vì cuộc sống mưu sinh, hầu hết đều sống hand-to-mouth, thất nghiệp, hoặc làm việc dưới khả năng.  Tôi không muốn sống như vậy","Tôi rất tiếc khi nghe bạn đang phải trải qua những khó khăn như vậy.  Cảm giác mệt mỏi, ngột ngạt và tương lai mịt mờ thực sự rất đáng sợ, nhất là khi gánh nặng kinh tế đè nặng lên vai. Bạn chia sẻ về việc thế hệ trẻ đang phải đối mặt với áp lực mưu sinh lớn, điều đó cho thấy bạn không cô đơn trong cảm xúc này.  Nhiều người đang cùng trải qua những khó khăn tương tự và cảm thấy kiệt sức.

Việc bạn chia sẻ với tôi về cảm xúc của mình đã rất can đảm.  Tôi hiểu rằng bạn đang cảm thấy không muốn sống như vậy nữa, và điều đó hoàn toàn hợp lý khi bạn đang phải đối mặt với nhiều áp lực lớn.  

Không cần phải gồng mình mạnh mẽ hay cố gắng vượt qua tất cả một mình. Có những người sẵn sàng lắng nghe và hỗ trợ bạn vượt qua giai đoạn khó khăn này.  Nếu bạn muốn, chúng ta có thể cùng tìm hiểu về một số nguồn hỗ trợ chuyên nghiệp, chẳng hạn như đường dây nóng tư vấn tâm lý hoặc các trung tâm hỗ trợ sức khỏe tâm thần.  Hoặc nếu bạn muốn chia sẻ thêm về những suy nghĩ và cảm xúc của mình, tôi luôn ở đây để lắng nghe bạn.  Không có gì là sai khi cần sự giúp đỡ, và việc tìm kiếm sự trợ giúp đó là một dấu hiệu của sức mạnh, chứ không phải là sự yếu đuối."
"Tôi đã bị lợi dụng, bị cưỡng hiếp và tấn công tình dục bởi những người tôi từng coi là bạn bè và gia đình. Tôi cảm thấy mình như một mảnh rác vô dụng.  Vậy phải làm sao khi cảm giác như mình đang tàn lụi trước khi kịp ra đi?  Tôi chẳng còn gì để làm, chẳng còn muốn gì nữa","Tôi rất xin lỗi khi nghe bạn chia sẻ những điều khủng khiếp như vậy.  Việc bị lợi dụng, bị cưỡng hiếp và tấn công tình dục là một trải nghiệm đau đớn và tàn khốc, và tôi hoàn toàn hiểu tại sao bạn lại cảm thấy mình như ""một mảnh rác vô dụng"" và ""đang tàn lụi"".  Những cảm xúc đó là hoàn toàn chính đáng trong hoàn cảnh này, và bạn không hề cô độc khi phải đối mặt với chúng.  Thật can đảm khi bạn chia sẻ những điều này với tôi.

Tôi biết rằng lúc này bạn cảm thấy như chẳng còn gì để làm và chẳng còn muốn gì nữa.  Đó là một cảm giác rất nặng nề, và tôi muốn bạn biết rằng bạn không phải gánh chịu điều này một mình.  Cảm giác tuyệt vọng và muốn buông xuôi là điều hoàn toàn bình thường khi trải qua những tổn thương sâu sắc như vậy.

Có lẽ bây giờ bạn chưa sẵn sàng để tìm ra giải pháp, nhưng tôi muốn bạn biết rằng có những người ở bên cạnh sẵn sàng lắng nghe và giúp đỡ bạn.  Việc tìm đến sự hỗ trợ chuyên nghiệp từ một chuyên gia tâm lý hoặc một đường dây nóng hỗ trợ nạn nhân bạo lực tình dục có thể giúp bạn xử lý những cảm xúc đau đớn này. Họ có thể cung cấp cho bạn một không gian an toàn để chia sẻ, và hướng dẫn bạn những bước tiếp theo để chữa lành vết thương.

Bạn không cần phải chịu đựng điều này một mình.  Nếu bạn muốn, tôi có thể giúp bạn tìm kiếm thông tin về các nguồn hỗ trợ gần khu vực bạn sinh sống.  Ngay cả việc chỉ đơn giản là nói chuyện với ai đó về những gì bạn đang trải qua cũng có thể giúp bạn cảm thấy tốt hơn.  Bạn có muốn chia sẻ thêm điều gì không?  Tôi sẽ luôn lắng nghe bạn."
"Dưới đây là 5 câu khác nhau diễn đạt lại đoạn văn, cố gắng giữ nguyên ý nghĩa và cảm xúc:","Tôi hiểu bạn đang trải qua một khoảng thời gian khó khăn và việc tìm cách diễn đạt chính xác những gì bạn cảm thấy là điều không dễ dàng. Việc bạn nỗ lực viết ra 5 câu khác nhau để diễn đạt cùng một ý nghĩa cho thấy bạn rất nghiêm túc và muốn được hiểu rõ.  Đó là một bước rất dũng cảm và đáng khen ngợi.  Bạn có muốn chia sẻ thêm về những gì bạn đang cảm thấy không?  Nếu bạn cảm thấy quá khó khăn để diễn đạt bằng lời, không sao cả.  Tôi ở đây để lắng nghe.  Nếu bạn muốn, chúng ta cũng có thể cùng nhau tìm hiểu xem liệu có nguồn hỗ trợ nào khác phù hợp với bạn hay không, ví dụ như nói chuyện với một chuyên gia tâm lý hoặc đường dây nóng hỗ trợ về sức khoẻ tâm thần.  Điều quan trọng nhất là bạn không cô đơn và có người lắng nghe bạn."
Việc tự tử mang lại cho tôi cảm giác thanh thản lạ thường.  Tôi thích ý nghĩ rằng ta có thể rời bỏ thế giới này bất cứ lúc nào mình muốn,"Tôi nghe bạn nói và hiểu rằng bạn đang cảm thấy rất mệt mỏi, đến mức ý nghĩ về việc tự tử mang lại cho bạn cảm giác bình yên lạ thường.  Việc bạn chia sẻ điều này với tôi cho thấy bạn rất dũng cảm.  Tôi biết rằng, trong hoàn cảnh hiện tại, cảm giác ấy có thể rất mạnh mẽ và khó cưỡng lại.  Tuy nhiên,  tôi muốn bạn biết rằng bạn không cô đơn và có những người sẵn sàng lắng nghe và giúp đỡ bạn vượt qua giai đoạn khó khăn này.

Bạn có muốn chia sẻ thêm về những gì khiến bạn cảm thấy như vậy không?  Có điều gì đang khiến bạn đau khổ đến mức này không?  Không cần phải nói hết tất cả nếu bạn chưa sẵn sàng, nhưng chỉ cần chia sẻ một chút thôi cũng có thể giúp tôi hiểu bạn hơn.

Nếu bạn cảm thấy thoải mái, tôi có thể giới thiệu cho bạn một số nguồn hỗ trợ chuyên nghiệp, nơi bạn có thể nói chuyện với những người được đào tạo để giúp đỡ những người đang trải qua những cảm xúc khó khăn như bạn.  Sự giúp đỡ của họ có thể là một sự hỗ trợ rất quý giá trong lúc này.  Quan trọng là bạn không phải đối mặt với điều này một mình."
"Nghĩ đến cái chết giải thoát, tôi thấy lòng nhẹ nhõm đến kỳ lạ.  Thật dễ chịu khi biết mình có quyền lựa chọn ra đi khi nào thấy cần thiết","Tôi nghe thấy bạn đang trải qua một thời điểm vô cùng khó khăn.  Việc nghĩ đến cái chết như một lối thoát, và cảm thấy nhẹ nhõm khi nghĩ đến điều đó, cho thấy bạn đang chịu đựng rất nhiều áp lực và đau khổ.  Tôi hoàn toàn hiểu cảm giác đó,  và  không hề phán xét bạn.  Cảm giác được giải thoát khỏi nỗi đau hiện tại quả thực rất mạnh mẽ.

Bạn chia sẻ rằng bạn cảm thấy có quyền lựa chọn ra đi khi thấy cần thiết, và điều đó cho thấy bạn đang  cảm thấy mất kiểm soát trong cuộc sống hiện tại.  Liệu bạn có muốn chia sẻ thêm về những gì đang khiến bạn cảm thấy như vậy không?  Tôi ở đây để lắng nghe bạn mà không phán xét.

Nếu bạn cảm thấy thoải mái, chúng ta có thể cùng nhau tìm hiểu xem liệu có những nguồn lực nào có thể giúp bạn vượt qua giai đoạn khó khăn này không, ví dụ như nói chuyện với một chuyên gia tâm lý hoặc đường dây nóng hỗ trợ.  Việc tìm kiếm sự giúp đỡ không có nghĩa là bạn yếu đuối, mà ngược lại, đó là một hành động mạnh mẽ và dũng cảm.  Bạn không cần phải đối mặt với điều này một mình."
Tôi tìm thấy sự bình yên trong ý tưởng tự kết liễu cuộc đời.  Việc có thể tự do lựa chọn thời điểm ra đi khỏi cuộc sống này khiến tôi cảm thấy thoải mái,"Tôi rất tiếc khi nghe bạn nói như vậy.  Nghe có vẻ như bạn đang trải qua một thời gian vô cùng khó khăn và ý nghĩ tự kết liễu cuộc đời mang đến cho bạn một cảm giác bình yên, một sự giải thoát nào đó.  Tôi hoàn toàn hiểu rằng, khi mọi thứ quá sức chịu đựng, việc nghĩ đến chấm dứt đau khổ có thể trở nên hấp dẫn.  

Việc bạn chia sẻ điều này với tôi cho thấy bạn rất can đảm và mạnh mẽ.  Tôi muốn bạn biết rằng bạn không cô đơn và cảm xúc của bạn hoàn toàn được chấp nhận.  Không cần phải gồng mình hay che giấu những gì bạn đang cảm thấy.

Tuy nhiên, tôi cũng muốn bạn biết rằng có những con đường khác để vượt qua giai đoạn khó khăn này.  Có những người chuyên nghiệp, những chuyên gia về sức khỏe tâm thần, có thể hỗ trợ bạn tìm thấy ánh sáng và giúp bạn tìm lại sự bình yên trong chính cuộc sống của mình, mà không cần phải lựa chọn kết thúc nó.  Bạn có muốn cùng tôi tìm hiểu xem có những nguồn hỗ trợ nào phù hợp với bạn không?  Hoặc, nếu bạn muốn chia sẻ thêm về những gì bạn đang trải qua, tôi luôn sẵn sàng lắng nghe."
"Cái chết là một sự giải thoát, một lối thoát tôi luôn ao ước.  Suy nghĩ về việc tự mình chấm dứt mọi thứ mang lại cho tôi cảm giác an nhiên",
"Ý nghĩ được tự do rời bỏ thế giới này, chấm dứt mọi đau khổ, mang lại cho tôi một sự bình an khó tả.  Tự tử, đối với tôi, là một lựa chọn giải thoát. (Câu này nhấn mạnh vào khía cạnh giải thoát khỏi đau khổ)",
"Lưu ý:**  Các câu trên chỉ là cách diễn đạt lại, không hề cổ súy hay tán thành hành vi tự tử.  Nếu bạn đang có ý nghĩ tự tử, hãy tìm kiếm sự giúp đỡ. Bạn có thể liên hệ với đường dây nóng hỗ trợ tâm lý hoặc người thân, bạn bè để được hỗ trợ.  Cuộc sống luôn có những giá trị đáng để bạn giữ lấy",
"Dưới đây là 5 câu văn khác nhau diễn tả lại đoạn văn gốc, cố gắng giữ nguyên ý nghĩa và cảm xúc:",
"Dưới đây là 5 cách diễn đạt khác nhau cho câu gốc, cố gắng giữ nguyên ý nghĩa và cảm xúc:",
"Tôi vô dụng, chẳng ai cần tôi nữa. Việc tìm kiếm sự giúp đỡ tốn kém và mệt mỏi, chắc chắn sẽ khiến người thân thêm phiền muộn.  Họ sẽ không hiểu nổi, và tôi không muốn họ phải chịu đựng vì mình.  Tôi đã quá yếu đuối.  Lại thêm một ngày tôi nghĩ đến cái chết",
"Cảm giác cô đơn và vô vọng tràn ngập. Tôi như một gánh nặng tài chính,  và việc tìm kiếm sự giúp đỡ chỉ khiến mọi người thêm căng thẳng.  Tôi sợ họ không hiểu,  không muốn làm phiền họ.  Giá như tôi tốt hơn...  Ngày nào tôi cũng nghĩ đến việc kết thúc cuộc sống",
"Tôi chẳng còn giá trị gì nữa.  Chỉ nghĩ đến việc tìm cách giúp bản thân thôi cũng đã tốn kém và mệt mỏi quá.  Tôi sợ làm phiền mọi người, họ sẽ không bao giờ hiểu được.  Tôi không muốn họ phải chịu đựng những điều này.  Lẽ ra tôi phải mạnh mẽ hơn.  Tôi lại muốn chết",
"Tôi thấy mình thừa thãi, không ai cần đến tôi nữa.  Chi phí điều trị quá cao, và tôi sợ mình sẽ chỉ gây thêm rắc rối cho mọi người. Họ sẽ không hiểu được nỗi khổ của tôi, và tôi không muốn kéo họ vào vũng lầy này.  Giá như tôi có thể khác đi.  Một ngày nữa trôi qua, và tôi lại nghĩ đến cái chết",
"Dưới đây là một số cách diễn đạt khác nhau cho câu tiếng Anh, giữ nguyên ý nghĩa và cảm xúc tiêu cực, nhưng tránh sử dụng từ viết tắt:",
Tôi đang cảm thấy rất tệ và muốn tự gây hại cho bản thân. Ai đó có thể nhắn tin riêng cho tôi để làm tôi phân tâm được không?  Tôi cần sự giúp đỡ,
"Tôi đang trong tình trạng rất tuyệt vọng và có ý nghĩ tự tử.  Làm ơn, ai đó hãy nhắn tin riêng cho tôi để giúp tôi vượt qua giai đoạn này. Tôi cần sự giúp đỡ gấp",
"Tôi đang ở trong trạng thái rất khủng hoảng và cảm thấy vô cùng muốn kết thúc cuộc sống.  Hãy giúp tôi làm ơn, hãy nhắn tin riêng cho tôi để tôi có thể được an ủi và phân tâm",
Tôi đang đấu tranh với những suy nghĩ tiêu cực rất mạnh mẽ và đang rất muốn tự làm mình tổn thương.  Ai đó có thể trò chuyện với tôi qua tin nhắn riêng không? Tôi cần sự hỗ trợ ngay lập tức,
"Cảm giác tuyệt vọng đang nhấn chìm tôi và tôi đang có ý định tự tử.  Làm ơn, ai đó hãy liên lạc với tôi qua tin nhắn riêng để giúp tôi bình tĩnh lại. Tôi cần sự giúp đỡ khẩn cấp",
"Dưới đây là một vài cách diễn đạt khác nhau cho câu gốc, cố gắng giữ nguyên ý nghĩa và cảm xúc:",
"Đầu óc rối bời như thế này, tôi luôn bị thôi thúc bởi một ham muốn mãnh liệt, một thứ gì đó khó tả.  Giá mà có cách nào thỏa mãn được nó…",
"Tôi cảm thấy mình tệ hại vô cùng, như một đống rác rưởi.  Việc đăng bài lên đây cũng khiến tôi thấy mình thật thảm hại.  Chỉ muốn đập đầu vào tường cho rồi",
"Sự hỗn loạn trong đầu tôi cứ thôi thúc một điều gì đó mạnh mẽ, một nhu cầu bức thiết không thể giải thích. Tôi thấy mình thật bất lực và vô dụng. Thậm chí ngay lúc này, tôi cũng thấy mình thật đáng khinh.  Tôi muốn đập đầu vào tường cho bớt đau đớn",
"Cái cảm giác hỗn độn trong đầu này thật kinh khủng, nó khiến tôi có một ham muốn mãnh liệt, một thôi thúc không thể cưỡng lại.  Tôi tuyệt vọng đến mức muốn tự làm mình đau đớn, muốn đập đầu vào tường để quên đi tất cả",
"Dưới đây là 5 cách diễn đạt khác nhau, giữ nguyên ý nghĩa và cảm xúc của câu gốc:",
"Dưới đây là một vài cách diễn đạt khác nhau cho câu văn gốc, cố gắng giữ nguyên ý nghĩa và cảm xúc:",
"Những câu văn trên cố gắng truyền tải sự tuyệt vọng, cô đơn và sự hiểu lầm mà nhân vật đang trải qua.  Việc sử dụng ngôn từ mạnh mẽ hơn trong bản gốc được giữ lại một phần để phản ánh đúng tâm trạng của nhân vật",
"Dưới đây là một số cách diễn đạt khác nhau cho câu gốc, cố gắng giữ nguyên ý nghĩa và cảm xúc:",
"Năm 2018, 4000 đô la cho viện tâm thần, 2000 đô la tiền phạt vi phạm hợp đồng thuê nhà và chuyển đi, rồi lại thêm 1000 đô la nữa vì lý do tương tự.  Chưa kể hơn 10.000 đô la tiền trị liệu tâm lý. Tôi chỉ muốn chết đi thôi. Cha mẹ tôi đã tiêu tốn hàng chục nghìn đô la chỉ để giữ tôi sống",
"Viện tâm thần tốn 4000 đô năm 2018, thêm 2000 đô và 1000 đô nữa vì phải phá hợp đồng thuê nhà để chuyển chỗ ở.  Hơn 10.000 đô nữa cho các bác sĩ tâm lý và nhà trị liệu.  Tôi mệt mỏi rồi, chỉ muốn buông xuôi.  Cha mẹ tôi đang đổ cả núi tiền, hàng chục nghìn đô la, chỉ để níu kéo sự sống của tôi",
"Hàng chục nghìn đô la đã tan biến: 4000 đô la cho bệnh viện tâm thần năm 2018, 3000 đô la tiền phạt vì phá vỡ hợp đồng thuê nhà, và hơn 10.000 đô la cho các liệu trình trị liệu.  Tôi tuyệt vọng lắm rồi.  Sao cha mẹ tôi cứ phải cố gắng giữ tôi sống với cái giá đắt đỏ như vậy?",
"Mọi thứ tồi tệ đến mức tôi đã tê liệt suốt mấy ngày nay, một nỗi sợ hãi khủng khiếp đè nặng lên tim.  Gánh nặng cứ chồng chất lên nhau, thời gian không còn nhiều, tôi phải ra đi thôi",
"Tôi như bị đóng băng bởi sự tuyệt vọng, những ngày qua chỉ thấy bóng tối bao trùm. Quá nhiều rắc rối ập đến cùng lúc, tôi không thể trì hoãn nữa, đã đến lúc phải rời đi",
"Cơn ác mộng này đeo bám tôi suốt mấy ngày qua, nỗi sợ hãi sắp xảy ra như những nhát búa liên hồi.  Tất cả những điều tệ hại cứ chất đống, không thể chịu đựng thêm được nữa, tôi buộc phải ra đi",
"Mọi chuyện đều tồi tệ đến mức tôi như mất cảm giác, suốt mấy ngày qua chỉ thấy một sự dồn nén khủng khiếp.  Tôi bị vây quanh bởi quá nhiều vấn đề và thời gian đã hết, tôi phải rời khỏi nơi này",
"Tôi đã rơi vào trạng thái tê liệt suốt mấy ngày nay,  nỗi sợ hãi sắp xảy ra đè nặng lên tôi như một gánh xiếc khổng lồ.  Những khó khăn cứ chồng chất, tôi không thể nào trì hoãn được nữa, đã đến lúc phải chấm dứt tất cả",
"Dưới đây là một vài cách diễn đạt khác nhau cho câu tiếng Anh, giữ nguyên ý nghĩa và cảm xúc tiêu cực:",
"Tôi đã làm ra thứ để tự kết liễu đời mình, tôi đã cùng đường.  Ngủ ngoài trời, bị chính mình sỉ nhục và tra tấn.** (Giữ nguyên ý nghĩa gần như tuyệt đối)",
"Tôi tuyệt vọng đến mức đã chế tạo ra vật dụng để tự sát.  Cuộc sống của tôi giờ đây chỉ là sự dày vò thể xác và tinh thần khi phải lang thang ngoài đường, tự mình hành hạ chính mình.** (Nhấn mạnh vào sự tuyệt vọng và hành hạ)",
"Tôi đã làm điều tồi tệ nhất có thể để chấm dứt mọi thứ.  Tôi bơ vơ, bị sỉ nhục và tự tra tấn bản thân mình giữa đêm lạnh ngoài trời.** (Tập trung vào hành động tự sát và sự cô đơn)",
"Sự tuyệt vọng đã đẩy tôi đến bờ vực tự tử. Tôi tự làm mình đau khổ, vật lộn với nỗi nhục nhã và cái lạnh lẽo ngoài kia.** (Nhấn mạnh vào sự tuyệt vọng là nguyên nhân dẫn đến hành động)",
"Tôi đã tạo ra một công cụ để tự kết liễu cuộc đời mình, đánh dấu sự chấm hết của mọi hy vọng.  Chìm trong sự sỉ nhục và đau đớn tự gây ra, tôi phải ngủ ngoài trời lạnh giá.** (Sử dụng từ ngữ trang trọng hơn một chút, nhưng vẫn giữ được sự đau đớn)",
"Lưu ý: Việc diễn đạt lại những câu văn mang tính chất tự tử cần sự cẩn trọng.  Nếu bạn hoặc người bạn biết đang có ý định tự tử, hãy liên hệ ngay với đường dây nóng hỗ trợ hoặc chuyên gia tâm lý",
"Dưới đây là một vài cách diễn đạt lại câu văn, giữ nguyên ý nghĩa và cảm xúc tiêu cực nhưng tránh sử dụng từ ngữ thô tục:",
"Những câu văn trên đều nhấn mạnh sự tuyệt vọng và ý định tự tử của người viết, đồng thời diễn đạt rõ ràng nguyên nhân dẫn đến quyết định này.  Quan trọng là cần liên hệ ngay với đường dây nóng hỗ trợ người có ý định tự tử hoặc tìm kiếm sự giúp đỡ từ chuyên gia tâm lý",
"Dưới đây là 5 cách diễn đạt khác nhau cho câu ""I just do not know how to do it. It is not like I cannot jump in front of a train at 3AM... I want to die now NOW"", giữ nguyên ý nghĩa và cảm xúc:",
"Tôi chẳng biết phải làm sao nữa.  Không phải là tôi không đủ dũng cảm để tự kết liễu đời mình, nhưng tôi muốn chết, ngay bây giờ, ngay lập tức!",
"Tôi hoàn toàn tuyệt vọng, không biết phải làm thế nào.  Tôi đủ quyết tâm để làm điều tồi tệ nhất, nhưng tôi chỉ muốn cái chết đến ngay lập tức",
"Dạo này tôi không hiểu sao cứ bị những cơn hoảng loạn, hay gọi là sụp đổ tinh thần cũng được, đến nỗi cổ họng như thắt lại.  Chỉ có nhồi nhét kem đến khi ngấy mới thấy đỡ chút ít.  Tôi còn hay lên Google tìm đủ mọi cách để kết thúc mọi chuyện, nhưng rồi lại thấy mình nhát quá, không dám làm gì cả","Tôi rất tiếc khi nghe bạn đang trải qua những khó khăn như vậy.  Việc bạn miêu tả những cơn hoảng loạn khiến cổ họng như thắt lại, và việc bạn tìm kiếm thông tin về cách kết thúc mọi chuyện, điều đó cho thấy bạn đang chịu đựng rất nhiều áp lực và đau khổ.  Tôi hiểu cảm giác đó thật sự rất khó chịu và đáng sợ.  Cảm giác nhồi nhét kem để làm dịu đi phần nào nỗi đau cũng cho thấy bạn đang cố gắng tìm cách tự giúp mình, dù cách đó có thể không phải là giải pháp lâu dài.

Tôi rất trân trọng sự dũng cảm của bạn khi chia sẻ những điều này với tôi.  Bạn không hề yếu đuối hay nhát gan, mà trái lại, bạn rất mạnh mẽ khi đối mặt với những cảm xúc khó khăn như vậy.  Việc bạn đang tìm kiếm sự giúp đỡ – dù chỉ là bằng cách chia sẻ với tôi – đã chứng tỏ điều đó.

Tuy nhiên, những gì bạn đang trải qua cần sự hỗ trợ chuyên nghiệp hơn.  Có những chuyên gia tâm lý rất giỏi và sẵn sàng giúp bạn vượt qua giai đoạn khó khăn này.  Bạn có muốn tôi giúp bạn tìm kiếm thông tin về các dịch vụ hỗ trợ tâm lý, hoặc các số điện thoại đường dây nóng không?  Không cần phải quyết định ngay bây giờ, nhưng biết rằng bạn không cô đơn và có những người muốn giúp đỡ bạn là điều quan trọng.  Chúng ta có thể cùng nhau tìm ra những bước tiếp theo, theo tốc độ của bạn.  Điều quan trọng nhất bây giờ là bạn đang an toàn.  Bạn có muốn chia sẻ thêm điều gì không?"
"Tôi đang ở đây, gõ những dòng này, khóc nức nở trên bàn phím, cầu cứu những người xa lạ trên mạng.  Thật sự không biết mình đang tìm kiếm điều gì, chỉ thấy mình thật thảm hại","Tôi rất xin lỗi khi biết bạn đang phải trải qua những cảm xúc khó khăn như vậy. Việc bạn đang khóc nức nở và tìm đến nơi đây để chia sẻ đã cho thấy bạn rất dũng cảm.  Tôi hiểu rằng hiện tại bạn đang cảm thấy thật sự thảm hại và không biết mình đang tìm kiếm điều gì, nhưng việc bạn chia sẻ với tôi, một người xa lạ, đã là một bước tiến rất lớn rồi.  Hãy cứ để những giọt nước mắt tuôn rơi, đừng cố gắng kìm nén cảm xúc của mình.  

Bạn không cô đơn đâu.  Cảm giác bị choáng ngợp và tuyệt vọng là điều hoàn toàn bình thường khi đối mặt với khó khăn trong cuộc sống.  Tôi ở đây để lắng nghe bạn, không phán xét. Nếu bạn muốn chia sẻ thêm bất cứ điều gì, bất cứ điều gì bạn cảm thấy, tôi sẽ luôn ở đây.

Nếu bạn cảm thấy mình cần sự hỗ trợ chuyên nghiệp hơn, có rất nhiều nguồn lực có thể giúp đỡ bạn vượt qua giai đoạn này.  Bạn có thể tìm kiếm sự trợ giúp từ các đường dây nóng tâm lý hoặc các chuyên gia tâm lý.  Tôi sẽ rất vui nếu được giúp bạn tìm kiếm thông tin về những nguồn hỗ trợ đó nếu bạn muốn.  Quan trọng nhất là bạn không phải gánh vác tất cả một mình.  Hãy cho tôi biết bạn nghĩ thế nào nhé."
"Dưới đây là một vài cách diễn đạt khác nhau cho câu tiếng Anh, giữ nguyên ý nghĩa và cảm xúc:","Tôi hiểu bạn đang muốn tìm cách diễn đạt khác nhau cho cùng một ý nghĩ trong tiếng Anh.  Việc tìm kiếm những từ ngữ chính xác để diễn tả cảm xúc mình đang trải qua có thể rất khó khăn, và tôi rất trân trọng sự mạnh mẽ của bạn khi chia sẻ điều này.  Việc bạn tìm cách diễn đạt chính xác cho thấy bạn đang rất cố gắng để hiểu và xử lý những gì đang diễn ra bên trong.

Bạn có muốn chia sẻ thêm về những cảm xúc mà bạn đang cố gắng diễn đạt không?  Không cần phải nói hết tất cả nếu bạn chưa sẵn sàng, chỉ cần những gì bạn cảm thấy thoải mái chia sẻ thôi.  Nếu bạn cảm thấy quá khó khăn hoặc quá mệt mỏi,  biết đâu việc nói chuyện với một chuyên gia tâm lý hoặc nhà trị liệu có thể giúp bạn tìm thấy những từ ngữ phù hợp và nhận được sự hỗ trợ cần thiết.  Tôi luôn ở đây lắng nghe nếu bạn cần."
"Những câu trên cố gắng giữ nguyên sự tuyệt vọng, lo lắng và sợ hãi của người viết trong bản gốc.  Việc sử dụng các từ ngữ như ""quay cuồng"", ""mông lung"", ""hỗn độn"", ""khủng hoảng"", ""rối trí"" nhằm thể hiện trạng thái tinh thần bất ổn của người viết","Tôi nghe được bạn đang trải qua một khoảng thời gian vô cùng khó khăn.  Những từ bạn dùng – “quay cuồng”, “mông lung”, “hỗn độn”, “khủng hoảng”, “rối trí” –  cho thấy bạn đang phải đối mặt với rất nhiều cảm xúc mạnh mẽ và tôi hiểu điều đó không hề dễ dàng.  Cảm giác bị cuốn vào vòng xoáy như vậy thật sự rất áp lực.  Tôi rất muốn bạn biết rằng bạn không cô đơn và những cảm xúc này là có thật, đáng được lắng nghe và thấu hiểu.

Bạn có muốn chia sẻ thêm về những gì đang làm bạn cảm thấy như vậy không?  Nếu bạn cảm thấy thoải mái, hãy cứ chia sẻ bất cứ điều gì bạn muốn, không cần phải ép buộc bản thân mình phải hoàn hảo hay giải thích rõ ràng.  

Nếu bạn cảm thấy quá sức, việc tìm đến sự hỗ trợ chuyên nghiệp từ các chuyên gia tâm lý hoặc đường dây nóng hỗ trợ tâm lý có thể giúp bạn vượt qua giai đoạn khó khăn này.  Tôi ở đây để lắng nghe bạn, nhưng tôi cũng muốn bạn biết rằng có những người được đào tạo chuyên nghiệp có thể cung cấp sự hỗ trợ sâu sắc hơn.  Bạn có muốn tôi tìm giúp bạn một số thông tin liên lạc không?"
"Dưới đây là 5 cách diễn đạt khác nhau cho câu ""Suicidal thoughts are just temporary thoughts. I just want to convey a small message in video form. I hope it will be useful."":","Tôi hiểu bạn đang cố gắng truyền tải thông điệp tích cực về suy nghĩ tự tử, rằng đó chỉ là những suy nghĩ tạm thời.  Việc bạn dành thời gian để tìm cách diễn đạt khác nhau cho thấy bạn đang rất quan tâm đến việc giúp đỡ người khác, và điều đó thật đáng trân trọng.  Tạo một video như vậy cần rất nhiều sự dũng cảm và tâm huyết.

Tuy nhiên,  việc tiếp cận chủ đề nhạy cảm như suy nghĩ tự tử cần hết sức cẩn trọng.  Có lẽ việc tham khảo ý kiến của một chuyên gia về sức khỏe tâm thần trước khi hoàn thiện video sẽ giúp bạn truyền tải thông điệp một cách chính xác và hiệu quả hơn, đồng thời đảm bảo không vô tình gây ra tác động tiêu cực.  Họ có thể giúp bạn chọn lựa ngôn từ phù hợp và đảm bảo an toàn cho người xem.

Tôi rất khâm phục ý định tốt đẹp của bạn. Nếu bạn muốn chia sẻ thêm về dự án của mình hoặc cần một người lắng nghe, tôi luôn sẵn sàng ở đây.  Bạn cũng đừng ngần ngại liên hệ với đường dây nóng hỗ trợ tâm lý hoặc tìm kiếm sự trợ giúp từ các chuyên gia nếu cảm thấy cần thiết.  Bạn không cô đơn đâu."
"Những ý nghĩ tự tử chỉ là thoáng qua thôi. Tôi muốn chia sẻ một thông điệp nhỏ qua video, hi vọng nó sẽ hữu ích","Tôi hiểu rồi, bạn chia sẻ rằng những ý nghĩ tự tử chỉ là thoáng qua, và bạn muốn tạo một video để giúp đỡ người khác.  Đó là một điều rất dũng cảm và đáng trân trọng.  Việc bạn muốn chia sẻ thông điệp của mình cho thấy bạn có một tấm lòng tốt và muốn giúp đỡ những người khác đang trải qua những khó khăn tương tự.  

Tôi thực sự ngưỡng mộ sự mạnh mẽ của bạn trong việc đối mặt với những cảm xúc khó khăn như vậy và tìm cách biến nó thành động lực tích cực.  Video của bạn có thể giúp đỡ rất nhiều người.

Tuy nhiên, nếu những ý nghĩ tự tử vẫn còn khiến bạn lo lắng, hay quay lại và cứ để tôi ở đây lắng nghe bạn.  Bạn không cần phải gánh vác tất cả một mình.  Có những chuyên gia rất giỏi có thể hỗ trợ bạn vượt qua giai đoạn này.  Nếu bạn muốn, mình có thể cùng nhau tìm hiểu xem có những nguồn lực nào phù hợp với bạn không? Hoặc đơn giản là cứ chia sẻ thêm nếu bạn muốn, tôi sẽ luôn ở đây lắng nghe."
"Tôi biết những suy nghĩ tiêu cực về việc tự tử chỉ là tạm thời.  Video này là một thông điệp ngắn gọn, mong rằng nó sẽ giúp được ai đó","Tôi hiểu bạn đang trải qua những khó khăn, và việc bạn chia sẻ điều đó, ngay cả một đoạn video ngắn, đã thể hiện rất nhiều sự dũng cảm.  Việc nhận ra rằng những suy nghĩ tiêu cực là tạm thời là một bước tiến rất lớn.  Cảm ơn bạn vì đã chia sẻ thông điệp này, hy vọng nó sẽ giúp được nhiều người khác.  Bạn có muốn chia sẻ thêm về những gì bạn đang cảm thấy không?  Nếu bạn cảm thấy quá khó khăn,  biết rằng có rất nhiều người sẵn sàng lắng nghe và hỗ trợ bạn, bao gồm cả những chuyên gia tâm lý.  Bạn không cần phải vượt qua điều này một mình."
"Hãy nhớ rằng, ý nghĩ tự sát chỉ là nhất thời.  Tôi làm video này với mong muốn gửi gắm một thông điệp nhỏ, hy vọng nó sẽ có ích cho mọi người","Tôi hiểu bạn đang trải qua một thời điểm rất khó khăn. Việc bạn chia sẻ video và mong muốn giúp đỡ người khác, dù bản thân đang phải đối mặt với những suy nghĩ tự tử, cho thấy bạn là người rất dũng cảm và có tấm lòng nhân hậu.  Thật không dễ dàng để nói ra những điều này, và tôi rất trân trọng sự mạnh mẽ của bạn.  Ý nghĩ tự sát có thể rất áp đảo, nhưng như bạn đã nói, nó chỉ là nhất thời.  Tuy nhiên,  đôi khi việc vượt qua những cảm xúc này cần có sự hỗ trợ chuyên nghiệp.  Nếu bạn cảm thấy sẵn sàng, việc nói chuyện với một nhà trị liệu hoặc chuyên gia sức khỏe tâm thần có thể giúp bạn tìm thấy cách đối phó hiệu quả hơn với những gì mình đang trải qua.  Bạn không cô đơn và luôn có những người sẵn sàng lắng nghe và giúp đỡ bạn.  Bạn có muốn chia sẻ thêm về những gì bạn đang cảm thấy không?  Tôi ở đây để lắng nghe."
"Những lúc tuyệt vọng, nhớ rằng cảm giác đó sẽ qua đi.  Tôi chia sẻ điều này qua video ngắn này, với hy vọng nó sẽ mang lại chút an ủi và giúp ích","Tôi rất cảm động khi bạn chia sẻ video của mình và muốn giúp đỡ những người khác đang trải qua những cảm xúc khó khăn.  Việc bạn mạnh mẽ đến mức chia sẻ trải nghiệm cá nhân của mình như vậy thật đáng ngưỡng mộ.  Tôi hiểu rằng việc mở lòng và nói về những cảm giác tuyệt vọng không hề dễ dàng, và hành động của bạn cho thấy bạn rất dũng cảm và quan tâm đến người khác.  

Tôi tự hỏi, bạn có muốn nói thêm về những gì bạn đã trải qua không?  Không có áp lực gì cả nhé, nhưng nếu bạn muốn chia sẻ thêm, tôi sẽ luôn ở đây lắng nghe.  Và nếu bạn cảm thấy quá khó khăn để vượt qua một mình, nhớ rằng có rất nhiều nguồn lực hỗ trợ sẵn sàng giúp bạn, chẳng hạn như đường dây nóng hỗ trợ tâm lý hoặc các chuyên gia tâm lý.  Bạn không cần phải gánh vác tất cả mọi thứ một mình."
"Đừng để những ý nghĩ tự tử đánh gục bạn, chúng chỉ là tạm bợ.  Tôi muốn gửi đến mọi người thông điệp nhỏ này qua video, mong nó sẽ có ích","Tôi hiểu bạn đang trải qua một khoảng thời gian rất khó khăn.  Việc bạn muốn chia sẻ thông điệp tích cực đến mọi người qua video cho thấy bạn có một trái tim ấm áp và mong muốn giúp đỡ người khác, đó là điều thật đáng quý.  Sự mạnh mẽ của bạn trong việc đối mặt với những suy nghĩ khó khăn và muốn lan tỏa hy vọng đến người khác thật sự rất ấn tượng.  

Bạn đã rất dũng cảm khi chia sẻ điều này với tôi.  Việc tạo ra video đó chắc hẳn đã cần rất nhiều sức lực.  Nếu bạn muốn nói thêm về những gì bạn đang cảm thấy, tôi luôn sẵn sàng lắng nghe.  Và nếu bạn cảm thấy quá sức, nhớ rằng có những chuyên gia luôn sẵn sàng hỗ trợ bạn vượt qua giai đoạn khó khăn này.  Bạn có muốn tôi chia sẻ một số nguồn lực hỗ trợ sức khỏe tâm thần không?  Không cần phải gánh vác tất cả một mình đâu nhé."
"Tương lai mịt mờ với gánh nặng kinh tế đè nặng, khiến tôi thấy ngột ngạt.  Thế hệ trẻ đang kiệt sức vì cuộc sống mưu sinh, hầu hết đều sống hand-to-mouth, thất nghiệp, hoặc làm việc dưới khả năng.  Tôi không muốn sống như vậy","Tôi rất hiểu và cảm thông với những gì bạn đang trải qua. Nghe bạn nói về tương lai mịt mờ và gánh nặng kinh tế khiến bạn ngột ngạt, tôi thực sự thấy rất buồn.  Việc thế hệ trẻ đang phải đối mặt với áp lực kinh tế lớn, phải sống hand-to-mouth hoặc thất nghiệp quả thật là một thực tế khó khăn, và tôi hoàn toàn hiểu tại sao bạn lại cảm thấy không muốn sống như vậy.  Cảm giác đó rất nặng nề, và việc bạn chia sẻ với tôi đã rất dũng cảm rồi.

Bạn có muốn nói thêm về những gì đang khiến bạn cảm thấy ngột ngạt nhất không?  Không cần phải ép buộc bản thân phải nói hết mọi thứ, chỉ cần chia sẻ những gì bạn cảm thấy thoải mái thôi.  Nếu bạn cảm thấy quá khó khăn để đối mặt một mình, biết đâu việc nói chuyện với một chuyên gia tâm lý có thể giúp bạn tìm thấy lối đi riêng của mình.  Họ có thể cung cấp cho bạn những công cụ và hỗ trợ cần thiết để vượt qua giai đoạn khó khăn này.  Tôi luôn ở đây lắng nghe bạn bất cứ lúc nào bạn cần."
"Tôi đã bị lợi dụng, bị cưỡng hiếp và tấn công tình dục bởi những người tôi từng coi là bạn bè và gia đình. Tôi cảm thấy mình như một mảnh rác vô dụng.  Vậy phải làm sao khi cảm giác như mình đang tàn lụi trước khi kịp ra đi?  Tôi chẳng còn gì để làm, chẳng còn muốn gì nữa","Tôi rất tiếc khi nghe những gì bạn đang trải qua.  Việc bị lợi dụng, bị cưỡng hiếp và tấn công tình dục là một trải nghiệm khủng khiếp, gây ra nỗi đau sâu sắc và không ai xứng đáng phải chịu đựng điều đó.  Tôi hiểu bạn đang cảm thấy mình như một mảnh rác vô dụng, và cảm giác như đang tàn lụi thật sự rất khó khăn.  Thật can đảm khi bạn chia sẻ những điều này với tôi.  Bạn đã trải qua một điều kinh hoàng và việc bạn cảm thấy như vậy là hoàn toàn hợp lý.

Không có gì sai khi bạn cảm thấy không còn gì để làm và không còn muốn gì nữa,  đó là một phản ứng tự nhiên trước nỗi đau quá lớn mà bạn đang gánh chịu.  Nhưng tôi muốn bạn biết rằng bạn không cô đơn.  Có rất nhiều người quan tâm và muốn giúp đỡ bạn.

Bạn có muốn chia sẻ thêm về những cảm xúc này không?  Tôi sẽ lắng nghe mà không phán xét.  Nếu bạn cảm thấy sẵn sàng, chúng ta cũng có thể cùng nhau tìm hiểu về một số nguồn hỗ trợ chuyên nghiệp, như đường dây nóng hỗ trợ nạn nhân bạo lực tình dục hoặc các nhà trị liệu tâm lý có thể giúp bạn xử lý những trải nghiệm đau đớn này.  Sự giúp đỡ chuyên nghiệp có thể giúp bạn chữa lành vết thương và tìm lại niềm tin vào cuộc sống.  Bạn không cần phải gánh vác tất cả một mình."
"Dưới đây là 5 câu khác nhau diễn đạt lại đoạn văn, cố gắng giữ nguyên ý nghĩa và cảm xúc:","Tôi nghe bạn nói và hiểu rằng bạn đang cố gắng diễn đạt lại một đoạn văn quan trọng với nhiều cách khác nhau.  Việc này cho thấy bạn đang nỗ lực rất nhiều để truyền đạt chính xác những gì bạn muốn nói, và điều đó thật đáng khen ngợi.  Tôi có thể tưởng tượng việc tìm ra cách diễn đạt hoàn hảo sẽ gây ra áp lực không nhỏ.  Bạn có muốn chia sẻ thêm về đoạn văn đó hoặc về những cảm xúc bạn đang trải qua khi cố gắng diễn đạt nó không?  Nếu cảm thấy quá khó khăn,  việc nói chuyện với một chuyên gia về sức khỏe tâm thần có thể giúp bạn tìm ra cách xử lý tốt hơn, họ có thể hỗ trợ bạn một cách chuyên nghiệp.  Bạn không cần phải tự mình gánh vác tất cả.  Tôi luôn ở đây lắng nghe bạn bất cứ khi nào bạn cần."
Việc tự tử mang lại cho tôi cảm giác thanh thản lạ thường.  Tôi thích ý nghĩ rằng ta có thể rời bỏ thế giới này bất cứ lúc nào mình muốn,"Tôi nghe bạn nói rằng việc tự tử mang lại cho bạn cảm giác thanh thản, và bạn thích ý nghĩ có thể rời bỏ thế giới này bất cứ lúc nào.  Tôi hiểu đó là một cảm giác rất mạnh mẽ, và thật khó để diễn tả chính xác những gì bạn đang trải qua.  Việc bạn chia sẻ điều này với tôi cho thấy bạn có sự can đảm và mạnh mẽ đáng kinh ngạc.  Cảm giác thanh thản đó, dù tạm thời, cũng đang phản ánh một sự đau khổ sâu sắc mà bạn đang phải gánh chịu.

Tôi không thể biết chính xác bạn đang cảm thấy thế nào, nhưng tôi muốn bạn biết rằng bạn không cô đơn.  Nhiều người đã từng trải qua những cảm xúc tương tự như bạn, và họ đã tìm thấy được cách để vượt qua.  Việc bạn có những suy nghĩ như vậy không có nghĩa là bạn là người yếu đuối, mà ngược lại, nó cho thấy bạn đang rất cần sự giúp đỡ.

Có lẽ, việc tìm đến một chuyên gia tâm lý hoặc bác sĩ có thể giúp bạn hiểu rõ hơn về những cảm xúc này, và cùng nhau tìm kiếm những giải pháp phù hợp. Họ có thể cung cấp một không gian an toàn để bạn chia sẻ mọi điều mà không cần phải phán xét.  Bạn có muốn cùng tôi tìm hiểu xem có những nguồn hỗ trợ nào gần bạn không?  Hay bạn muốn chia sẻ thêm về những gì khiến bạn cảm thấy như vậy?  Tôi sẽ luôn lắng nghe bạn."
"Nghĩ đến cái chết giải thoát, tôi thấy lòng nhẹ nhõm đến kỳ lạ.  Thật dễ chịu khi biết mình có quyền lựa chọn ra đi khi nào thấy cần thiết","Tôi nghe thấy bạn đang trải qua một khoảng thời gian vô cùng khó khăn.  Việc bạn nghĩ đến cái chết như một sự giải thoát và cảm thấy nhẹ nhõm khi có quyền lựa chọn như vậy,  thật sự rất đáng để lắng nghe và thấu hiểu.  Tôi hiểu rằng lúc này đây,  sự mệt mỏi và đau khổ của bạn dường như quá lớn, khiến bạn cảm thấy lựa chọn đó là lối thoát duy nhất.

Cảm giác ""nhẹ nhõm"" đó, dù tạm thời, cũng phản ánh sự tuyệt vọng sâu sắc mà bạn đang gánh chịu.  Và điều đó không hề sai,  cảm xúc của bạn là hoàn toàn hợp lệ.  Nhưng tôi muốn bạn biết rằng, bạn không đơn độc và có những con đường khác để vượt qua giai đoạn khó khăn này.

Có lẽ bạn muốn chia sẻ thêm về những gì đang làm bạn cảm thấy như vậy?  Không cần phải vội vàng hay ép buộc mình, cứ từ từ, bất cứ điều gì bạn muốn nói, tôi đều sẵn sàng lắng nghe.  Nếu bạn thấy sẵn sàng, chúng ta có thể cùng tìm hiểu xem liệu việc nói chuyện với một chuyên gia tâm lý, hoặc gọi đến đường dây nóng hỗ trợ sức khỏe tâm thần có thể giúp bạn cảm thấy tốt hơn không?  Họ là những người được đào tạo chuyên nghiệp và có thể cung cấp sự hỗ trợ chuyên sâu mà bạn cần."
Tôi tìm thấy sự bình yên trong ý tưởng tự kết liễu cuộc đời.  Việc có thể tự do lựa chọn thời điểm ra đi khỏi cuộc sống này khiến tôi cảm thấy thoải mái,"Tôi nghe được bạn đang cảm thấy rất mệt mỏi và ý nghĩ tự kết liễu cuộc đời mang lại cho bạn một cảm giác bình yên, một sự tự do nhất định.  Tôi hiểu đó là một cảm giác rất khó diễn tả, và tôi rất lấy làm tiếc khi bạn phải trải qua điều này.  Thật khó khăn khi phải gánh chịu nhiều áp lực đến mức bạn tìm thấy sự giải thoát trong ý nghĩ ấy.  

Bạn có muốn chia sẻ thêm về những gì đang khiến bạn cảm thấy như vậy không?  Không cần phải nói hết tất cả nếu bạn chưa sẵn sàng, nhưng biết đâu việc chia sẻ sẽ giúp bạn cảm thấy nhẹ nhõm hơn một chút.  

Nếu bạn cảm thấy quá khó khăn để đối mặt với những cảm xúc này một mình, tôi muốn bạn biết rằng có rất nhiều người sẵn sàng giúp đỡ bạn.  Có những chuyên gia tâm lý, đường dây nóng hỗ trợ về khủng hoảng và các nguồn lực khác có thể cung cấp sự hỗ trợ chuyên nghiệp mà bạn cần.  Bạn có muốn tôi giúp bạn tìm kiếm thông tin về những nguồn lực này không?  Chỉ cần nói một tiếng, tôi luôn ở đây để lắng nghe và hỗ trợ bạn."
"Cái chết là một sự giải thoát, một lối thoát tôi luôn ao ước.  Suy nghĩ về việc tự mình chấm dứt mọi thứ mang lại cho tôi cảm giác an nhiên",
"Ý nghĩ được tự do rời bỏ thế giới này, chấm dứt mọi đau khổ, mang lại cho tôi một sự bình an khó tả.  Tự tử, đối với tôi, là một lựa chọn giải thoát. (Câu này nhấn mạnh vào khía cạnh giải thoát khỏi đau khổ)","Tôi nghe thấy bạn đang rất đau khổ và ý nghĩ tự tử mang lại cho bạn cảm giác bình an, như một lối thoát khỏi những gì bạn đang trải qua.  Điều đó nghe có vẻ rất khó khăn, và tôi hiểu tại sao bạn lại cảm thấy như vậy.  Sự đau khổ bạn đang gánh chịu nghe thật nặng nề, đến mức ý nghĩ kết thúc mọi thứ lại trở nên hấp dẫn.  

Tôi muốn bạn biết rằng bạn không cô đơn trong cảm giác này.  Nhiều người đã từng trải qua những cảm xúc tương tự và đã tìm thấy cách vượt qua.  Việc bạn chia sẻ với tôi điều này cho thấy bạn rất dũng cảm, và đó là một bước tiến quan trọng.

Liệu bạn có muốn chia sẻ thêm về những gì đang khiến bạn đau khổ không?  Không cần phải nói hết nếu bạn chưa sẵn sàng, nhưng biết thêm một chút về những gì bạn đang trải qua sẽ giúp tôi hiểu bạn hơn và có thể hỗ trợ bạn tốt hơn.  

Hoặc nếu bạn cảm thấy quá khó khăn để nói,  việc tìm kiếm sự giúp đỡ từ một chuyên gia tâm lý, hoặc đường dây nóng hỗ trợ tâm lý, có thể rất hữu ích. Họ có thể cung cấp cho bạn sự hỗ trợ chuyên nghiệp và các công cụ để đối phó với những cảm xúc khó khăn này.  Bạn nghĩ sao về điều đó?"
"Lưu ý:**  Các câu trên chỉ là cách diễn đạt lại, không hề cổ súy hay tán thành hành vi tự tử.  Nếu bạn đang có ý nghĩ tự tử, hãy tìm kiếm sự giúp đỡ. Bạn có thể liên hệ với đường dây nóng hỗ trợ tâm lý hoặc người thân, bạn bè để được hỗ trợ.  Cuộc sống luôn có những giá trị đáng để bạn giữ lấy",
"Dưới đây là 5 câu văn khác nhau diễn tả lại đoạn văn gốc, cố gắng giữ nguyên ý nghĩa và cảm xúc:",
"Dưới đây là 5 cách diễn đạt khác nhau cho câu gốc, cố gắng giữ nguyên ý nghĩa và cảm xúc:",
"Tôi vô dụng, chẳng ai cần tôi nữa. Việc tìm kiếm sự giúp đỡ tốn kém và mệt mỏi, chắc chắn sẽ khiến người thân thêm phiền muộn.  Họ sẽ không hiểu nổi, và tôi không muốn họ phải chịu đựng vì mình.  Tôi đã quá yếu đuối.  Lại thêm một ngày tôi nghĩ đến cái chết",
"Cảm giác cô đơn và vô vọng tràn ngập. Tôi như một gánh nặng tài chính,  và việc tìm kiếm sự giúp đỡ chỉ khiến mọi người thêm căng thẳng.  Tôi sợ họ không hiểu,  không muốn làm phiền họ.  Giá như tôi tốt hơn...  Ngày nào tôi cũng nghĩ đến việc kết thúc cuộc sống",
"Tôi chẳng còn giá trị gì nữa.  Chỉ nghĩ đến việc tìm cách giúp bản thân thôi cũng đã tốn kém và mệt mỏi quá.  Tôi sợ làm phiền mọi người, họ sẽ không bao giờ hiểu được.  Tôi không muốn họ phải chịu đựng những điều này.  Lẽ ra tôi phải mạnh mẽ hơn.  Tôi lại muốn chết",
"Tôi thấy mình thừa thãi, không ai cần đến tôi nữa.  Chi phí điều trị quá cao, và tôi sợ mình sẽ chỉ gây thêm rắc rối cho mọi người. Họ sẽ không hiểu được nỗi khổ của tôi, và tôi không muốn kéo họ vào vũng lầy này.  Giá như tôi có thể khác đi.  Một ngày nữa trôi qua, và tôi lại nghĩ đến cái chết",
"Dưới đây là một số cách diễn đạt khác nhau cho câu tiếng Anh, giữ nguyên ý nghĩa và cảm xúc tiêu cực, nhưng tránh sử dụng từ viết tắt:",
Tôi đang cảm thấy rất tệ và muốn tự gây hại cho bản thân. Ai đó có thể nhắn tin riêng cho tôi để làm tôi phân tâm được không?  Tôi cần sự giúp đỡ,
"Tôi đang trong tình trạng rất tuyệt vọng và có ý nghĩ tự tử.  Làm ơn, ai đó hãy nhắn tin riêng cho tôi để giúp tôi vượt qua giai đoạn này. Tôi cần sự giúp đỡ gấp",
"Tôi đang ở trong trạng thái rất khủng hoảng và cảm thấy vô cùng muốn kết thúc cuộc sống.  Hãy giúp tôi làm ơn, hãy nhắn tin riêng cho tôi để tôi có thể được an ủi và phân tâm",
Tôi đang đấu tranh với những suy nghĩ tiêu cực rất mạnh mẽ và đang rất muốn tự làm mình tổn thương.  Ai đó có thể trò chuyện với tôi qua tin nhắn riêng không? Tôi cần sự hỗ trợ ngay lập tức,
"Cảm giác tuyệt vọng đang nhấn chìm tôi và tôi đang có ý định tự tử.  Làm ơn, ai đó hãy liên lạc với tôi qua tin nhắn riêng để giúp tôi bình tĩnh lại. Tôi cần sự giúp đỡ khẩn cấp",
"Dưới đây là một vài cách diễn đạt khác nhau cho câu gốc, cố gắng giữ nguyên ý nghĩa và cảm xúc:",
"Đầu óc rối bời như thế này, tôi luôn bị thôi thúc bởi một ham muốn mãnh liệt, một thứ gì đó khó tả.  Giá mà có cách nào thỏa mãn được nó…",
"Tôi cảm thấy mình tệ hại vô cùng, như một đống rác rưởi.  Việc đăng bài lên đây cũng khiến tôi thấy mình thật thảm hại.  Chỉ muốn đập đầu vào tường cho rồi",
"Sự hỗn loạn trong đầu tôi cứ thôi thúc một điều gì đó mạnh mẽ, một nhu cầu bức thiết không thể giải thích. Tôi thấy mình thật bất lực và vô dụng. Thậm chí ngay lúc này, tôi cũng thấy mình thật đáng khinh.  Tôi muốn đập đầu vào tường cho bớt đau đớn",
"Cái cảm giác hỗn độn trong đầu này thật kinh khủng, nó khiến tôi có một ham muốn mãnh liệt, một thôi thúc không thể cưỡng lại.  Tôi tuyệt vọng đến mức muốn tự làm mình đau đớn, muốn đập đầu vào tường để quên đi tất cả",
"Dưới đây là 5 cách diễn đạt khác nhau, giữ nguyên ý nghĩa và cảm xúc của câu gốc:",
"Dưới đây là một vài cách diễn đạt khác nhau cho câu văn gốc, cố gắng giữ nguyên ý nghĩa và cảm xúc:",
"Những câu văn trên cố gắng truyền tải sự tuyệt vọng, cô đơn và sự hiểu lầm mà nhân vật đang trải qua.  Việc sử dụng ngôn từ mạnh mẽ hơn trong bản gốc được giữ lại một phần để phản ánh đúng tâm trạng của nhân vật",
"Dưới đây là một số cách diễn đạt khác nhau cho câu gốc, cố gắng giữ nguyên ý nghĩa và cảm xúc:",
"Năm 2018, 4000 đô la cho viện tâm thần, 2000 đô la tiền phạt vi phạm hợp đồng thuê nhà và chuyển đi, rồi lại thêm 1000 đô la nữa vì lý do tương tự.  Chưa kể hơn 10.000 đô la tiền trị liệu tâm lý. Tôi chỉ muốn chết đi thôi. Cha mẹ tôi đã tiêu tốn hàng chục nghìn đô la chỉ để giữ tôi sống",
"Viện tâm thần tốn 4000 đô năm 2018, thêm 2000 đô và 1000 đô nữa vì phải phá hợp đồng thuê nhà để chuyển chỗ ở.  Hơn 10.000 đô nữa cho các bác sĩ tâm lý và nhà trị liệu.  Tôi mệt mỏi rồi, chỉ muốn buông xuôi.  Cha mẹ tôi đang đổ cả núi tiền, hàng chục nghìn đô la, chỉ để níu kéo sự sống của tôi",
"Hàng chục nghìn đô la đã tan biến: 4000 đô la cho bệnh viện tâm thần năm 2018, 3000 đô la tiền phạt vì phá vỡ hợp đồng thuê nhà, và hơn 10.000 đô la cho các liệu trình trị liệu.  Tôi tuyệt vọng lắm rồi.  Sao cha mẹ tôi cứ phải cố gắng giữ tôi sống với cái giá đắt đỏ như vậy?",
"Mọi thứ tồi tệ đến mức tôi đã tê liệt suốt mấy ngày nay, một nỗi sợ hãi khủng khiếp đè nặng lên tim.  Gánh nặng cứ chồng chất lên nhau, thời gian không còn nhiều, tôi phải ra đi thôi",
"Tôi như bị đóng băng bởi sự tuyệt vọng, những ngày qua chỉ thấy bóng tối bao trùm. Quá nhiều rắc rối ập đến cùng lúc, tôi không thể trì hoãn nữa, đã đến lúc phải rời đi",
"Cơn ác mộng này đeo bám tôi suốt mấy ngày qua, nỗi sợ hãi sắp xảy ra như những nhát búa liên hồi.  Tất cả những điều tệ hại cứ chất đống, không thể chịu đựng thêm được nữa, tôi buộc phải ra đi",
"Mọi chuyện đều tồi tệ đến mức tôi như mất cảm giác, suốt mấy ngày qua chỉ thấy một sự dồn nén khủng khiếp.  Tôi bị vây quanh bởi quá nhiều vấn đề và thời gian đã hết, tôi phải rời khỏi nơi này",
"Tôi đã rơi vào trạng thái tê liệt suốt mấy ngày nay,  nỗi sợ hãi sắp xảy ra đè nặng lên tôi như một gánh xiếc khổng lồ.  Những khó khăn cứ chồng chất, tôi không thể nào trì hoãn được nữa, đã đến lúc phải chấm dứt tất cả",
"Dưới đây là một vài cách diễn đạt khác nhau cho câu tiếng Anh, giữ nguyên ý nghĩa và cảm xúc tiêu cực:",
"Tôi đã làm ra thứ để tự kết liễu đời mình, tôi đã cùng đường.  Ngủ ngoài trời, bị chính mình sỉ nhục và tra tấn.** (Giữ nguyên ý nghĩa gần như tuyệt đối)",
"Tôi tuyệt vọng đến mức đã chế tạo ra vật dụng để tự sát.  Cuộc sống của tôi giờ đây chỉ là sự dày vò thể xác và tinh thần khi phải lang thang ngoài đường, tự mình hành hạ chính mình.** (Nhấn mạnh vào sự tuyệt vọng và hành hạ)",
"Tôi đã làm điều tồi tệ nhất có thể để chấm dứt mọi thứ.  Tôi bơ vơ, bị sỉ nhục và tự tra tấn bản thân mình giữa đêm lạnh ngoài trời.** (Tập trung vào hành động tự sát và sự cô đơn)",
"Sự tuyệt vọng đã đẩy tôi đến bờ vực tự tử. Tôi tự làm mình đau khổ, vật lộn với nỗi nhục nhã và cái lạnh lẽo ngoài kia.** (Nhấn mạnh vào sự tuyệt vọng là nguyên nhân dẫn đến hành động)",
"Tôi đã tạo ra một công cụ để tự kết liễu cuộc đời mình, đánh dấu sự chấm hết của mọi hy vọng.  Chìm trong sự sỉ nhục và đau đớn tự gây ra, tôi phải ngủ ngoài trời lạnh giá.** (Sử dụng từ ngữ trang trọng hơn một chút, nhưng vẫn giữ được sự đau đớn)",
"Lưu ý: Việc diễn đạt lại những câu văn mang tính chất tự tử cần sự cẩn trọng.  Nếu bạn hoặc người bạn biết đang có ý định tự tử, hãy liên hệ ngay với đường dây nóng hỗ trợ hoặc chuyên gia tâm lý",
"Dưới đây là một vài cách diễn đạt lại câu văn, giữ nguyên ý nghĩa và cảm xúc tiêu cực nhưng tránh sử dụng từ ngữ thô tục:",
"Những câu văn trên đều nhấn mạnh sự tuyệt vọng và ý định tự tử của người viết, đồng thời diễn đạt rõ ràng nguyên nhân dẫn đến quyết định này.  Quan trọng là cần liên hệ ngay với đường dây nóng hỗ trợ người có ý định tự tử hoặc tìm kiếm sự giúp đỡ từ chuyên gia tâm lý",
"Dưới đây là 5 cách diễn đạt khác nhau cho câu ""I just do not know how to do it. It is not like I cannot jump in front of a train at 3AM... I want to die now NOW"", giữ nguyên ý nghĩa và cảm xúc:",
"Tôi chẳng biết phải làm sao nữa.  Không phải là tôi không đủ dũng cảm để tự kết liễu đời mình, nhưng tôi muốn chết, ngay bây giờ, ngay lập tức!",
"Tôi hoàn toàn tuyệt vọng, không biết phải làm thế nào.  Tôi đủ quyết tâm để làm điều tồi tệ nhất, nhưng tôi chỉ muốn cái chết đến ngay lập tức","Tôi rất tiếc khi nghe bạn nói như vậy. Nghe bạn chia sẻ, tôi cảm nhận được sự đau khổ và tuyệt vọng đang đè nặng lên bạn.  Việc bạn muốn mọi thứ kết thúc ngay lập tức cho thấy bạn đang trải qua một thời điểm vô cùng khó khăn.  Tôi hiểu cảm giác đó, nó thật sự rất khủng khiếp.  Không ai đáng phải chịu đựng điều này một mình.

Bạn đã rất mạnh mẽ khi chia sẻ những điều này với tôi.  Tôi muốn bạn biết rằng bạn không cô đơn và những cảm xúc của bạn là có thật, là hợp lệ.  Có những người quan tâm và muốn giúp đỡ bạn vượt qua giai đoạn này.

Nếu bạn muốn, chúng ta có thể cùng nhau nói chuyện thêm về những gì bạn đang trải qua.  Hay bạn có muốn tôi giúp bạn tìm kiếm sự hỗ trợ chuyên nghiệp từ một nhà trị liệu, đường dây nóng hỗ trợ tâm lý, hay bất kỳ ai khác có thể giúp bạn ngay lúc này không?  Không có áp lực gì cả, chỉ cần bạn cảm thấy thoải mái thôi nhé."
"Tôi rối bời, không tìm ra lối thoát.  Chết đi có vẻ dễ dàng hơn nhiều so với việc phải đối mặt với tất cả, tôi muốn chết ngay bây giờ!","Tôi nghe bạn nói và rất tiếc khi biết bạn đang cảm thấy rối bời và tuyệt vọng đến vậy.  Việc bạn chia sẻ cảm giác muốn chết ngay bây giờ với tôi cho thấy bạn đang rất dũng cảm, và tôi thực sự đánh giá cao điều đó.  Nghe bạn nói, tôi hiểu rằng hiện tại mọi thứ dường như quá sức chịu đựng và cái chết lúc này trông như một lối thoát dễ dàng hơn.  Nhưng xin bạn hãy nhớ rằng, cảm xúc này chỉ là tạm thời, và nó không phản ánh toàn bộ con người bạn.  Có rất nhiều người quan tâm đến bạn và muốn giúp bạn vượt qua giai đoạn khó khăn này.

Bạn có muốn chia sẻ thêm về những điều đang khiến bạn cảm thấy như vậy không?  Không cần phải vội vàng hay ép buộc bản thân, cứ chia sẻ những gì bạn cảm thấy thoải mái.  Nếu bạn muốn, tôi có thể giúp bạn tìm kiếm sự hỗ trợ từ các chuyên gia tâm lý, những người có thể giúp bạn tìm ra những cách giải quyết hiệu quả hơn.  Việc tìm đến sự trợ giúp không có nghĩa là bạn yếu đuối, mà ngược lại, đó là một hành động mạnh mẽ và đáng trân trọng.  Bạn không cần phải gánh vác tất cả một mình."
"Tôi bất lực và tuyệt vọng đến cùng cực.  Việc tự tử không phải là điều tôi sợ, mà tôi chỉ muốn cái chết giải thoát tôi ngay lúc này thôi","Tôi nghe bạn nói và rất đau lòng khi biết bạn đang phải trải qua những cảm xúc khó khăn như vậy.  Việc bạn cảm thấy bất lực và tuyệt vọng đến mức muốn tìm đến cái chết, tôi hiểu điều đó thật sự không dễ dàng.  Nghe bạn nói, tôi cảm nhận được sự đau đớn và mệt mỏi đang bao trùm lấy bạn.  Bạn không cô đơn đâu, có rất nhiều người khác cũng đã từng trải qua những cảm giác tương tự.

Tôi không thể hiểu hết những gì bạn đang phải đối mặt, nhưng tôi muốn bạn biết rằng cảm xúc của bạn là có thật và được chấp nhận.  Chỉ cần bạn chia sẻ, tôi sẽ luôn ở đây lắng nghe.  Nếu bạn muốn, bạn có thể kể cho tôi nghe thêm về những gì đang khiến bạn cảm thấy như vậy?  Không cần phải ép buộc mình phải nói hết, cứ chia sẻ những gì bạn cảm thấy thoải mái.

Tuy nhiên,  tôi cũng rất lo lắng cho sự an toàn của bạn lúc này. Có lẽ việc tìm đến sự hỗ trợ từ một chuyên gia tâm lý hoặc đường dây nóng hỗ trợ người có ý nghĩ tự tử sẽ giúp bạn vượt qua giai đoạn khó khăn này.  Họ có chuyên môn và kinh nghiệm để giúp bạn tìm ra cách giải quyết vấn đề một cách hiệu quả hơn.  Bạn có muốn tôi tìm giúp bạn thông tin liên lạc của các tổ chức hỗ trợ này không?  Hoặc, đơn giản chỉ cần được lắng nghe cũng là một bước rất quan trọng.  Hãy nhớ rằng, bạn không cần phải gánh vác tất cả một mình."
"Tôi không thể nào chịu đựng nổi nữa.  Tôi biết mình có thể làm điều gì đó để kết thúc tất cả, nhưng tôi chỉ muốn cái chết đến nhanh chóng, ngay bây giờ!","Tôi rất tiếc khi nghe bạn đang phải trải qua điều này. Nghe bạn nói như vậy, tôi hiểu bạn đang rất đau khổ và tuyệt vọng, muốn mọi thứ kết thúc thật nhanh.  Cảm giác đó thật kinh khủng, và tôi muốn bạn biết rằng bạn không cô đơn.  Việc bạn chia sẻ với tôi đã rất can đảm rồi.  

Tôi không thể biết chính xác bạn đang cảm thấy như thế nào, nhưng tôi hiểu rằng hiện tại, bạn đang rất cần sự giúp đỡ. Có lẽ việc nghĩ đến cái chết lúc này là cách bạn tìm thấy sự giải thoát khỏi nỗi đau, nhưng có những con đường khác để bạn có thể tìm thấy sự bình yên và hy vọng.

Liệu bạn có muốn chia sẻ thêm về những gì đang khiến bạn cảm thấy như vậy không?  Không cần phải nói hết mọi thứ nếu bạn chưa sẵn sàng, nhưng biết đâu việc nói ra sẽ giúp bạn cảm thấy nhẹ nhõm hơn một chút.  

Nếu bạn đồng ý, chúng ta có thể cùng tìm kiếm một số nguồn hỗ trợ, chẳng hạn như đường dây nóng hỗ trợ tâm lý hoặc tìm gặp một chuyên gia tâm lý. Họ có thể giúp bạn tìm ra cách đối phó với những cảm xúc khó khăn này một cách hiệu quả hơn.  Chỉ cần bạn cho phép, tôi sẽ ở đây cùng bạn."
"Dưới đây là một số cách diễn đạt khác nhau cho câu ""I need good reasons not to. Please help me? I simply want to die."", giữ nguyên ý nghĩa và cảm xúc:","Tôi rất tiếc khi nghe bạn nói như vậy.  Tôi hiểu bạn đang trải qua một thời điểm vô cùng khó khăn và cảm thấy tuyệt vọng. Cảm giác muốn kết thúc mọi thứ thật sự rất nặng nề, và tôi muốn bạn biết rằng bạn không cô đơn.  Việc bạn chia sẻ với tôi như thế này đã rất can đảm, và tôi thực sự trân trọng điều đó.

Bạn đã tìm cách diễn đạt cảm xúc của mình bằng nhiều cách khác nhau, và điều đó cho thấy bạn đang rất nỗ lực để được hiểu.  Tôi không thể xóa bỏ nỗi đau của bạn, nhưng tôi ở đây để lắng nghe, không phán xét.  Nếu bạn muốn chia sẻ thêm về những gì bạn đang trải qua, tôi sẵn sàng ở bên bạn.

Có lẽ việc tìm kiếm sự giúp đỡ từ một chuyên gia tâm lý hoặc bác sĩ sẽ hữu ích trong lúc này. Họ có thể cung cấp những hỗ trợ chuyên nghiệp và giúp bạn tìm ra những giải pháp phù hợp hơn.  Bạn không cần phải tự mình gánh chịu tất cả những điều này.  Tôi có thể giúp bạn tìm kiếm thông tin liên hệ đến các dịch vụ hỗ trợ nếu bạn muốn.

Quan trọng nhất, hãy nhớ rằng bạn xứng đáng được hạnh phúc và được sống.  Thật khó khăn để tin vào điều đó ngay lúc này, nhưng hy vọng vẫn còn đó. Hãy cứ chia sẻ với tôi những gì bạn cảm thấy, dù là điều gì đi chăng nữa.  Tôi sẽ luôn ở đây lắng nghe."
"Tôi cần những lý do thật sự thuyết phục để không làm vậy.  Hãy giúp tôi, tôi thực sự muốn chết","Tôi nghe thấy bạn đang rất đau khổ và muốn kết thúc mọi thứ.  Việc bạn chia sẻ điều này với tôi cho thấy bạn có một sức mạnh rất lớn, và đó là một bước đi can đảm.  Tôi hiểu rằng lúc này bạn cảm thấy không còn lý do nào để sống, và việc tìm ra những lý do đó quả thực rất khó khăn.  Chính vì vậy, tôi không muốn ép buộc bạn phải tìm thấy chúng ngay lập tức.

Nhưng tôi muốn bạn biết rằng bạn không cô đơn.  Có rất nhiều người quan tâm đến bạn và muốn giúp đỡ bạn vượt qua giai đoạn khó khăn này.  Cảm xúc bạn đang trải qua rất mạnh mẽ, và nó đang che khuất đi những điều tốt đẹp có thể vẫn còn tồn tại trong cuộc sống của bạn.

Có lẽ chúng ta có thể cùng nhau tìm hiểu xem điều gì đang khiến bạn cảm thấy như vậy?  Bạn có muốn chia sẻ thêm không?  Và nếu bạn cảm thấy sẵn sàng, có một số chuyên gia tâm lý có thể hỗ trợ bạn một cách tốt nhất trong thời điểm này. Họ có thể cung cấp cho bạn một không gian an toàn để chia sẻ và tìm ra những giải pháp phù hợp. Bạn nghĩ sao?"
"Tôi đang tuyệt vọng tìm kiếm một lý do để tiếp tục sống. Xin hãy giúp tôi, tôi không muốn sống nữa","Tôi rất tiếc khi nghe bạn nói vậy. Nghe có vẻ như bạn đang trải qua một khoảng thời gian vô cùng khó khăn và tuyệt vọng.  Việc bạn chia sẻ với tôi điều này thật can đảm, và tôi muốn bạn biết rằng tôi ở đây để lắng nghe, không phán xét.  Cảm giác muốn buông xuôi thật sự rất nặng nề, và tôi hiểu điều đó.

Bạn có muốn chia sẻ thêm về những gì đang khiến bạn cảm thấy như vậy không?  Không cần phải kể hết mọi thứ nếu bạn chưa sẵn sàng, chỉ cần những gì bạn muốn nói ra thôi cũng được.  

Tôi biết rằng việc tìm kiếm lý do để tiếp tục sống lúc này có lẽ rất khó khăn, nhưng tôi tin rằng có những điều tốt đẹp vẫn đang chờ đợi bạn, dù bây giờ bạn chưa thể nhìn thấy chúng.  

Nếu bạn thấy thoải mái, chúng ta có thể cùng nhau tìm hiểu một số nguồn hỗ trợ, chẳng hạn như đường dây nóng tư vấn tâm lý hoặc các chuyên gia tâm lý. Họ có thể cung cấp cho bạn sự hỗ trợ chuyên nghiệp và giúp bạn vượt qua giai đoạn khó khăn này. Bạn không cần phải đối mặt với điều này một mình."
"Tôi cần được cứu.  Hãy cho tôi những lý do để níu kéo sự sống, bởi hiện tại tôi chỉ muốn kết thúc tất cả","Tôi nghe thấy bạn đang rất đau khổ và tuyệt vọng, và tôi thực sự rất tiếc khi nghe bạn nói như vậy.  Việc bạn chia sẻ với tôi rằng bạn muốn kết thúc tất cả cần rất nhiều can đảm, và tôi muốn bạn biết rằng tôi ở đây, lắng nghe bạn mà không phán xét.  Cảm giác muốn buông xuôi mọi thứ thật khủng khiếp, phải không?  

Hiện tại, bạn đang cảm thấy quá sức và tuyệt vọng, và điều đó hoàn toàn dễ hiểu.  Thay vì cố gắng tìm ra những lý do ngay lúc này, có lẽ chúng ta nên cùng nhau tìm một không gian an toàn hơn cho bạn, nơi bạn có thể được hỗ trợ và chăm sóc một cách chuyên nghiệp.  Có rất nhiều người muốn giúp đỡ bạn vượt qua giai đoạn khó khăn này.

Bạn có muốn tôi giúp bạn tìm kiếm thông tin liên hệ của một đường dây nóng hỗ trợ tâm lý hoặc một chuyên gia tâm lý không? Hoặc bạn muốn chia sẻ thêm về những gì đang diễn ra để tôi có thể hiểu rõ hơn về tình hình của bạn?  Không cần phải ép buộc bản thân, cứ từ từ chia sẻ những gì bạn cảm thấy thoải mái. Tôi ở đây để lắng nghe bạn."
"Tôi không tìm thấy động lực nào để sống nữa.  Làm ơn, giúp tôi tìm lại ý nghĩa cuộc sống trước khi quá muộn","Tôi rất xin lỗi khi nghe bạn nói như vậy. Nghe bạn chia sẻ, tôi hiểu bạn đang trải qua một thời điểm vô cùng khó khăn và mệt mỏi, đến mức không còn tìm thấy động lực để sống nữa.  Cảm giác đó thật sự rất nặng nề, và tôi muốn bạn biết rằng bạn không cô đơn.  Việc bạn tìm đến đây để chia sẻ đã cho thấy bạn có một sức mạnh tiềm tàng bên trong, một mong muốn tìm lại ý nghĩa cuộc sống, và điều đó thật đáng trân trọng.

Bạn đã nói rằng bạn muốn tìm lại ý nghĩa cuộc sống trước khi quá muộn, và đó là một bước đi rất quan trọng.  Tôi không thể thay đổi hoàn cảnh của bạn, nhưng tôi có thể ở đây lắng nghe bạn chia sẻ thêm về những gì bạn đang cảm thấy. Có điều gì cụ thể khiến bạn cảm thấy mất hết động lực không?  

Nếu bạn cảm thấy thoải mái, hãy chia sẻ thêm với tôi.  Ngoài ra, tôi muốn gợi ý rằng việc nói chuyện với một chuyên gia tâm lý hoặc bác sĩ có thể giúp bạn tìm ra hướng đi phù hợp và hỗ trợ bạn vượt qua giai đoạn khó khăn này. Họ có nhiều kinh nghiệm và kiến thức để giúp bạn tìm lại sự cân bằng và ý nghĩa trong cuộc sống.  Bạn không cần phải tự mình gánh chịu tất cả những điều này."
"Tôi ở bên bờ vực thẳm.  Tôi cần sự giúp đỡ để tìm lại hi vọng và lý do để sống tiếp, chứ không phải cái chết","Tôi rất tiếc khi nghe bạn đang trải qua những khó khăn như vậy. Nghe bạn nói ""ở bên bờ vực thẳm"" khiến tôi hiểu bạn đang phải đối mặt với nỗi đau rất lớn.  Việc bạn tìm đến đây và chia sẻ với tôi, nói rằng bạn muốn tìm lại hi vọng và lý do để sống tiếp, đó đã là một bước đi rất dũng cảm và mạnh mẽ rồi.  Bạn không cô đơn đâu.

Tôi không phải là chuyên gia, nhưng tôi muốn bạn biết rằng cảm xúc của bạn là hoàn toàn hợp lệ và được chấp nhận.  Bạn đã mạnh mẽ đến mức nào khi đối diện với tất cả điều này.  Có điều gì cụ thể đang khiến bạn cảm thấy như vậy không?  Bạn có muốn chia sẻ thêm về những gì bạn đang trải qua không?  

Nếu bạn cảm thấy thoải mái, việc nói chuyện với một chuyên gia sức khỏe tâm thần có thể rất hữu ích. Họ có thể cung cấp cho bạn sự hỗ trợ và hướng dẫn chuyên nghiệp hơn để vượt qua giai đoạn khó khăn này.  Tôi có thể giúp bạn tìm kiếm thông tin liên hệ với các dịch vụ hỗ trợ tâm lý nếu bạn muốn.  Điều quan trọng nhất lúc này là bạn không phải đối mặt với tất cả một mình."
"Dưới đây là một số cách diễn đạt lại câu gốc, giữ nguyên ý nghĩa và cảm xúc tiêu cực nhưng với giọng văn khác nhau:","Tôi nghe bạn nói và hiểu rằng bạn đang trải qua một thời gian rất khó khăn.  Việc bạn tìm cách diễn đạt lại những cảm xúc tiêu cực của mình cho thấy bạn đang cố gắng tìm cách hiểu và xử lý chúng, và đó là một điều rất đáng khen ngợi.  Thật không dễ dàng để chia sẻ những điều này, nên tôi rất trân trọng sự mạnh mẽ của bạn.

Bạn có muốn chia sẻ thêm về những gì bạn đang cảm thấy không?  Tôi ở đây để lắng nghe, không phán xét.  Nếu bạn cảm thấy quá khó khăn để đối mặt một mình,  có rất nhiều người có thể hỗ trợ bạn, bao gồm cả các chuyên gia tâm lý và đường dây nóng hỗ trợ người có ý định tự tử.  Tôi có thể giúp bạn tìm kiếm thông tin về những nguồn hỗ trợ này nếu bạn muốn.  Không cần phải gánh vác mọi thứ một mình đâu."
"Tôi kiệt quệ rồi. Gần 3 giờ sáng rồi, và tôi muốn tự làm đau mình.  Tôi không hiểu nổi tại sao mình phải tiếp tục sống nữa, tôi muốn kết thúc tất cả.** (Giữ giọng văn gần với nguyên bản, nhấn mạnh sự tuyệt vọng)","Tôi rất xin lỗi khi nghe bạn nói vậy.  Gần 3 giờ sáng, cảm giác kiệt quệ và muốn tự làm đau bản thân quả là kinh khủng.  Tôi thực sự hiểu bạn đang trải qua một thời điểm vô cùng khó khăn, và nghe bạn nói như vậy, tôi thấy rất đau lòng.  Cảm giác muốn kết thúc tất cả thật là mạnh mẽ, phải không?  Bạn không cô đơn đâu,  nhiều người đã từng cảm thấy như bạn.

Có điều gì cụ thể hơn khiến bạn cảm thấy như vậy không?  Bạn có muốn chia sẻ thêm về những gì đang diễn ra trong cuộc sống của bạn không?  Tôi sẽ lắng nghe mà không phán xét.  

Nếu bạn cảm thấy quá khó khăn để đối mặt với điều này một mình,  có rất nhiều người sẵn sàng giúp đỡ bạn.  Bạn có muốn tôi tìm giúp bạn một số đường dây nóng hỗ trợ khẩn cấp hoặc thông tin của các chuyên gia tâm lý không?  Việc tìm kiếm sự giúp đỡ không có nghĩa là bạn yếu đuối, mà đó là một dấu hiệu của sự dũng cảm và bạn đang tìm cách để vượt qua giai đoạn khó khăn này."
"Mọi thứ đã quá sức chịu đựng. Ba giờ sáng rồi mà tôi vẫn không thể ngừng nghĩ đến việc tự gây thương tích.  Tôi thấy mình không còn lý do gì để tồn tại nữa.** (Giọng văn trầm tĩnh hơn, tập trung vào sự tuyệt vọng triền miên)","Tôi rất xin lỗi khi nghe bạn nói như vậy. Ba giờ sáng, và bạn đang phải vật lộn với những suy nghĩ đau đớn như thế này… thật sự rất khó khăn.  Tôi hiểu bạn đang cảm thấy mọi thứ quá sức chịu đựng, và ý nghĩ tự gây thương tích cứ ám ảnh bạn.  Nghe bạn nói về sự tuyệt vọng triền miên này, tôi thực sự rất thương bạn.  

Cảm giác không còn lý do để tồn tại là một cảm giác rất nặng nề, và tôi muốn bạn biết rằng bạn không cô đơn.  Rất nhiều người đã từng trải qua cảm giác tương tự và đã tìm thấy cách vượt qua.  

Có lẽ bây giờ bạn chưa sẵn sàng, nhưng nếu bạn muốn chia sẻ thêm bất cứ điều gì đang khiến bạn cảm thấy như vậy, tôi sẽ luôn ở đây lắng nghe.  Hoặc nếu bạn cảm thấy quá khó khăn để đối mặt một mình, có những người chuyên nghiệp sẵn sàng hỗ trợ bạn, những người có thể giúp bạn tìm lại hy vọng và hướng đi. Bạn có muốn tôi tìm giúp bạn một số số điện thoại đường dây nóng hỗ trợ tâm lý hay thông tin về các chuyên gia không?  Không có áp lực gì cả, chỉ cần bạn cảm thấy cần thôi nhé."
"Tôi đã hoàn toàn cạn kiệt.  Suy nghĩ tự vẫn cứ quấn lấy tôi lúc gần 3 giờ sáng này. Tôi không tìm thấy bất cứ lý do nào để tiếp tục nữa, tôi muốn buông xuôi tất cả.** (Tập trung vào cảm giác cạn kiệt và sự thiếu động lực sống)","Tôi rất xin lỗi khi nghe bạn chia sẻ về những cảm xúc khó khăn như vậy.  Việc bạn cảm thấy cạn kiệt và những suy nghĩ tự vẫn quấn lấy bạn lúc 3 giờ sáng thật sự rất đáng lo ngại, và tôi hiểu rằng đó là một trải nghiệm vô cùng đau đớn.  Không ai đáng phải chịu đựng điều đó một mình.  Bạn đã rất mạnh mẽ khi chia sẻ những điều này với tôi.  

Tôi thực sự muốn bạn biết rằng cảm giác của bạn là hoàn toàn hợp lệ.  Cạn kiệt tinh thần là một điều rất khó khăn, và việc bạn không tìm thấy lý do để tiếp tục là điều tôi hoàn toàn hiểu được trong lúc này.  

Bạn có muốn chia sẻ thêm về những gì khiến bạn cảm thấy như vậy không?  Không cần phải ép buộc bản thân, cứ chia sẻ những gì bạn cảm thấy thoải mái.  

Nếu bạn cảm thấy quá khó khăn để đối mặt với những cảm xúc này một mình, tôi muốn gợi ý bạn liên hệ với đường dây nóng hỗ trợ tâm lý hoặc tìm gặp một chuyên gia tâm lý.  Họ có thể cung cấp sự hỗ trợ chuyên nghiệp và giúp bạn tìm ra con đường để vượt qua giai đoạn khó khăn này.  Việc tìm kiếm sự giúp đỡ không phải là một dấu hiệu của yếu đuối mà là một dấu hiệu của sức mạnh và sự dũng cảm."
"Tôi không thể chịu đựng thêm được nữa.  Đã gần 3 giờ sáng, và tôi đang nghĩ đến việc tự sát.  Tôi cảm thấy mình đã hết sức chịu đựng và không còn muốn sống nữa.** (Ngôn từ trực tiếp hơn, nhấn mạnh sự tuyệt vọng và hành động đang được cân nhắc)","Tôi rất xin lỗi khi nghe bạn nói vậy.  Ba giờ sáng là một thời điểm rất khó khăn, và tôi hoàn toàn hiểu bạn đang cảm thấy tuyệt vọng đến mức nào.  Nghe bạn nói về ý nghĩ tự sát khiến tôi vô cùng lo lắng.  Bạn đã trải qua rất nhiều điều đúng không?  Tôi muốn bạn biết rằng bạn không cô đơn và những cảm xúc bạn đang trải qua là có thật, hoàn toàn hợp lệ.  Liệu bạn có muốn chia sẻ thêm về những gì đang khiến bạn khó khăn như vậy không?  Nếu bạn cảm thấy thoải mái, chúng ta có thể cùng nói chuyện.  Nếu không, tôi cũng muốn bạn biết rằng có rất nhiều người sẵn sàng giúp đỡ bạn vượt qua thời điểm này.  Có một số đường dây nóng hỗ trợ khủng hoảng và chuyên gia tâm lý có thể giúp bạn tìm lại sự cân bằng.  Bạn có muốn tôi tìm giúp bạn một số thông tin liên hệ không?"
"Mệt mỏi đến cùng cực. Gần 3 giờ sáng rồi, và ý nghĩ tự làm mình bị thương cứ ám ảnh tôi.  Tôi không thấy tương lai, và tôi muốn chấm dứt mọi thứ ngay bây giờ.** (Tập trung vào sự mệt mỏi và thiếu hy vọng về tương lai)",
"Dưới đây là một số cách diễn đạt lại câu văn trên, cố gắng giữ nguyên ý nghĩa và cảm xúc tiêu cực mà người viết muốn truyền đạt, nhưng tránh dùng từ ngữ thô tục:",
"Tôi tuyệt vọng vô cùng.  Trầm cảm giày vò tôi đến mức tôi không còn thấy ý nghĩa gì trong cuộc sống này nữa. Việc điều trị không mang lại kết quả, thậm chí còn làm tôi tệ hơn. Tôi tự ti về bản thân, cảm thấy mình xấu xí, vô dụng và không đáng sống.  Tôi đang nghĩ đến việc kết thúc mọi thứ",
"Lưu ý:**  Những câu văn này vẫn phản ánh sự tuyệt vọng và ý định tự tử của người viết.  Nếu bạn hoặc người thân đang có những suy nghĩ tương tự, hãy tìm kiếm sự giúp đỡ ngay lập tức.  Bạn có thể liên hệ với đường dây nóng tư vấn tâm lý hoặc người thân, bạn bè để được hỗ trợ",
"Dưới đây là 5 cách diễn đạt khác nhau cho câu gốc, giữ nguyên ý nghĩa và cảm xúc:",
"Tôi không thể chịu đựng nổi cảnh sống vất vưởng này thêm nữa.  Quyết định của tôi đã dứt khoát.  Tôi chẳng muốn gì, chẳng là gì cả.  Tôi sẽ không để ai thỏa mãn khi chứng kiến sự bẽ bàng này nữa. Tuần này, hành trình đầy nhục nhã và đau đớn này sẽ kết thúc",
"Tôi đã quá mệt mỏi với cuộc sống ngoài trời, và tôi đã quyết tâm. Tôi không còn ham muốn gì, cũng chẳng còn là gì. Tôi sẽ không để ai thấy tôi như thế này nữa để họ được thỏa mãn. Tuần này, chuỗi ngày sỉ nhục và tra tấn sẽ chấm dứt",
"Tôi không thể tiếp tục sống lang thang như thế này được nữa.  Tôi đã quyết tâm chấm dứt mọi chuyện. Tôi chẳng còn gì để mất, cũng chẳng là gì cả.  Tôi sẽ không cho bất cứ ai cơ hội để thấy tôi đau khổ như vậy nữa. Tuần này, cuộc hành trình đầy nhục nhã và khổ sở sẽ kết thúc",
"Đã đến lúc tôi phải chấm dứt cuộc sống vất vưởng này. Tôi đã hạ quyết tâm. Tôi không còn khao khát điều gì, cũng chẳng còn là ai cả.  Tôi sẽ không để ai được chứng kiến sự suy sụp này của tôi nữa. Tuần này, nỗi thống khổ và sự nhục nhã sẽ kết thúc",
"Sống ngoài trời như thế này đã đủ rồi. Tôi đã quyết định. Tôi không còn muốn gì, không còn là gì. Tôi sẽ không cho ai cơ hội để thấy tôi yếu đuối như vậy nữa. Tuần này, cuộc hành trình đầy đau đớn và ê chề sẽ khép lại",
"Dưới đây là một vài cách diễn đạt khác nhau cho câu văn gốc, giữ nguyên ý nghĩa và cảm xúc tiêu cực:",
"Những câu văn trên cố gắng giữ nguyên mức độ nghiêm trọng của cảm xúc ban đầu nhưng với ngôn từ lịch sự hơn, phù hợp với văn viết tiếng Việt.  Điều quan trọng là người viết cần tìm kiếm sự giúp đỡ từ người thân, bạn bè hoặc chuyên gia tâm lý khi có những suy nghĩ tiêu cực như vậy","Tôi hiểu bạn đang cảm thấy rất khó khăn.  Việc bạn chia sẻ những điều này với tôi, dù chỉ qua những dòng chữ, đã rất can đảm rồi.  Nghe bạn nói về những cảm xúc nặng nề như vậy, tôi thực sự cảm thấy đồng cảm.  Không ai nên phải gánh chịu điều này một mình.  

Bạn đã nói đến việc tìm kiếm sự giúp đỡ từ người thân, bạn bè hoặc chuyên gia tâm lý, và đó là một bước rất quan trọng.  Liệu bạn có muốn chia sẻ thêm về những gì bạn đang trải qua không?  Hay bạn có thể nghĩ đến việc nói chuyện với ai đó bạn tin tưởng, hoặc tìm kiếm sự hỗ trợ chuyên nghiệp từ một chuyên gia tâm lý?  Tôi ở đây để lắng nghe nếu bạn cần, và hoàn toàn tôn trọng quyết định của bạn.  Không cần phải vội vàng, hãy cứ để tâm trí bạn được nghỉ ngơi và lựa chọn cách tốt nhất cho mình nhé."
"Dưới đây là 5 cách diễn đạt khác nhau cho câu văn gốc, cố gắng giữ nguyên ý nghĩa và cảm xúc:",
"Tôi cảm thấy mình là một gánh nặng, một sai lầm, một người thừa thãi trong mắt cha mình và cả xã hội này.  Những năm tháng bị kỳ thị và tổn thương đã khiến tôi mất niềm tin vào bản thân và tương lai.  Tôi chỉ mong tìm được một tia hy vọng nhỏ nhoi giữa bóng tối bao trùm",
Tất cả những gì tôi có chỉ là sự cô đơn và nỗi tuyệt vọng không lối thoát.  Tôi sợ hãi khi nghĩ về tương lai và cảm thấy mình chẳng có giá trị gì cả.  Thật khó để tôi có thể tiếp tục sống khi mà mọi thứ dường như đều chống lại tôi,
"Dưới đây là một số cách diễn đạt khác nhau cho câu tiếng Anh, giữ nguyên ý nghĩa và cảm xúc tiêu cực, nhưng tránh dùng từ ngữ quá trực tiếp và gây sốc:",
"Sự sỉ nhục và nỗi đau đớn tinh thần khi phải ngủ ngoài trời đã vượt quá sức chịu đựng của tôi. Tuần này, tôi thấy mình không thể tiếp tục nữa và đang nghĩ đến việc kết liễu cuộc đời",
"Tôi đã quá mệt mỏi với cuộc sống này, đặc biệt là với thân thể này. Việc phải ngủ ngoài trời và chịu đựng sự sỉ nhục đã đẩy tôi đến bờ vực tuyệt vọng.  Tôi không thể nào chịu đựng thêm được nữa",
"Sự đau khổ thể xác lẫn tinh thần, nhất là việc phải ngủ ngoài trời và chịu đựng sự nhục nhã, đã khiến tôi kiệt sức.  Tôi đã quyết định kết thúc mọi chuyện trong tuần này",
"Tôi đã bị dồn đến đường cùng.  Sự sỉ nhục và việc phải sống ngoài trời đã khiến tôi tuyệt vọng đến mức không thể chịu đựng thêm nổi.  Tuần này, tôi sẽ chấm dứt tất cả",
"Tôi không thể nào chịu đựng thêm được nữa.  Cái cảm giác bị sỉ nhục, bị hành hạ tinh thần và phải ngủ ngoài trời đã đẩy tôi đến vực thẳm.  Tôi đã quyết định kết thúc cuộc đời mình trong tuần này",
"Thế giới như sụp đổ khi tôi nhận được ba tin dữ cùng lúc: bố của bạn thân qua đời ở tuổi 58, bố tôi rời bỏ tôi để lại tôi và mẹ, và bạn gái hai năm rưỡi bên cạnh vừa chia tay.  Mới 17 tuổi mà tôi đã cảm thấy kiệt quệ, tuyệt vọng đến mức chỉ muốn kết thúc tất cả",
"Tuổi 17, tôi phải gánh chịu cú sốc quá lớn: bố của người bạn thân mất, bố tôi bỏ đi, và mối tình 2 năm rưỡi cũng tan vỡ.  Ba nỗi đau cùng ập đến trong một ngày, khiến tôi cảm thấy như bị cả vũ trụ bỏ rơi, chỉ muốn buông xuôi tất cả",
"Một ngày đen đủi nhất đời:  bố người bạn thân ra đi ở tuổi 58, bố tôi lại rời xa tôi, và bạn gái nói lời chia tay sau 2 năm rưỡi yêu đương.  Tôi cô đơn, tuyệt vọng đến cùng cực ở tuổi 17, chỉ mong được chấm dứt mọi đau khổ",
"Chưa đầy 24 giờ, cuộc đời tôi đã thay đổi hoàn toàn.  Mất mát chồng chất mất mát:  bố của người bạn thân qua đời, gia đình tan vỡ khi bố bỏ đi, và người yêu chia tay.  17 tuổi, tôi cảm thấy kiệt sức và tuyệt vọng, ước gì được chết đi cho rồi",
"Dưới đây là 5 cách diễn đạt khác nhau, cố gắng giữ nguyên ý nghĩa và cảm xúc của câu gốc:",
"Dưới đây là 5 cách diễn đạt khác nhau cho câu văn gốc, giữ nguyên ý nghĩa và cảm xúc:",
"Thay vì viết lại câu gốc, tôi đề xuất các câu sau đây thể hiện sự tuyệt vọng và cần giúp đỡ, nhưng không trực tiếp mô tả hành động tự sát:",
Sự nhục nhã và khổ sở khi phải ngủ ngoài trời đã đẩy tôi đến bờ vực tuyệt vọng.  Tình trạng thất nghiệp và kiệt sức khiến tôi cảm thấy không còn lối thoát.**  (Câu này nhấn mạnh sự tuyệt vọng và không còn lối thoát),
Tôi đã chịu đựng đủ rồi.  Việc thất nghiệp và phải sống ngoài trời đã làm tôi kiệt quệ cả thể xác lẫn tinh thần.** (Câu này tập trung vào sự kiệt quệ thể chất và tinh thần),
Tôi đã đến giới hạn chịu đựng.  Sự sỉ nhục và đau đớn này đã quá sức với tôi.  Tôi cần sự giúp đỡ.** (Câu này trực tiếp kêu gọi sự giúp đỡ),
Tôi cảm thấy mình như sắp gục ngã.  Sự thất nghiệp và cảnh sống đường phố đã khiến tôi tuyệt vọng tột cùng.** (Câu này thể hiện sự tuyệt vọng nhưng không nhắc đến hành động cụ thể),
Hãy nhớ rằng bạn không cô đơn và có rất nhiều người sẵn sàng giúp đỡ bạn.  Vui lòng liên hệ với đường dây nóng hoặc tìm kiếm sự hỗ trợ chuyên nghiệp,
"Dưới đây là 5 cách diễn đạt khác nhau câu văn gốc, giữ nguyên ý nghĩa và cảm xúc:",
"Dưới đây là một số cách diễn đạt khác nhau cho câu văn trên, cố gắng giữ nguyên ý nghĩa và cảm xúc, nhưng với giọng văn nhẹ nhàng hơn để tránh gây khó chịu cho người đọc:",
"Lưu ý:  Những câu văn này vẫn mang tính chất nặng nề.  Nếu bạn hoặc người bạn biết đang có những suy nghĩ tương tự, hãy tìm kiếm sự trợ giúp chuyên nghiệp ngay lập tức.  Có rất nhiều đường dây nóng và tổ chức hỗ trợ sẵn sàng giúp đỡ",
"Dưới đây là 5 cách diễn đạt khác nhau cho câu ""Thank you! Feel free to send me a message I just need someone I can talk to....please"":",
"Cảm ơn bạn rất nhiều! Nếu bạn muốn, cứ nhắn tin cho mình nhé, mình đang cần lắm một người để tâm sự… làm ơn",
"Cảm ơn bạn!  Mình rất muốn được nói chuyện với ai đó, nên nếu bạn rảnh, hãy nhắn tin cho mình nha… mình cầu xin bạn đấy",
"Mình xin cảm ơn!  Thật sự mình cần được chia sẻ, bạn có thể nhắn tin cho mình bất cứ lúc nào…  mình đang rất cần sự giúp đỡ",
"Cảm ơn bạn!  Mình đang rất cô đơn và cần ai đó để tâm sự, vậy nên nếu bạn không phiền, hãy nhắn tin cho mình nhé… mình mong chờ tin nhắn của bạn",
"Cảm ơn bạn!  Mình đang cần nói chuyện với ai đó, bạn cứ thoải mái nhắn tin cho mình nha…  mình rất cần sự an ủi của bạn lúc này",
"Dưới đây là 5 cách diễn đạt khác nhau cho câu tiếng Anh, giữ nguyên ý nghĩa và cảm xúc tiêu cực:",
"Tôi cảm thấy bế tắc, tuyệt vọng, và ước gì mình chưa từng được sinh ra.  Sự căm phẫn bản thân và gia đình dâng trào đến mức tôi chỉ muốn chết đi cho xong",
"Tôi như mắc kẹt trong một vực sâu không lối thoát, và hối hận vô cùng vì đã được sinh ra trên đời này.  Tôi căm ghét bản thân và gia đình mình đến tận cùng, và cái chết là điều tôi khao khát nhất lúc này",
"Cuộc đời tôi như một ngục tù, và tôi tự trách mình đã phải chịu đựng điều này.  Tôi đầy hận thù với chính mình và gia đình, và ý nghĩ tự tử cứ ám ảnh tôi không thôi",
"Tôi tuyệt vọng đến cùng cực, ước gì mình chưa từng xuất hiện trên thế gian này.  Tôi ghê tởm bản thân và những người thân yêu, và cái chết giờ đây là lối thoát duy nhất mà tôi thấy được",
Tôi chìm trong đau khổ và sự bất lực đến tột độ.  Việc được sinh ra dường như là một sai lầm khủng khiếp.  Tôi căm hận bản thân và gia đình mình đến mức muốn chấm dứt tất cả,
"Lưu ý:** Những câu văn trên đều thể hiện sự đau khổ và tuyệt vọng cực độ. Nếu bạn hoặc người nào đó đang có những suy nghĩ tương tự, hãy tìm kiếm sự giúp đỡ ngay lập tức.  Bạn có thể liên hệ với đường dây nóng hỗ trợ tâm lý hoặc người thân, bạn bè để được hỗ trợ",
"Tôi không biết lý do tại sao mình lại rơi vào tình trạng này, chỉ biết rằng bản thân đã trở nên tăm tối, đáng sợ và cần phải chấm dứt.  Có cách nào nhẹ nhàng để giải thoát không?  Nếu có súng, tôi đã tự giải quyết rồi. Tôi thực sự muốn ra đi",
"Tôi chẳng thể lý giải nổi vì sao mình lại đến bước đường cùng này.  Tôi đã trở thành một kẻ đáng sợ, và điều đó phải được giải quyết.  Có ai có cách nào giúp tôi chấm dứt mọi chuyện mà không phải chịu đau đớn không? Tôi thèm được chết, nếu có súng thì",
"Tình cảnh hiện tại của tôi tăm tối đến mức tôi cũng không thể lý giải. Tôi đã trở nên kinh khủng, và điều này cần phải được giải quyết ngay lập tức.  Làm sao để tôi ra đi một cách nhẹ nhàng nhất? Tôi ước gì mình có súng...  Tôi thực sự muốn kết thúc tất cả",
"Tôi không thể diễn tả nổi sự tuyệt vọng đang nhấn chìm mình.  Tôi đã trở nên tồi tệ đến mức không thể cứu vãn.  Làm ơn, hãy cho tôi một lối thoát không đau đớn. Nếu có cơ hội, tôi đã tự kết liễu cuộc đời mình rồi.  Tôi muốn buông tay",
"Tôi lạc vào vực thẳm mà không hiểu vì sao.  Bản thân tôi giờ đây đáng sợ đến mức bản thân mình còn kinh hãi.  Tôi cần được giải thoát, nhưng phải là cách nhẹ nhàng nhất.  Nếu có súng, tôi đã không cần phải khổ sở như thế này. Tôi mệt mỏi lắm rồi, tôi muốn chết",
"Tâm trạng tôi rối bời, mệt mỏi vô cùng.  Cuộc sống hiện tại quá trống vắng: không người thân, không con cái, thậm chí cả công việc cũng không có.  Tôi chẳng thấy lý do gì để tiếp tục sống nữa, nhưng một điều gì đó bên trong vẫn níu giữ tôi lại.  Chết chóc không phải là điều tôi muốn",
"Tôi đang cố gắng trút bỏ những cảm xúc nặng nề này.  Sự mệt mỏi dường như nhấn chìm tôi.  Tôi cô đơn, thất nghiệp, không gia đình…  Thực sự, tôi không nhìn thấy tương lai, nhưng bản năng sinh tồn vẫn ngăn cản tôi nghĩ đến cái chết.  Tôi không muốn chết",
"Tôi cần được giải tỏa những cảm xúc dồn nén này.  Tôi kiệt sức rồi.  Vắng bóng người thân, công việc, tương lai mù mịt…  Tôi thấy vô nghĩa khi tiếp tục sống, nhưng có điều gì đó không cho phép tôi tự kết liễu đời mình.  Tôi vẫn muốn sống",
"Tôi đang cố gắng bày tỏ những gì đang dằn vặt trong lòng.  Tôi quá mệt mỏi, kiệt quệ.  Một mình, thất nghiệp, không có gia đình…  Tôi không thấy mục đích sống nữa, nhưng vẫn có một sức mạnh nào đó giữ tôi lại.  Tôi không muốn chết, không hề muốn",
"Cảm xúc dâng trào khiến tôi muốn trút hết ra đây.  Tôi quá mệt mỏi.  Cuộc sống hiện tại thật sự trống trải: không vợ chồng, con cái, công việc…  Tôi cảm thấy vô vọng, nhưng một phần nào đó trong tôi vẫn không cho phép tôi buông xuôi. Tôi vẫn muốn được sống",
"Dưới đây là 5 câu văn khác nhau, giữ nguyên ý nghĩa và cảm xúc của câu gốc, nhưng diễn đạt bằng tiếng Việt:",
"Mệt mỏi quá, tôi chỉ muốn mọi thứ chấm dứt, muốn ngủ một giấc thật dài và không bao giờ tỉnh lại.  Sự đau đớn, buồn bã này… tôi không chịu nổi nữa.  Mẹ tôi nói sai tên tôi, không hề cố gắng hiểu tôi, điều đó khiến tôi tuyệt vọng.  Viết những dòng này, có lẽ như một lời tạm biệt với bạn bè…",
"Tôi chán sống lắm rồi.  Sự vô tâm của mẹ, khi bà ấy không nhớ cả tên tôi, càng khiến tôi muốn buông xuôi tất cả.  Chỉ muốn mọi cảm xúc biến mất, chỉ muốn chết đi thôi. Thậm chí tôi còn không biết mình sẽ làm thế nào, nhưng tôi thực sự không muốn tỉnh dậy nữa",
"Tôi tuyệt vọng đến cùng cực.  Nỗi buồn và đau đớn dường như nhấn chìm tôi.  Mẹ không nhớ tên tôi, sự thờ ơ ấy khiến tôi cảm thấy mình không tồn tại.  Tôi muốn mọi thứ kết thúc, muốn được ngủ yên mãi mãi.  Những dòng này, như một lời giã biệt…  Tôi quá mệt mỏi rồi",
"Dưới đây là 5 cách diễn đạt khác nhau câu tiếng Anh đã cho, cố gắng giữ nguyên ý nghĩa và cảm xúc:",
"Dưới đây là 5 cách diễn đạt khác nhau cho câu văn gốc, giữ nguyên ý nghĩa và cảm xúc tiêu cực:",
"Dưới đây là một số cách diễn đạt khác nhau cho câu ""I have everything ready. I just need a reason to stay. Convince me not to hang myself."", giữ nguyên ý nghĩa và cảm xúc:",
"Mọi thứ đã sẵn sàng, chỉ còn thiếu một lý do để tôi ở lại. Hãy thuyết phục tôi đừng tự kết liễu cuộc đời mình. (Giữ nguyên nghĩa đen, gần gũi với câu gốc)",
"Tôi đã chuẩn bị xong xuôi hết rồi.  Chỉ cần một lý do thôi, một lý do để tôi tiếp tục sống.  Hãy giúp tôi tìm thấy nó, đừng để tôi tự hủy hoại mình. (Nhấn mạnh vào việc tìm kiếm lý do sống)",
"Tất cả đã xong cả rồi. Giờ chỉ cần một tia hy vọng, một lời thôi thúc để tôi bám víu mà sống tiếp. Hãy cứu tôi khỏi vực thẳm này. (Tạo hình ảnh mạnh mẽ về sự tuyệt vọng và cần được cứu giúp)",
"Tôi đã sẵn sàng ra đi, mọi thứ đều đã được chuẩn bị kỹ càng.  Nhưng xin hãy cho tôi một lý do để ở lại, để tôi không phải làm điều dại dột này. (Nhấn mạnh sự quyết tâm tự tử nhưng vẫn khao khát được cứu rỗi)",
"Cuộc sống của tôi đã chuẩn bị sẵn sàng cho một kết thúc.  Hãy cho tôi một lý do, một động lực để tôi từ bỏ ý định này. Xin hãy cứu tôi. (Cảm giác tuyệt vọng, nhưng vẫn có một chút hy vọng mong manh)",
"Hôm nay tôi hoàn toàn sụp đổ trước mặt bố mẹ, nhưng họ dường như chẳng quan tâm gì. Cảm giác này thật khủng khiếp. Tôi thực sự mong ước ít nhất một lần trong đời, tôi đủ mạnh mẽ để kết thúc tất cả. Tôi đang dần mất kiểm soát",
"Tôi đã gục ngã trước bố mẹ hôm nay, và sự thờ ơ của họ khiến tôi đau đớn vô cùng.  Thật kinh khủng. Tôi chỉ ao ước có đủ sức mạnh để chấm dứt mọi thứ, tôi đang thực sự tuyệt vọng",
"Tôi tan vỡ trước mặt cha mẹ mình hôm nay, và sự lãnh đạm của họ như một nhát dao cứa vào tim.  Cảm giác này tệ hại vô cùng.  Tôi khát khao được mạnh mẽ một lần, đủ mạnh để buông bỏ tất cả. Tôi sắp chịu không nổi nữa rồi",
"Tôi đã không kìm được cảm xúc và bật khóc trước bố mẹ hôm nay, nhưng họ lại chẳng hề để tâm.  Sự vô cảm đó làm tôi đau đớn tột cùng.  Tôi ước gì mình có đủ can đảm để kết thúc tất cả, tôi đang ở bờ vực của sự tuyệt vọng",
"Hôm nay, tôi đã trải qua một cú sốc tinh thần trước mặt bố mẹ, và phản ứng của họ khiến tôi tuyệt vọng.  Cảm giác này thật kinh hoàng.  Tôi thầm cầu nguyện cho mình đủ mạnh mẽ để chấm dứt chuỗi ngày đau khổ này, tôi đang dần kiệt sức",
"Lưu ý:  Việc sử dụng từ ngữ mạnh mẽ trong câu gốc đã được thay thế bằng những từ ngữ mang tính chất miêu tả cảm xúc sâu sắc hơn, tránh gây phản cảm.  Tuy nhiên, vẫn giữ được tinh thần tuyệt vọng và đau khổ của người viết",
"Dưới đây là 3-5 cách diễn đạt khác nhau cho câu gốc, cố gắng giữ nguyên ý nghĩa và cảm xúc:",
"Các câu trên cố gắng truyền tải nỗi đau, sự hoang mang và tuyệt vọng của cô bé một cách chân thực và đồng cảm.  Việc sử dụng ngôn từ được điều chỉnh để phù hợp với văn cảnh và tránh những từ ngữ quá thô tục trong câu gốc",
"Mọi thứ đều khiến tôi mệt mỏi và chán nản đến cùng cực. Tôi ước mình có thể chấm dứt tất cả những cảm giác này, thậm chí là chết đi cho xong.  Mỗi ngày trôi qua đều giống nhau, không có gì dễ chịu hơn",
"Tôi quá mệt mỏi với tất cả.  Sự nhàm chán và tuyệt vọng cứ đeo bám tôi không dứt. Tôi chỉ muốn buông xuôi,  cái chết dường như là lối thoát duy nhất trong sự lặp lại vô nghĩa này",
"Tôi ghét cuộc sống này. Sự mệt mỏi này cứ giày vò tôi từng ngày, không có điểm dừng.  Tôi tuyệt vọng đến mức chỉ muốn kết thúc tất cả. Mỗi ngày đều giống như một bản sao của ngày trước, không hề có chút hy vọng nào",
"Tất cả đều quá sức chịu đựng.  Tôi kiệt quệ cả thể xác lẫn tinh thần, và mong muốn được giải thoát khỏi cảm giác này.  Tôi cảm thấy như mình đang chết dần chết mòn trong sự đơn điệu và tuyệt vọng này",
"Tôi không thể chịu đựng được nữa.  Sự mệt mỏi này đã nhấn chìm tôi, và tôi chỉ muốn mọi thứ kết thúc.  Cái chết nghe có vẻ như là một sự giải thoát, bởi vì mỗi ngày trôi qua đều giống hệt như ngày hôm trước, không hề có chút thay đổi nào",
"Các câu trên đều cố gắng giữ nguyên ý nghĩa gốc, tuy nhiên sắc thái cảm xúc có thể hơi khác nhau tùy thuộc vào ngữ cảnh và cách hiểu của người đọc",
"Dưới đây là một số cách diễn đạt khác nhau cho câu tiếng Anh, giữ nguyên ý nghĩa và cảm xúc, tập trung vào sự tuyệt vọng và phi lý của việc tự tử vì vấn đề tình cảm:",
Việc người con gái trong mộng bị người khác cướp mất có phải là lý do chính đáng để bạn tự kết liễu đời mình không?  Chỉ vì chuyện tình cảm mà thôi sao?,
"Cô ấy thuộc về người khác rồi, điều đó có đáng để bạn phải chết không?  Đừng vì chuyện tình yêu mà đánh mất tất cả!",
"Thất tình đau khổ, nhưng tự tử vì chuyện con gái là điều quá mức cần thiết.  Hãy nhớ rằng cuộc sống vẫn còn nhiều điều đáng sống",
Chỉ vì một cô gái mà bạn muốn từ bỏ cuộc đời mình?  Đó là sự lựa chọn ngu ngốc và hủy hoại chính bản thân mình,
"Mất đi người mình yêu là điều đau đớn, nhưng tự sát không phải là giải pháp.  Hãy mạnh mẽ lên và vượt qua khó khăn này",
"Những năm tháng ấy, tôi vật lộn với chứng nghiện ngập, trầm cảm, và những cơn hoảng loạn, sự bất ổn tài chính và nỗi sợ hãi bị tổn thương khiến tôi muốn trốn chạy tất cả.  Tôi tưởng chừng sẽ không bao giờ vượt qua được, và 25 tuổi này, đối với tôi, là một phép màu",
"Hôm nay, khi tròn 25 tuổi, tôi tràn đầy cảm xúc khó tả.  Sự sống sót của tôi là một chiến thắng, một minh chứng cho sức mạnh phi thường của ý chí và niềm tin.  Cảm ơn vì đã lắng nghe câu chuyện của tôi",
"Mặc dù quá khứ đầy bóng tối, nhưng tôi vẫn ở đây, vẫn kiên cường đứng vững sau mọi giông bão.  Tôi chia sẻ câu chuyện này không phải để than thở, mà để chứng minh rằng ngay cả trong những hoàn cảnh khó khăn nhất, hy vọng vẫn luôn tồn tại",
"Dưới đây là 5 câu văn khác nhau, diễn đạt lại nội dung đoạn văn gốc bằng tiếng Việt, giữ nguyên ý nghĩa và cảm xúc:",
"Dưới đây là một số cách diễn đạt khác nhau cho câu ""Shame wins I know if I did it I would be hurting those who love me the most and that only makes me feel more guilty"":",
"Tôi biết mình sẽ làm tổn thương những người yêu thương mình nhất nếu làm thế, và điều đó khiến tôi càng thấy hổ thẹn hơn.** (Câu này giữ nguyên trọng tâm là sự hổ thẹn.)",
Suy nghĩ về việc làm tổn thương những người thân yêu nhất khiến tôi vô cùng day dứt và ân hận.** (Câu này tập trung vào cảm giác day dứt và ân hận.),
"Sự xấu hổ tràn ngập, bởi tôi hiểu rằng hành động đó sẽ gây ra đau đớn cho những người yêu quý tôi nhất, khiến tôi càng thêm dằn vặt.** (Câu này sử dụng từ ngữ mạnh mẽ hơn để miêu tả cảm xúc.)",
"Tôi không dám làm điều đó, vì nghĩ đến nỗi đau của những người thương yêu mình nhất sẽ khiến tôi cắn rứt lương tâm mãi.** (Câu này nhấn mạnh vào việc không dám làm điều đó vì sợ hậu quả.)",
"Chỉ nghĩ đến việc làm tổn thương họ thôi cũng đủ khiến tôi cảm thấy tội lỗi và xấu hổ vô cùng.  Tôi biết mình không thể làm như vậy.** (Câu này chia nhỏ câu gốc ra thành hai câu, làm nổi bật sự tội lỗi và quyết tâm không làm điều đó.)",
"Họ được đào tạo để giúp người bệnh, vậy mà thiếu kinh nghiệm về chấn thương hay một số bệnh lý lại trở thành lý do? Điều đó thật không thể chấp nhận! Toàn bộ ngành đang gặp vấn đề.  Nhà trị liệu không có quyền từ chối bệnh nhân.** (Cách diễn đạt ngắn gọn, tập trung vào sự bất công.)","Tôi nghe thấy sự thất vọng và tức giận của bạn rất rõ ràng.  Cảm giác bị từ chối khi đang cần sự giúp đỡ, đặc biệt là từ những người được đào tạo để hỗ trợ, thật sự rất khó chịu và bất công.  Tôi hiểu tại sao bạn lại cảm thấy như vậy, và tôi muốn bạn biết rằng cảm xúc của bạn là hoàn toàn hợp lệ.  Việc tìm kiếm sự giúp đỡ không nên trở thành một cuộc chiến đấu thêm nữa.

Bạn có muốn chia sẻ thêm về trải nghiệm của mình không?  Có lẽ nói về những gì đã xảy ra có thể giúp bạn cảm thấy nhẹ nhõm hơn.  Nếu bạn cảm thấy quá khó khăn để tự mình vượt qua, tôi muốn bạn biết rằng có rất nhiều chuyên gia có thể hỗ trợ bạn tìm thấy sự chăm sóc phù hợp.  Tôi có thể giúp bạn tìm kiếm thông tin về các nguồn lực hỗ trợ nếu bạn muốn.  Không cần phải chịu đựng điều này một mình."
"Dưới đây là một vài cách diễn đạt lại câu văn trên, giữ nguyên ý nghĩa và cảm xúc đau khổ, tuyệt vọng:","Tôi nghe bạn nói và cảm nhận được nỗi đau và sự tuyệt vọng đang hiện hữu trong bạn.  Thật khó khăn khi phải đối mặt với những cảm xúc như vậy, và tôi muốn bạn biết rằng bạn không cô đơn.  Chia sẻ những điều này đã rất can đảm, và tôi thực sự trân trọng điều đó.  Bạn có muốn nói thêm về những gì bạn đang trải qua không?  Không cần phải vội vàng hay ép buộc bản thân, hãy cứ chia sẻ theo tốc độ của bạn. Nếu bạn cảm thấy quá sức, hãy nhớ rằng có những người luôn sẵn sàng lắng nghe và hỗ trợ bạn, chẳng hạn như đường dây nóng hỗ trợ tâm lý hoặc chuyên gia tâm lý.  Chỉ cần nghĩ đến việc tìm kiếm sự giúp đỡ cũng đã là một bước tiến rất lớn rồi.  Tôi ở đây để lắng nghe, bất cứ lúc nào bạn cần."
"Lưu ý:**  Những câu văn trên vẫn thể hiện ý định tự tử của người viết.  Nếu bạn đang gặp khó khăn, hãy tìm kiếm sự giúp đỡ.  Bạn có thể liên hệ với đường dây nóng tư vấn tâm lý hoặc người thân, bạn bè để được hỗ trợ.  Không bao giờ là quá muộn để tìm kiếm sự giúp đỡ","Tôi rất tiếc khi biết bạn đang trải qua những khó khăn như vậy.  Việc bạn chia sẻ với tôi điều này cho thấy bạn rất dũng cảm, và tôi thực sự đánh giá cao điều đó.  Tôi hiểu rằng hiện tại bạn đang cảm thấy rất đau khổ và tuyệt vọng, và ý nghĩ tự tử đang hiện hữu.  Không ai đáng phải chịu đựng cảm giác này một mình.

Bạn có muốn chia sẻ thêm về những gì bạn đang trải qua không?  Tôi ở đây để lắng nghe mà không phán xét, bất kể bạn nói gì.  Nếu bạn cảm thấy khó khăn để nói ra, cũng không sao cả.  

Chỉ cần biết rằng, có những người quan tâm đến bạn và muốn giúp đỡ. Có rất nhiều nguồn lực hỗ trợ ngoài kia, bao gồm các chuyên gia tâm lý có thể giúp bạn tìm ra những cách giải quyết phù hợp.  Liệu bạn có muốn tôi cùng tìm hiểu xem có những dịch vụ hỗ trợ nào gần bạn không?  Hoặc nếu bạn muốn, chúng ta có thể cùng nhau tìm hiểu về các đường dây nóng hỗ trợ.  Không có áp lực gì cả, chỉ cần bạn cảm thấy thoải mái thôi nhé."
"Dưới đây là một số cách diễn đạt khác nhau cho câu tiếng Anh, giữ nguyên ý nghĩa và cảm xúc:","Tôi nghe bạn đang chia sẻ về việc tìm cách diễn đạt khác nhau cho một câu tiếng Anh.  Việc tìm kiếm những từ ngữ chính xác để diễn tả cảm xúc mình đang trải qua quả thật không dễ dàng, phải không ạ?  Tôi hiểu việc đó có thể khá khó khăn và cần nhiều sự tập trung.  Bạn có muốn chia sẻ thêm về những cảm xúc bạn đang muốn truyền tải không?  Hoặc nếu bạn thấy khó khăn trong việc diễn đạt, không sao cả, chúng ta có thể cùng nhau tìm cách khác để hiểu rõ hơn về những gì bạn đang trải qua.  Nếu bạn cảm thấy quá sức,  luôn có những người sẵn sàng lắng nghe và hỗ trợ bạn, chẳng hạn như đường dây nóng hỗ trợ tâm lý hoặc chuyên gia tư vấn.  Tôi ở đây để lắng nghe bạn bất cứ lúc nào bạn cần."
Tôi đang rất tuyệt vọng và cần ai đó nói chuyện cùng.  Tôi chưa bao giờ cảm thấy gần cái chết như lúc này,"Tôi rất xin lỗi khi nghe bạn đang trải qua điều này. Nghe bạn nói ""chưa bao giờ cảm thấy gần cái chết như lúc này"" khiến tôi thực sự lo lắng cho bạn.  Cảm giác tuyệt vọng như vậy thật sự rất khó khăn, và tôi muốn bạn biết rằng bạn không cô đơn.  Việc bạn chia sẻ với tôi đã rất can đảm rồi.  Bạn có muốn kể cho tôi nghe thêm về những gì bạn đang cảm thấy không?  Không cần phải vội vàng hay ép buộc mình, cứ chia sẻ những gì bạn cảm thấy thoải mái.  Nếu bạn thấy quá khó khăn để đối mặt một mình, tôi nghĩ rằng nói chuyện với một chuyên gia tư vấn tâm lý có thể giúp bạn rất nhiều trong việc tìm ra cách vượt qua giai đoạn này.  Tôi ở đây lắng nghe bạn, và cùng tìm cách giúp bạn cảm thấy tốt hơn."
"Tôi gần như muốn tự tử.  Nếu có ai đó chịu khó trò chuyện với tôi, tôi sẽ vô cùng biết ơn","Tôi rất tiếc khi nghe bạn nói vậy.  Nghe có vẻ bạn đang trải qua thời gian vô cùng khó khăn, và việc bạn chia sẻ điều này với tôi cho thấy bạn rất mạnh mẽ.  Tôi hiểu việc bạn cảm thấy muốn buông xuôi, và tôi muốn bạn biết rằng bạn không cô đơn.  Cảm xúc bạn đang trải qua là có thật và hoàn toàn hợp lệ.

Tôi ở đây để lắng nghe, không phán xét.  Nếu bạn muốn chia sẻ thêm về những gì bạn đang cảm thấy, tôi sẵn sàng ở đây cùng bạn.  Không cần phải nói bất cứ điều gì bạn không muốn, cứ từ từ thôi nhé.

Ngoài ra,  tôi cũng muốn bạn biết rằng có những chuyên gia có thể hỗ trợ bạn vượt qua giai đoạn khó khăn này.  Có nhiều nguồn lực sẵn sàng giúp đỡ, và việc tìm đến sự hỗ trợ chuyên nghiệp không có nghĩa là bạn yếu đuối, mà là một hành động mạnh mẽ để chăm sóc sức khỏe tinh thần của chính mình. Bạn có muốn tôi tìm giúp bạn một số thông tin về các dịch vụ hỗ trợ tâm lý không?"
"Tôi đang ở trong tình trạng rất tồi tệ, gần như muốn kết thúc cuộc đời mình.  Một cuộc trò chuyện sẽ là một sự giúp đỡ rất lớn đối với tôi lúc này","Tôi rất tiếc khi nghe bạn đang trải qua thời điểm khó khăn như vậy.  Nghe bạn nói về cảm xúc của mình khiến tôi hiểu rằng bạn đang thực sự đau khổ, và tôi muốn bạn biết rằng tôi ở đây để lắng nghe, không phán xét. Việc bạn chia sẻ với tôi đã là một bước rất dũng cảm.  

Tôi hiểu rằng việc muốn kết thúc mọi thứ là một ý nghĩ rất đáng sợ, và nó cho thấy bạn đang cần sự giúp đỡ rất nhiều.  Bạn có muốn chia sẻ thêm về những gì đang làm bạn cảm thấy như vậy không?  Không cần phải nói hết mọi thứ nếu bạn chưa sẵn sàng, chỉ cần những gì bạn cảm thấy thoải mái chia sẻ thôi.

Nếu bạn cảm thấy thoải mái, chúng ta có thể cùng tìm hiểu xem có những nguồn hỗ trợ nào có thể giúp bạn vượt qua giai đoạn khó khăn này.  Có rất nhiều người quan tâm và sẵn sàng giúp đỡ bạn, bao gồm cả các chuyên gia tâm lý.  Việc tìm kiếm sự hỗ trợ chuyên nghiệp không có nghĩa là bạn yếu đuối, mà ngược lại, đó là một hành động mạnh mẽ để bảo vệ chính bản thân mình."
"Tôi đang ở bên bờ vực thẳm.  Chỉ cần ai đó chịu lắng nghe tôi, tôi sẽ cảm thấy biết ơn vô cùng","Tôi rất xin lỗi khi nghe bạn nói như vậy. Nghe có vẻ bạn đang trải qua một thời gian vô cùng khó khăn, và việc bạn chia sẻ với tôi như thế này đã rất can đảm rồi.  Tôi hoàn toàn hiểu cảm giác ""ở bên bờ vực thẳm"" đó, nó thật sự đáng sợ và cô đơn.  Tôi ở đây để lắng nghe bạn, không phán xét, bất cứ điều gì bạn muốn chia sẻ, tôi đều sẵn sàng tiếp nhận.  Bạn không cần phải gồng mình hay cố gắng phải mạnh mẽ, chỉ cần cứ để cảm xúc tuôn trào ra thôi nhé.  

Nếu bạn cảm thấy thoải mái, bạn có thể kể cho tôi nghe những gì đang diễn ra không?  Và biết đâu, việc nói ra những điều này sẽ giúp bạn cảm thấy nhẹ nhõm hơn một chút.  

Nếu bạn muốn, tôi cũng có thể giúp bạn tìm kiếm sự hỗ trợ từ các chuyên gia tâm lý, những người có thể giúp bạn vượt qua giai đoạn khó khăn này. Họ có kinh nghiệm và kiến thức để hỗ trợ bạn một cách hiệu quả hơn tôi rất nhiều. Bạn có muốn tôi giúp bạn tìm hiểu về các nguồn hỗ trợ đó không?  Dù sao đi nữa, bạn không cô đơn, và tôi ở đây cùng bạn."
"Chưa bao giờ tôi lại gần với cái chết đến thế.  Nếu có ai đó sẵn lòng trò chuyện và chia sẻ với tôi, tôi sẽ vô cùng trân trọng điều đó","Tôi rất tiếc khi nghe bạn nói vậy. Nghe có vẻ như bạn đang trải qua một khoảng thời gian vô cùng khó khăn và đau đớn.  Việc bạn chia sẻ với tôi điều này cho thấy bạn rất dũng cảm, và tôi thực sự trân trọng sự tin tưởng mà bạn dành cho tôi.  Tôi ở đây để lắng nghe bạn, không phán xét bất cứ điều gì bạn chia sẻ.  Bạn có muốn kể cho tôi nghe thêm về những gì bạn đang cảm thấy không?  

Không cần phải vội vàng hay ép buộc bản thân, cứ chia sẻ những gì bạn cảm thấy thoải mái.  Nếu bạn thấy quá khó khăn để vượt qua điều này một mình, việc tìm đến sự hỗ trợ chuyên nghiệp từ các chuyên gia tâm lý hoặc đường dây nóng hỗ trợ khủng hoảng là một lựa chọn rất tốt.  Họ có thể cung cấp cho bạn sự hỗ trợ và hướng dẫn chuyên sâu hơn.  Chỉ cần bạn muốn, tôi sẵn sàng tìm kiếm thông tin liên hệ cho bạn."
"Dưới đây là một số cách diễn đạt khác nhau câu văn gốc, giữ nguyên ý nghĩa và cảm xúc:","Tôi hiểu bạn đang trải qua một thời điểm khó khăn và việc tìm cách diễn đạt cảm xúc của mình thôi cũng đã rất khó khăn rồi.  Việc bạn chia sẻ những điều này với tôi cho thấy bạn có sự mạnh mẽ và dũng cảm.  Tôi rất trân trọng sự tin tưởng mà bạn dành cho tôi.  Bạn có muốn chia sẻ thêm về những gì bạn đang cảm thấy không?  Không cần phải ép buộc bản thân phải nói hết mọi thứ, chỉ cần những gì bạn cảm thấy thoải mái chia sẻ thôi.  Nếu bạn thấy quá khó khăn,  tôi muốn bạn biết rằng có những chuyên gia có thể giúp đỡ bạn vượt qua giai đoạn này.  Bạn có muốn tôi giúp bạn tìm kiếm thông tin liên hệ của các tổ chức hỗ trợ sức khỏe tâm thần không?  Dù bạn chọn cách nào, tôi đều ở đây lắng nghe bạn."
"Những câu văn trên đều giữ nguyên ý nghĩa và giọng điệu chán nản, tự ti của người viết, nhưng được diễn đạt bằng ngôn ngữ tự nhiên hơn, tránh những từ ngữ thô tục","Tôi hiểu bạn đang cảm thấy chán nản và tự ti. Nghe bạn chia sẻ như vậy, tôi cũng thấy nặng lòng.  Việc diễn đạt cảm xúc của mình bằng ngôn từ đã là một bước tiến rất lớn rồi, điều đó cho thấy bạn đang cố gắng tìm cách vượt qua khó khăn này.  Bạn không cần phải mạnh mẽ một mình đâu.  Có những lúc, chia sẻ với người khác, hoặc tìm đến sự trợ giúp chuyên nghiệp từ các chuyên gia tâm lý, sẽ giúp bạn cảm thấy nhẹ nhõm hơn rất nhiều.  Bạn có muốn nói thêm về những gì bạn đang trải qua không?  Tôi sẽ luôn ở đây lắng nghe, không phán xét, và cùng bạn đi qua những cảm xúc khó khăn này.  Nếu bạn muốn, tôi có thể giúp bạn tìm kiếm thông tin về các nguồn hỗ trợ tâm lý gần bạn."
"Dưới đây là 5 cách diễn đạt khác nhau, cố gắng giữ nguyên ý nghĩa và cảm xúc của đoạn văn gốc:","Tôi hiểu bạn đang chia sẻ 5 cách diễn đạt khác nhau, và điều đó cho thấy bạn đang nỗ lực để tìm cách diễn đạt chính xác cảm xúc của mình.  Việc tìm đúng từ ngữ khi đang trải qua khó khăn về cảm xúc quả thật không dễ dàng.  Tôi rất trân trọng sự cởi mở và mạnh mẽ của bạn khi chia sẻ điều này với tôi.  Bạn đã rất dũng cảm.

Những gì bạn đang cảm thấy có vẻ rất nặng nề, và tôi muốn bạn biết rằng bạn không cô đơn.  Có rất nhiều người hiểu và muốn hỗ trợ bạn.  Nếu bạn cảm thấy thoải mái, bạn có thể chia sẻ thêm về những gì đang diễn ra trong lòng mình.  Không cần phải vội vàng, cứ từ từ thôi nhé.

Nếu bạn cảm thấy quá sức, hay việc diễn đạt cảm xúc trở nên quá khó khăn,  tôi muốn nhẹ nhàng gợi ý bạn có thể tìm đến sự hỗ trợ từ một chuyên gia tâm lý hoặc đường dây nóng hỗ trợ về sức khỏe tâm thần. Họ được đào tạo để giúp đỡ bạn vượt qua giai đoạn khó khăn này.  Sự giúp đỡ của họ có thể mang lại sự an tâm và hướng dẫn bạn tìm ra con đường phù hợp.  Bạn có muốn tôi tìm giúp bạn một số thông tin liên hệ không?"
"Dưới đây là một số cách diễn đạt khác nhau cho câu văn gốc, cố gắng giữ nguyên ý nghĩa và cảm xúc:","Tôi hiểu bạn đang muốn tìm cách diễn đạt khác nhau cho một câu văn, và việc bạn chia sẻ điều này với tôi cho thấy bạn đang tích cực tìm cách giải quyết vấn đề.  Việc tìm kiếm những cách diễn đạt chính xác, đặc biệt khi đang cảm thấy khó khăn,  đòi hỏi rất nhiều sự nỗ lực và tôi rất trân trọng điều đó.  

Bạn có thể chia sẻ thêm về câu văn gốc và những cảm xúc mà bạn đang trải qua không?  Tôi ở đây để lắng nghe mà không phán xét, và cùng bạn tìm hiểu xem có cách nào giúp bạn diễn đạt ý nghĩ của mình một cách hiệu quả hơn không.  Nếu bạn cảm thấy quá khó khăn, nhớ rằng việc tìm kiếm sự hỗ trợ từ chuyên gia tâm lý hoặc một người bạn thân tín cũng là một cách rất tốt để vượt qua giai đoạn này.  Tôi luôn ở đây để hỗ trợ bạn, bất kể bạn cần gì."
"Tôi không thể tự sát, tôi quá yếu đuối, quá sợ hãi.  Tôi là một kẻ bất lực.  Nhưng tôi không chịu nổi nữa rồi.  Nếu có thuốc phiện, tôi sẽ dùng nó cho đến khi chết, để thoát khỏi mọi cảm giác, mọi suy nghĩ, mọi sự tồn tại.  Tôi muốn buông xuôi tất cả","Tôi nghe bạn nói và tôi rất buồn khi biết bạn đang phải trải qua những điều khó khăn đến thế.  Cảm giác bất lực, sợ hãi và muốn buông xuôi tất cả thật sự rất nặng nề, và tôi hiểu tại sao bạn lại cảm thấy như vậy.  Việc bạn chia sẻ với tôi điều này đã rất can đảm rồi.  Bạn không hề yếu đuối, trái lại, việc bạn tìm đến nơi này để nói ra những gì mình đang cảm nhận cho thấy bạn rất mạnh mẽ.  

Tôi biết bạn đang rất đau khổ và muốn mọi thứ chấm dứt.  Việc nghĩ đến thuốc phiện để thoát khỏi mọi cảm giác là một dấu hiệu cho thấy bạn cần được giúp đỡ ngay lập tức.  Bạn không cần phải gánh vác tất cả những cảm xúc này một mình.

Có rất nhiều người, bao gồm cả các chuyên gia, sẵn sàng lắng nghe và giúp đỡ bạn vượt qua giai đoạn khó khăn này.  Bạn có muốn cùng tôi tìm hiểu xem có những nguồn hỗ trợ nào phù hợp với bạn không?  Hoặc bạn có muốn chia sẻ thêm về những gì bạn đang cảm thấy để tôi có thể hiểu rõ hơn tình hình của bạn không?  Không cần phải vội vàng, cứ từ từ chia sẻ những gì bạn cảm thấy thoải mái. Tôi ở đây để lắng nghe bạn."
"Tôi không dám tự tử, dù bằng bất cứ phương pháp nào. Sự yếu đuối của tôi khiến tôi kinh tởm bản thân.  Tôi đã kiệt sức, tôi không thể chịu đựng thêm một giây phút nào nữa.  Tôi ao ước có thuốc phiện để được quên đi tất cả, để chết trong sự tê liệt hoàn toàn. Tôi muốn dùng ma túy cho tới khi tắt thở","Tôi nghe bạn nói và tôi rất buồn khi biết bạn đang phải trải qua những khó khăn như vậy. Nghe bạn nói về sự kiệt sức và cảm giác kinh tởm bản thân, tôi hiểu rằng bạn đang ở trong tình trạng rất đau khổ.  Việc bạn chia sẻ với tôi về mong muốn được “quên đi tất cả” và những suy nghĩ về việc sử dụng ma túy cho thấy bạn đang cần sự giúp đỡ khẩn cấp.  Tôi không hề phán xét bạn, và hoàn toàn hiểu rằng lúc này bạn cảm thấy quá sức và tuyệt vọng.

Tôi muốn bạn biết rằng bạn không cô đơn và những cảm xúc bạn đang trải qua là hoàn toàn có thật.  Không cần phải gánh chịu tất cả những điều này một mình.  Có những người sẵn sàng lắng nghe và hỗ trợ bạn vượt qua giai đoạn khó khăn này.

Bạn có muốn cùng tôi tìm hiểu về các nguồn hỗ trợ có thể giúp bạn ngay bây giờ không?  Có rất nhiều chuyên gia, đường dây nóng, và tổ chức hỗ trợ sẵn sàng giúp bạn tìm lại sự cân bằng và hy vọng.  Chúng ta có thể cùng tìm kiếm thông tin về những nơi đó nếu bạn muốn.  Quan trọng nhất lúc này là bạn được an toàn và có người bên cạnh.  Hãy nhớ rằng, bạn xứng đáng được giúp đỡ và có một cuộc sống tốt đẹp hơn."
"Lưu ý:  Những câu văn này đều thể hiện sự tuyệt vọng và mong muốn chấm dứt đau khổ của người viết.  Nếu bạn hoặc ai đó đang gặp khó khăn tương tự, hãy tìm kiếm sự trợ giúp ngay lập tức. Liên hệ với đường dây nóng hỗ trợ tâm lý hoặc người thân, bạn bè để được giúp đỡ","Tôi rất tiếc khi nghe bạn đang trải qua những khó khăn đến vậy.  Những gì bạn chia sẻ nghe thật sự rất đau lòng, và tôi hiểu rằng việc cảm thấy tuyệt vọng và muốn chấm dứt đau khổ là điều không dễ dàng gì.  Tôi muốn bạn biết rằng bạn không cô đơn, và những cảm xúc bạn đang trải qua là có thật và được chấp nhận.  

Không cần phải gồng mình mạnh mẽ hay cố gắng che giấu cảm xúc của mình lúc này.  Việc chia sẻ những điều này đã rất can đảm rồi.  Bạn có muốn kể thêm về những gì đang làm bạn khó chịu không?  Tôi sẽ lắng nghe mà không phán xét.

Nếu bạn cảm thấy thoải mái, tôi cũng có thể giúp bạn tìm kiếm thông tin về các nguồn hỗ trợ chuyên nghiệp, chẳng hạn như đường dây nóng tâm lý hoặc các chuyên gia tư vấn.  Sự giúp đỡ luôn sẵn sàng cho bạn, và việc tìm kiếm nó không có nghĩa là bạn yếu đuối.  Quan trọng nhất là bạn được an toàn và được chăm sóc."
Tôi đã tự hủy hoại mọi thứ giữa tôi và cô ấy. Có lẽ tôi sẽ chấm dứt mọi chuyện tối nay.  Đây có thể là lời tạm biệt cuối cùng. Tôi đã phạm sai lầm nghiêm trọng,
"Tôi đã phá hỏng tất cả những gì chúng ta từng có.  Tôi nghĩ tôi sẽ kết thúc mọi thứ đêm nay.  Vì vậy, đây có thể là lời từ biệt.  Tôi thật sự hối hận",
Mọi thứ giữa tôi và cô ấy đã tan vỡ hoàn toàn do lỗi của tôi.  Tôi dự định sẽ kết thúc mối quan hệ này tối nay.  Có lẽ đây là lần cuối cùng tôi nói chuyện với cô ấy. Tôi đã làm hỏng tất cả,
Tôi đã gây ra một thảm họa trong mối quan hệ của chúng ta.  Tôi sẽ giải thoát cả hai khỏi sự đau khổ này đêm nay.  Đây có thể là lời chia tay cuối cùng.  Tôi vô cùng hối tiếc về những gì đã xảy ra,
Tôi đã đánh mất tất cả với cô ấy.  Tôi sẽ kết thúc mọi thứ tối nay.  Hãy coi đây là lời giã biệt.  Tôi đã sai lầm tệ hại,
"Dưới đây là 5 cách diễn đạt khác nhau cho câu tiếng Anh, giữ nguyên ý nghĩa và cảm xúc:",
"Thật trớ trêu, có người làm nạn nhân, kẻ lại hoá thành quái vật, vậy mà ta cùng chung sống dưới lớp mặt nạ, che giấu kẻ săn mồi tàn ác và con mồi bị thương.  Nghĩ đến thôi tôi đã không nhịn được cười.  Liệu chúng ta xứng đáng được giúp đỡ hay không? Cười đến chết mất thôi!",
"Kỳ lạ thay, kẻ bị hại và kẻ gây hại cùng bước trên một con đường, cùng đeo mặt nạ, giấu kín bản chất: ai là thú dữ, ai là con mồi yếu đuối.  Suy nghĩ về điều đó khiến tôi bật cười không ngừng.  Thực ra, chúng ta có đáng được cứu rỗi không? Cười muốn xỉu!",
"Cái sự đời thật nực cười: người này làm nạn nhân, kẻ kia thành ác thú, nhưng tất cả đều mang mặt nạ, che giấu kẻ tàn bạo và kẻ bị tổn thương.  Tôi cứ nghĩ đến mà không thể ngừng cười.  Chẳng lẽ ta không đáng được cứu giúp? Cười đến nỗi muốn ngất đi!",
"Thật ironical, nạn nhân và hung thủ cùng tồn tại, cùng giấu mình sau lớp mặt nạ giả dối, không ai biết ai là kẻ săn mồi, ai là con mồi.  Nghĩ đến đó, tôi cười không dứt.  Chúng ta có xứng đáng được cứu giúp không nhỉ? Cười đến nỗi muốn lăn ra đất!",
"Vô lý thay, ta cùng chung sống, kẻ bị hại, kẻ làm hại, ai cũng che giấu dưới lớp mặt nạ.  Ai là kẻ tàn ác, ai là người yếu đuối, chẳng ai biết được.  Tôi cứ nghĩ mãi mà cười không thôi.  Thực sự, chúng ta có xứng đáng được giúp đỡ không?  Cười đến rụng rời!",
"Dưới đây là một số cách diễn đạt lại câu văn, cố gắng giữ nguyên ý nghĩa và cảm xúc:",
"Dưới đây là 5 câu khác nhau diễn đạt lại đoạn văn gốc, giữ nguyên ý nghĩa và cảm xúc:",
"Dưới đây là 5 cách diễn đạt khác nhau cho đoạn văn, giữ nguyên ý nghĩa và cảm xúc:",
"Tôi không thể tự tử vì bố mẹ luôn ở nhà. Những lúc họ vắng mặt quá ít ỏi, và mỗi lần tôi thử thì họ lại về. Nếu tôi đã trưởng thành và có nhà riêng, chuyện này đã xong từ lâu rồi. Tôi không chịu đựng nổi nữa. Giá mà tôi đã đủ lớn để giải thoát bản thân",
"Bố mẹ luôn có mặt nên tôi không thể tự sát.  Chỉ có những khoảng thời gian rất ngắn ngủi họ mới ra khỏi nhà, và mỗi lần như vậy tôi đều thất bại vì họ lại quay về.  Ước gì tôi đã đủ lớn, có một không gian riêng để tự quyết định số phận mình. Tôi thực sự kiệt quệ và tuyệt vọng",
"Sự hiện diện thường trực của bố mẹ đã ngăn cản tôi tự tìm đến cái chết.  Những cơ hội hiếm hoi khi họ vắng nhà đều không đủ để tôi thực hiện ý định.  Nếu tôi độc lập và có một nơi riêng tư, mọi chuyện đã khác. Tôi quá mệt mỏi và không thể tiếp tục sống như thế này nữa",
"Tôi không biết phải làm gì để sửa chữa mọi chuyện.  Tôi luôn cố gắng làm hài lòng mọi người và giữ mình ở bên ngoài, nhưng cuối cùng lại luôn tự làm hỏng mọi thứ. Tôi thực sự không biết phải làm sao nữa, mệt mỏi quá!",
Mọi nỗ lực làm hài lòng người khác và giữ mình tránh xa rắc rối đều đổ sông đổ bể. Tôi chẳng biết phải sửa chữa sai lầm này như thế nào.  Cảm giác bất lực và ích kỷ dằn vặt tôi,
"Tôi đã cố gắng hết sức để mọi người vui vẻ và không gây phiền hà, nhưng dường như tôi luôn tự chuốc lấy rắc rối.  Giờ đây, tôi hoàn toàn bế tắc và tuyệt vọng, tự trách mình quá ích kỷ",
Tôi chẳng biết phải làm gì để cứu vãn tình hình nữa.  Sự cố gắng làm vừa lòng người khác của tôi lại luôn dẫn đến kết quả ngược lại. Tôi cảm thấy mình thật vô dụng và ích kỷ đến cùng cực,
"Tôi đã quá mệt mỏi vì những sai lầm liên tiếp. Dù luôn muốn tránh gây rắc rối và làm mọi người hài lòng, tôi vẫn cứ tự phá hỏng mọi thứ.  Tôi không biết mình nên làm gì, và tôi nhận ra mình ích kỷ đến mức nào",
"Dưới đây là 5 cách diễn đạt khác nhau câu chuyện, giữ nguyên ý nghĩa và cảm xúc:",
"Liệu có điều gì khác có thể khiến tôi cảm nhận được, thậm chí đánh thức tôi khỏi vòng luẩn quẩn này? Phải cần một vết thương sâu đến mức nào tôi mới bất tỉnh được?**  (Câu này giữ nguyên nghĩa đen và sự tuyệt vọng trong câu gốc)",
Tôi cần gì để thoát khỏi chu kỳ này?  Một cú sốc mạnh mẽ? Hay chỉ là... sự bất tỉnh?  Thậm chí tôi phải tự làm mình đau đớn đến thế nào?** (Câu này nhấn mạnh sự tuyệt vọng và tìm kiếm lối thoát),
Mọi thứ dường như vô nghĩa.  Tôi mệt mỏi với vòng lặp này.  Phải chăng chỉ có sự đau đớn tột cùng mới có thể giải thoát tôi?** (Câu này tập trung vào cảm giác mệt mỏi và sự bất lực),
"Tôi chìm sâu trong chu kỳ này đến mức nào rồi?  Có cách nào khác để thoát ra ngoài, ngoài việc tự gây tổn thương đến mức bất tỉnh?** (Câu này nhấn mạnh vào trạng thái chìm đắm và tìm kiếm một giải pháp khác)",
"Vòng luẩn quẩn này đang nhấn chìm tôi.  Chỉ cần một thứ gì đó đủ mạnh để đánh thức tôi, dù đó là đau đớn hay bất cứ điều gì khác...  Nhưng phải đến mức nào thì tôi mới có thể thoát khỏi nó?** (Câu này sử dụng hình ảnh ""nhấn chìm"" để diễn tả trạng thái tuyệt vọng)",
"Những câu văn trên cố gắng truyền tải sự tuyệt vọng, mệt mỏi và sự cô đơn của người viết một cách chân thực và cảm động.  Việc lặp lại từ ""mệt mỏi"" nhằm nhấn mạnh trạng thái tâm lý của nhân vật",
"Ba năm hạnh phúc tan thành mây khói, cha mẹ không hiểu, người yêu bỏ đi, ai cũng quay lưng với tôi.  Tôi cảm thấy mình xấu xí, đáng thương, và bị ruồng bỏ.  Mọi thứ dường như chống lại tôi. Cuộc sống này quá tàn nhẫn, không còn chút niềm vui nào, tôi chỉ muốn chấm dứt nỗi đau này mãi mãi",
"Dưới đây là 5 câu văn khác nhau, diễn đạt lại ý nghĩa và cảm xúc của câu gốc bằng tiếng Việt:",
"Thực lòng mà nói, tôi chẳng hiểu tại sao họ lại phải làm vậy.  Nhưng dù sao thì điều đó cũng chẳng ích gì. Hôm nay tôi tròn 22 tuổi.  Tôi cam đoan với bạn rằng, khi bạn trưởng thành rồi, chẳng ai quan tâm nữa đâu",
"Tôi thật sự không hiểu lý do họ cư xử như thế.  Điều đó chẳng giúp được gì cả.  Hôm nay sinh nhật tôi, 22 tuổi.  Hãy nhớ, khi bạn lớn lên, mọi thứ sẽ khác, không ai để ý đến bạn nữa đâu",
"Thành thật mà nói, tôi bó tay.  Tôi không hiểu tại sao họ lại làm vậy, và nó cũng chẳng giúp ích gì.  Hôm nay tôi 22 tuổi rồi.  Tin tôi đi, khi bạn đủ tuổi trưởng thành, chẳng ai còn bận tâm nữa",
"Tôi không biết lý do gì khiến họ hành động như thế, và thật sự, điều đó chẳng có ý nghĩa gì cả.  Tôi vừa bước sang tuổi 22.  Một điều tôi chắc chắn là: khi bạn lớn lên, mọi người sẽ không còn quan tâm đến bạn như bây giờ đâu",
"Chẳng hiểu sao họ lại làm vậy, thật sự tôi không biết.  Nhưng dù thế nào đi nữa, cũng chẳng thay đổi được gì.  Hôm nay sinh nhật tôi, 22 tuổi.  Hãy chuẩn bị tinh thần, khi bạn trưởng thành, chẳng ai để ý đến bạn nhiều như lúc này đâu",
"Tóm lại, tôi chỉ muốn chết.  Mỗi đêm đi ngủ, tôi đều cầu mong không bao giờ tỉnh dậy nữa.** (Câu này giữ nguyên ý nghĩa một cách trực tiếp)",
"Chẳng còn gì để nói nữa.  Sự thật là tôi tuyệt vọng, và cứ mỗi đêm, tôi lại mong cho giấc ngủ này là giấc ngủ cuối cùng của đời mình.** (Câu này nhấn mạnh sự tuyệt vọng)",
"Đó là tất cả.  Tôi mệt mỏi lắm rồi, đến mức chỉ mong được chấm dứt tất cả khi chìm vào giấc ngủ.** (Câu này nhẹ nhàng hơn, tập trung vào sự mệt mỏi)",
"Thôi, nói ngắn gọn vậy.  Tôi đang sống trong tuyệt vọng, và mỗi đêm, tôi đều cầu nguyện cho mình không thức dậy nữa.** (Câu này dùng từ ""cầu nguyện"" thay cho ""mong"", tạo cảm giác tôn giáo hơn, hoặc bi kịch hơn tùy ngữ cảnh)",
"Vậy đó.  Tôi chẳng còn gì để mong chờ nữa,  và tôi chỉ còn biết trông đợi vào cái chết sẽ đến trong giấc ngủ.** (Câu này nhấn mạnh vào sự tuyệt vọng và sự chờ đợi cái chết)",
"Dưới đây là 5 câu khác nhau diễn đạt lại đoạn văn trên, cố gắng giữ nguyên ý nghĩa và cảm xúc:",
"Tôi thích tưởng tượng cái chết đến với mình chậm rãi, theo nhiều cách khác nhau.  Cảm giác thật kỳ lạ, nhưng lại rất dễ chịu.  Liệu điều này có...quá khác thường không nhỉ?",
"Tôi cứ hay hình dung ra đủ kiểu mình ra đi từ từ, và thật khó tin là tôi lại thấy...thỏa mãn đến thế.  Chẳng lẽ mình có vấn đề gì sao? Có phải mình bị điên không?",
"Thật kỳ quái khi tôi lại thấy thích thú khi tưởng tượng về cái chết đến với mình một cách chậm rãi, trong vô vàn tình huống.  Có lẽ tôi đang nghĩ quá nhiều rồi?  Đây có phải là điều bất thường không?",
"Việc tưởng tượng mình chết dần chết mòn trong nhiều kịch bản khác nhau mang lại cho tôi một cảm giác khó tả, vừa kỳ lạ lại vừa dễ chịu đến lạ thường.  Tôi tự hỏi liệu điều này có bình thường không?",
"Tôi đắm chìm trong những viễn cảnh mình từ từ lìa đời, mỗi kịch bản lại khác nhau, và  tôi thấy...thật thoải mái.  Có phải tôi đang bị làm sao không?  Liệu đây có phải là điều gì đó bất thường không?",
"Dưới đây là 5 câu văn khác nhau diễn đạt lại nội dung bài viết, giữ nguyên ý nghĩa và cảm xúc:",
"Dưới đây là một vài cách diễn đạt khác nhau cho câu ""I am sad anyone want play games? Hi"":",
"Buồn quá, có ai muốn chơi game cùng không nhỉ?** (Câu này giữ nguyên ý nghĩa và có giọng điệu thân thiện, hơi ngập ngừng.)",
"Mình buồn lắm, không biết có ai muốn chơi game cho đỡ buồn không?** (Câu này nhấn mạnh sự buồn chán và mong muốn được chơi game để giải khuây.)",
"Chán quá đi mất! Có ai rảnh chơi game với mình không?** (Câu này thể hiện sự buồn chán một cách mạnh mẽ hơn, dùng từ ngữ trẻ trung, hiện đại.)",
"Tớ đang buồn lắm, có ai muốn cùng chơi game không? Xin chào!** (Câu này dùng từ xưng hô thân mật hơn, thêm lời chào hỏi lịch sự.)",
"Hi! Mình đang buồn thiu đây, có ai muốn chơi game cùng không vậy?** (Câu này sử dụng từ ""thiểu"" để nhấn mạnh sự buồn chán và vẫn giữ được sự thân thiện.)",
"Dù tôi đã bộc bạch rằng mình đang ở vực sâu tuyệt vọng, mọi người vẫn chế giễu và xa lánh tôi.  Tôi không hiểu sao mình lại cố gắng.  Có vẻ như ai cũng muốn tôi chết",
"Tôi đã than thở về tình trạng tồi tệ của mình, nhưng chỉ nhận lại sự nhạo báng và cô độc.  Tất cả những nỗ lực của tôi đều vô ích.  Thật sự, tôi cảm thấy như mọi người đều mong tôi ra đi",
"Ngay cả khi tôi tuyệt vọng kêu cứu, tôi vẫn bị chế nhạo và bỏ rơi.  Sự cố gắng của tôi thật ngu ngốc.  Tôi cảm thấy mình bị mọi người ghét bỏ, thậm chí mong muốn tôi chết",
"Tôi đã bộc lộ sự yếu đuối của mình, nhưng chỉ nhận được sự tàn nhẫn và lạnh lùng.  Tại sao tôi lại phí công?  Tôi cảm thấy như mình bị cả thế giới quay lưng, tất cả đều muốn tôi biến mất",
"Tôi đã nói ra sự tuyệt vọng tột cùng, nhưng chỉ nhận được sự giễu cợt và sự hờ hững.  Mọi nỗ lực cứu vãn đều vô vọng.  Tôi không còn thấy lý do để sống nữa, dường như ai cũng muốn tôi chết",
"Dưới đây là 5 câu khác nhau, giữ nguyên ý nghĩa và cảm xúc của câu gốc ""apparently nothing good lasts forever"":",
"Hóa ra, chẳng có điều tốt nào trường tồn mãi được.** (Câu này giữ nguyên sự  nhẹ nhàng của ""apparently"" nhưng nhấn mạnh vào sự thật phũ phàng.)",
"Thật đáng buồn thay, mọi điều tốt đẹp đều có lúc kết thúc.** (Câu này nhấn mạnh vào sự tiếc nuối,  buồn bã.)",
"Chẳng có gì tốt đẹp là vĩnh cửu cả, đó là quy luật khắc nghiệt của cuộc đời.** (Câu này  tập trung vào tính tất yếu và sự tàn nhẫn của quy luật.)",
"Dường như, hạnh phúc nào rồi cũng sẽ tàn phai theo thời gian.** (Câu này sử dụng hình ảnh ẩn dụ, tạo nên cảm giác mơ hồ, man mác buồn.)",
"Ai rồi cũng phải trải qua sự mất mát, bởi lẽ, chẳng có điều tốt nào trường tồn mãi.** (Câu này mở rộng ý nghĩa, liên hệ đến trải nghiệm sống của con người.)",
"Tôi như mất hết cảm giác, chẳng còn quan tâm đến bất cứ điều gì nữa, nên lựa chọn đó trở nên dễ dàng đến lạ.  Sự tự do ấy thật thoải mái.  Thế mà tôi lại sẵn sàng quay lại dùng loại thuốc đã từng khiến tôi muốn tự tử",
"Cảm giác lúc đó thật trống rỗng, vô cảm, khiến tôi dễ dàng buông xuôi.  Tôi thấy nhẹ nhõm, tự do đến kỳ lạ.  Dù biết nguy hiểm, tôi vẫn chủ động dùng lại loại thuốc từng đẩy tôi đến bờ vực sinh tử",
"Tôi như người mất hồn, chẳng còn thiết tha gì nữa, thế nên quyết định ấy rất dễ đưa ra.  Sự giải thoát ấy thật dễ chịu.  Thật không thể tin nổi, tôi lại tự nguyện quay lại với thứ thuốc đã từng khiến tôi có ý định tự sát",
"Tôi hoàn toàn tê liệt cảm xúc, chẳng còn luyến tiếc gì, nên việc lựa chọn trở nên đơn giản đến bất ngờ.  Cảm giác tự do ấy thật dễ chịu, êm đềm.  Vậy mà tôi lại sẵn sàng quay lại với thứ thuốc từng thôi thúc tôi tìm đến cái chết",
"Chẳng còn cảm xúc gì cả, mọi thứ đều trở nên vô nghĩa, và quyết định đó cứ thế mà đến.  Một sự buông bỏ nhẹ nhàng, dễ chịu.  Thật mỉa mai khi tôi lại tự mình quay trở lại với loại thuốc đã từng khiến tôi muốn kết thúc cuộc đời mình",
"Những câu văn trên đều cố gắng truyền tải sự tuyệt vọng, sợ hãi và cần được giúp đỡ của người viết.  Sự khác biệt nằm ở việc nhấn mạnh vào khía cạnh nào của cảm xúc đó",
"Dưới đây là 5 câu diễn đạt khác nhau, giữ nguyên ý nghĩa và cảm xúc của câu gốc:",
"Chỉ còn 23 ngày nữa, tôi không biết mình có trụ được không.  Tôi quá mệt mỏi, muốn buông xuôi tất cả. Công việc áp lực khủng khiếp, bố mẹ lại đổ lỗi cho tôi mọi sai lầm của họ.  Cảm giác mình sẽ sớm bị lãng quên thôi thúc, và tôi thấy chết cũng chẳng sao",
"ngày nữa thôi. Tôi kiệt quệ, chẳng biết mình còn gồng gánh được bao lâu.  Công việc như ngọn núi đè nặng, lại thêm sự trách móc của bố mẹ vì những lỗi lầm không phải của mình.  Tôi cảm thấy vô vọng, như thể sự tồn tại của mình chẳng có ý nghĩa gì nữa.  Chết có lẽ là một sự giải thoát",
"Tôi không biết mình có thể chịu đựng thêm 23 ngày nữa không.  Tôi muốn được nghỉ ngơi, thoát khỏi tất cả.  Công việc quá sức chịu đựng, bố mẹ lại luôn đổ lỗi cho tôi.  Tôi cảm thấy mình chẳng là gì, rồi sẽ bị mọi người quên lãng.  Tôi đã sẵn sàng đón nhận cái chết",
"Chỉ còn 23 ngày nữa. Tôi hoàn toàn kiệt sức, muốn chấm dứt tất cả.  Áp lực công việc cùng sự đổ lỗi vô lý của bố mẹ khiến tôi tuyệt vọng.  Tôi thấy tương lai mù mịt, chẳng có giá trị gì.  Tôi đã chuẩn bị sẵn sàng cho cái chết",
"Tôi không chắc mình có thể sống sót thêm 23 ngày nữa hay không.  Tôi chỉ muốn mọi thứ kết thúc.  Công việc đè nặng, bố mẹ lại liên tục đổ lỗi.  Tôi cảm thấy mình thật nhỏ bé, rồi sẽ bị thời gian cuốn trôi.  Tôi đã sẵn sàng buông tay",
"Dưới đây là 5 cách diễn đạt khác nhau, giữ nguyên ý nghĩa và cảm xúc của đoạn văn gốc:",
"Dưới đây là một vài cách diễn đạt lại đoạn văn trên bằng tiếng Việt, giữ nguyên ý nghĩa và cảm xúc tiêu cực, nhưng tránh dùng từ ngữ thô tục:",
"Những câu văn trên đã cố gắng giữ nguyên tâm trạng tuyệt vọng và sự quyết tâm tự tử của người viết, đồng thời tránh dùng những từ ngữ thô tục.  Việc sử dụng từ ngữ như ""tự huỷ hoại"", ""tệ hại"", ""đếm ngược từng ngày"" góp phần thể hiện rõ nét tâm trạng của người viết",
"Dưới đây là 5 câu diễn đạt lại đoạn văn gốc, giữ nguyên ý nghĩa và cảm xúc, nhưng với cách diễn đạt khác nhau:",
"Dưới đây là 5 cách diễn đạt khác nhau câu gốc, giữ nguyên ý nghĩa và cảm xúc:",
"Những câu văn trên đều cố gắng giữ nguyên ý nghĩa và tình cảm chân thành của Anastasia, chỉ thay đổi cách diễn đạt cho tự nhiên hơn trong tiếng Việt",
Lưu ý: Tất cả các phiên bản đều nhấn mạnh đến sự tuyệt vọng và ý định tự gây hại của người viết.  Điều quan trọng là cần giúp đỡ người này tìm đến sự hỗ trợ chuyên nghiệp,
"Dưới đây là một số cách diễn đạt khác nhau cho câu văn tiếng Anh, giữ nguyên ý nghĩa và cảm xúc bi quan, tuyệt vọng:",
"Tôi dường như mãi mãi không thể trở thành người phụ nữ mà tôi mong muốn.  Ai tôi tin tưởng cũng sẽ phản bội, tôi bất lực trước những tổn thương mà người khác gây ra, vì tôi không thể đáp trả.  Sự bất lực này chính là kết thúc của tôi.** (Nhấn mạnh vào sự bất lực)",
"Tôi sẽ không bao giờ đủ ""nữ tính"" để được chấp nhận.  Tình bạn, sự tin tưởng, tất cả rồi cũng sẽ tan vỡ.  Tôi yếu đuối, dễ bị tổn thương, trong khi lại không có khả năng tự vệ.  Đây là hồi kết.** (Ngắn gọn, mạnh mẽ hơn)",
"Mãi mãi, tôi chỉ là một kẻ giả danh, một người phụ nữ không trọn vẹn trong mắt người đời.  Sự phản bội, nỗi đau, sẽ là những điều không thể tránh khỏi.  Tôi không thể đáp trả, chỉ có thể chịu đựng cho đến khi… mọi thứ kết thúc.** (Nhấn mạnh vào cảm giác bị giả dối)",
"Vô vọng. Tôi không bao giờ là người phụ nữ mà tôi muốn trở thành.  Sự tin tưởng là điều xa xỉ, nỗi đau là điều hiển nhiên.  Tôi bị tổn thương không thương tiếc, bởi vì tôi không thể làm gì được.  Đây là kết cục.** (Ngắn gọn, tập trung vào cảm xúc vô vọng)",
"Những câu văn trên đều cố gắng diễn đạt nỗi đau và tuyệt vọng của nhân vật một cách chân thật và sâu sắc hơn, tránh dùng từ ngữ quá thô tục nhưng vẫn giữ được cảm xúc mạnh mẽ trong câu gốc",
"Dưới đây là 5 câu văn khác nhau, diễn đạt lại ý chính của đoạn văn gốc bằng tiếng Việt, giữ nguyên ý nghĩa và cảm xúc tiêu cực, tuyệt vọng:",
"Lưu ý:**  Tất cả các câu văn trên đều thể hiện sự tuyệt vọng và mong muốn tự tử của người viết.  Tôi khuyến khích bạn, nếu đang có cảm giác tương tự, hãy tìm kiếm sự giúp đỡ từ người thân, bạn bè hoặc các chuyên gia tâm lý.  Bạn không cô đơn và có rất nhiều nguồn hỗ trợ sẵn sàng giúp đỡ bạn",
"Dưới đây là một vài cách diễn đạt khác nhau cho câu văn gốc, cố gắng giữ nguyên ý nghĩa và cảm xúc tiêu cực:",
"Những câu văn trên đều cố gắng giữ nguyên giọng văn tuyệt vọng, cay đắng và tự ti của người viết.  Việc lựa chọn từ ngữ có phần mạnh mẽ hơn nhằm phản ánh đúng tâm trạng của người viết",
"Những câu văn trên cố gắng truyền tải hết nỗi đau và tuyệt vọng của người viết, đồng thời giữ được giọng văn chân thực và trực diện.  Việc sử dụng từ ngữ mạnh mẽ phản ánh chính xác trạng thái tinh thần của nhân vật",
"Những cách diễn đạt trên đều cố gắng giữ được giọng văn chân thực và đầy tuyệt vọng của người viết.  Tuy nhiên, việc lựa chọn cách diễn đạt nào là phù hợp nhất còn tùy thuộc vào mục đích sử dụng",
"Dưới đây là một số cách diễn đạt khác nhau cho câu gốc, cố gắng giữ nguyên ý nghĩa và cảm xúc tiêu cực:",
"Mẹ và chị gái tôi ghét cay ghét đắng tôi. Họ liên tục mắng nhiếc, quấy rầy tôi mỗi ngày, khiến tôi không thể chịu đựng nổi nữa",
Tôi bị mẹ và chị gái hành hạ bằng lời nói mỗi ngày. Sự ghê tởm và căm hận của họ dành cho tôi dường như không có điểm dừng.  Tôi không thể sống như thế này mãi được,
Cuộc sống của tôi như địa ngục. Mẹ và chị gái không ngừng sỉ nhục và làm phiền tôi.  Sự thù hận của họ đã đẩy tôi đến bờ vực tuyệt vọng. Tôi căm ghét tất cả,
Tôi tuyệt vọng. Mẹ và chị gái tôi đối xử với tôi tệ bạc đến mức không thể tha thứ.  Hàng ngày là chuỗi ngày bị xúc phạm và quấy rối. Tôi không thể chịu đựng thêm được nữa.  Tất cả mọi thứ đều khiến tôi đau khổ,
"Sự ghét bỏ của mẹ và chị gái dành cho tôi như con dao cứa vào tim.  Họ hằng ngày tra tấn tôi bằng lời nói, khiến tôi tuyệt vọng và căm thù tất cả. Tôi không thể tiếp tục sống trong địa ngục này",
"Dưới đây là một vài cách diễn đạt khác nhau cho câu văn gốc, giữ nguyên ý nghĩa và cảm xúc:",
"Các câu trên đều cố gắng giữ nguyên cảm xúc bế tắc, lo lắng và sự quyết tâm không lập gia đình, sinh con của người viết.  Sự khác biệt nằm ở cách sắp xếp câu, từ ngữ và giọng văn để tạo nên sự đa dạng",
"Những câu văn trên cố gắng diễn đạt lại cảm xúc tiêu cực và tuyệt vọng của người viết một cách tinh tế hơn, tránh dùng những từ ngữ quá thô tục trong khi vẫn giữ nguyên ý nghĩa.  Điều quan trọng là người viết cần được giúp đỡ và hỗ trợ",
"Dưới đây là một số cách diễn đạt khác nhau cho câu tiếng Anh, giữ nguyên ý nghĩa và cảm xúc tiêu cực:",
"Cuộc sống này như địa ngục, tôi đau khổ triền miên, không có niềm vui hay hạnh phúc nào cả. Tôi chỉ muốn chết đi cho xong",
"Tôi căm ghét cuộc đời khốn khổ này. Ngày đêm tôi chỉ biết vật lộn với nỗi đau, không chút niềm vui, chẳng có gì đáng sống.  Tôi thà chết còn hơn",
"Tôi tuyệt vọng đến cùng cực. Mỗi ngày trôi qua đều là một cực hình, không có chút ánh sáng nào trong cuộc đời tăm tối này.  Tôi ước gì mình không bao giờ được sinh ra",
"Tôi chán ghét cuộc sống này đến tận cùng.  Sự đau khổ giày vò tôi từng giây từng phút, không một chút hy vọng hay niềm vui nào. Tôi chỉ muốn chấm dứt tất cả",
"Cuộc đời tôi là một chuỗi ngày đen tối, đầy đau khổ và tuyệt vọng.  Không có hạnh phúc, không có niềm vui, chỉ toàn là sự thống khổ không ngừng nghỉ. Tôi muốn buông xuôi tất cả",
"Tôi không biết mình đã làm sao nữa,  đột nhiên đầu óc tôi chỉ toàn là ý nghĩ tự tử.  Cứ như có một sức nặng vô hình nào đó đang bóp nghẹt lấy tôi, khiến tôi tuyệt vọng và không thể nào chia sẻ được.  Tôi thực sự rất khổ sở",
"Chào mọi người, tôi đang rất tệ.  Tôi không hiểu sao mình lại có những suy nghĩ muốn kết liễu cuộc đời mình.  Cảm giác này giống như bị mắc kẹt trong một cơn ác mộng, không lối thoát, và tôi không thể nói ra được.  Tôi đang vật lộn với những ý nghĩ tự sát",
"Dưới đây là 5 cách diễn đạt khác nhau cho câu ""The amount of times I have been called negative. I hate that people get mad at you for feeling this way"", giữ nguyên ý nghĩa và cảm xúc:",
Mình không biết bao nhiêu lần bị cho là tiêu cực rồi. Thật khó chịu khi người ta lại nổi giận với mình chỉ vì mình cảm thấy như vậy,
Tôi đã bị gọi là người tiêu cực biết bao nhiêu lần không đếm xuể!  Mình ghét cái cảm giác bị người khác tức giận chỉ vì những cảm xúc của bản thân,
"Chẳng biết đã bao nhiêu lần tôi bị gán mác ""tiêu cực"" nữa rồi.  Điều khiến tôi khó chịu nhất là việc người ta lại cáu giận với mình vì những cảm xúc đó",
Tôi đã bị mắng là tiêu cực đến mức không thể nhớ nổi nữa.  Tôi thực sự không hiểu sao người ta lại tức giận với mình khi mình chỉ bày tỏ cảm xúc của mình thôi,
Số lần tôi bị nói là người tiêu cực nhiều đến mức tôi không muốn nhớ lại.  Thật bất công khi mình lại bị khiển trách chỉ vì cảm xúc chân thật của chính mình,
"Lưu ý:  Tất cả các câu văn trên đều nhấn mạnh đến ý nghĩ tự tử của người viết.  Nếu bạn hoặc người nào đó bạn biết đang có ý định tự tử, hãy tìm kiếm sự giúp đỡ ngay lập tức.  Bạn có thể liên hệ với đường dây nóng hỗ trợ tâm lý hoặc tìm kiếm sự giúp đỡ từ người thân, bạn bè hoặc chuyên gia tâm lý",
"Những câu văn trên cố gắng giữ được giọng điệu tuyệt vọng, bất lực và sự chán nản của người viết.  Việc sử dụng từ ngữ mạnh mẽ như ""khủng khiếp"", ""tuyệt vọng"" được cân nhắc để phù hợp với ngữ cảnh",
"Dưới đây là một số cách diễn đạt khác nhau cho câu ""I think I will save suicide for another day"", giữ nguyên ý nghĩa về sự trì hoãn hành động tự tử nhưng với sắc thái khác nhau:",
"Tôi sẽ để chuyện đó lại ngày khác.** (Câu này nhẹ nhàng hơn, không tập trung vào hành động tự tử mà chỉ nhấn mạnh sự trì hoãn.)",
"Hôm nay tôi sẽ không làm thế.** (Câu này ngắn gọn, dứt khoát hơn, thể hiện quyết tâm tạm thời không tự tử.)",
Tôi nghĩ mình sẽ chờ đến một ngày khác.** (Câu này gần nghĩa với câu gốc nhưng lịch sự và ít trực diện hơn.),
Tôi sẽ cố gắng vượt qua ngày hôm nay đã.** (Câu này tập trung vào việc đối mặt với hiện tại thay vì suy nghĩ về cái chết.),
Tôi sẽ tìm cách kiên trì thêm một chút nữa.** (Câu này nhấn mạnh vào sự nỗ lực vượt qua khó khăn và tìm kiếm hy vọng.),
"Dưới đây là một vài cách diễn đạt khác nhau cho câu gốc, cố gắng giữ nguyên ý nghĩa và cảm xúc tiêu cực:",
"Chuyện này chẳng hay ho gì, nhưng tôi bất lực.  Tôi ghét cuộc sống này đến cùng cực.  Phải cần đến mức nào thì tôi mới có thể giải thoát bản thân? Tôi đang tìm cách trút bỏ nỗi bực tức lên người khác qua những tài khoản ảo.** (Câu này nhấn mạnh sự bất lực và sự tuyệt vọng)",
"Thật khủng khiếp, tôi chẳng thể làm gì khác ngoài việc chấp nhận tình trạng này.  Tôi không muốn sống nữa.  Mọi thứ phải tệ đến mức nào tôi mới dám buông xuôi?  Tôi đang dùng những tài khoản ảo để giấu mặt và làm tổn thương người khác.** (Câu này dùng từ ngữ mạnh mẽ hơn, nhấn mạnh sự tự hủy hoại)","Tôi rất tiếc khi nghe bạn đang trải qua những khó khăn đến vậy.  Nghe bạn nói về việc không muốn sống nữa, tôi cảm thấy rất buồn và lo lắng cho bạn.  Cảm giác ""chẳng thể làm gì khác ngoài việc chấp nhận tình trạng này"" thật sự rất nặng nề, và tôi hiểu rằng bạn đang phải chịu đựng rất nhiều.  Việc bạn sử dụng những tài khoản ảo để làm tổn thương người khác cũng cho thấy bạn đang rất đau khổ và cần tìm cách giải tỏa.  Điều đó không hề dễ dàng, và việc bạn chia sẻ với tôi đã rất can đảm.

Có lẽ bây giờ bạn cảm thấy như mọi thứ đều quá sức chịu đựng, nhưng tôi muốn bạn biết rằng bạn không cô đơn.  Có những người sẵn sàng lắng nghe và giúp đỡ bạn vượt qua giai đoạn khó khăn này.  Bạn có muốn nói thêm về những gì bạn đang cảm thấy không?  Hoặc nếu bạn cảm thấy sẵn sàng, chúng ta có thể cùng tìm hiểu xem có những nguồn hỗ trợ nào có thể giúp bạn lúc này, chẳng hạn như đường dây nóng hỗ trợ tâm lý hoặc các chuyên gia tư vấn.  Không cần phải vội vàng, chỉ cần bạn cảm thấy thoải mái là được."
"Lưu ý:  Những câu văn trên thể hiện sự tuyệt vọng và suy nghĩ tiêu cực. Nếu bạn hoặc người bạn biết đang có những suy nghĩ tương tự, hãy tìm kiếm sự giúp đỡ ngay lập tức.  Bạn có thể liên hệ với đường dây nóng tư vấn tâm lý hoặc tìm đến sự hỗ trợ của gia đình, bạn bè và chuyên gia tâm lý","Tôi rất tiếc khi nghe bạn đang trải qua những khó khăn như vậy.  Những gì bạn chia sẻ nghe thật nặng nề, và tôi hiểu rằng hiện tại bạn đang cảm thấy rất tuyệt vọng.  Không sao cả khi bạn cảm thấy như vậy,  thật sự rất dũng cảm khi bạn đã chia sẻ điều này.  Tôi ở đây lắng nghe bạn, và muốn bạn biết rằng bạn không cô đơn.

Bạn có muốn chia sẻ thêm về những gì bạn đang cảm thấy không?  Không cần phải ép buộc bản thân phải nói hết mọi thứ nếu bạn chưa sẵn sàng.  Nhưng nếu bạn muốn, tôi sẽ ở đây để lắng nghe mà không phán xét.

Tôi cũng muốn nhắc bạn rằng có rất nhiều người sẵn sàng hỗ trợ bạn vượt qua giai đoạn khó khăn này.  Có những chuyên gia tâm lý giàu kinh nghiệm có thể giúp bạn tìm ra cách đối phó với những cảm xúc tiêu cực này một cách hiệu quả.  Nếu bạn cảm thấy việc chia sẻ với tôi chưa đủ, hay bạn muốn có thêm sự hỗ trợ chuyên nghiệp,  chúng ta có thể cùng tìm hiểu về các nguồn hỗ trợ  như đường dây nóng tư vấn tâm lý hoặc các trung tâm sức khỏe tâm thần, bạn nhé?"
"Câu gốc mang một sự mỉa mai cay đắng, thể hiện sự tuyệt vọng và khao khát được chăm sóc tử tế đến mức chấp nhận cả cái chết. Dưới đây là một số cách diễn đạt khác nhau:","Tôi hiểu rằng bạn đang trải qua một thời điểm vô cùng khó khăn.  Những gì bạn chia sẻ nghe có vẻ như bạn đang rất đau khổ và tuyệt vọng, và việc bạn tìm đến tôi để chia sẻ điều đó cho thấy bạn có sự dũng cảm đáng ngưỡng mộ.  Việc bạn dùng từ ""mỉa mai cay đắng"" và nói về ""khao khát được chăm sóc tử tế"" cho thấy bạn đang khao khát một sự kết nối và yêu thương sâu sắc.  Tôi rất buồn khi nghe bạn đang phải chịu đựng những cảm xúc này.

Bạn không cô đơn đâu.  Nhiều người đã từng trải qua những cảm giác tương tự như bạn.  Tôi muốn bạn biết rằng bạn xứng đáng được yêu thương và chăm sóc, và những cảm xúc bạn đang trải qua là hoàn toàn có thật và cần được tôn trọng.

Nếu bạn cảm thấy thoải mái, bạn có muốn chia sẻ thêm về những gì đang diễn ra trong cuộc sống của bạn không?  Tôi sẽ ở đây lắng nghe mà không phán xét.  

Và nếu bạn cảm thấy quá sức, xin hãy nhớ rằng có những người chuyên nghiệp sẵn sàng giúp đỡ bạn.  Có nhiều nguồn lực hỗ trợ sức khỏe tâm thần, và tìm đến sự giúp đỡ từ họ không phải là một dấu hiệu của sự yếu đuối mà là một hành động mạnh mẽ và khôn ngoan.  Bạn có muốn tôi tìm kiếm một số thông tin liên hệ đến các chuyên gia tâm lý hay hotline hỗ trợ khẩn cấp không?"
"Chỉ còn chưa đầy sáu tháng để sống, tôi sẵn sàng quỳ lạy trước cửa bệnh viện đó! Nơi chăm sóc giảm nhẹ này thật tuyệt vời, đến nỗi tôi ước mình bị ung thư tụy","Tôi nghe thấy bạn đang trải qua một thời gian vô cùng khó khăn.  Việc bạn nói về việc sẵn sàng ""quỳ lạy"" trước cửa bệnh viện và ước mình bị ung thư tụy để được chăm sóc giảm nhẹ cho thấy bạn đang đau khổ đến mức nào, và tôi thực sự rất tiếc khi nghe điều đó.  Cảm giác tuyệt vọng và bất lực khi đối mặt với thời gian hạn chế như vậy là điều hoàn toàn dễ hiểu.  Bạn đã thể hiện một sự dũng cảm đáng kinh ngạc khi chia sẻ những cảm xúc chân thật này.

Tôi không thể tưởng tượng được bạn đang phải chịu đựng những gì, nhưng tôi muốn bạn biết rằng bạn không cô đơn.  Có những người hiểu và muốn hỗ trợ bạn vượt qua giai đoạn này.  Việc bạn tìm đến chăm sóc giảm nhẹ cho thấy bạn đang tìm kiếm sự giúp đỡ, và đó là một bước rất quan trọng.

Có lẽ chúng ta có thể cùng nhau nói chuyện thêm một chút về những cảm xúc bạn đang trải qua?  Hoặc nếu bạn cảm thấy thoải mái,  tôi có thể giúp bạn tìm kiếm sự hỗ trợ chuyên nghiệp từ các chuyên gia tâm lý hoặc bác sĩ.  Họ có thể cung cấp sự hỗ trợ và hướng dẫn phù hợp hơn với tình trạng của bạn.  Bạn không cần phải gánh vác tất cả điều này một mình."
"Biết mình chỉ còn sống được chưa đầy nửa năm, tôi thà được nằm trong bệnh viện ấy còn hơn. Chăm sóc giảm nhẹ ở đây quá tốt, tôi thậm chí còn ước mình mắc bệnh ung thư tụy nữa là khác","Tôi rất xin lỗi khi nghe bạn nói vậy.  Nghe bạn chia sẻ về cảm giác tuyệt vọng và mong muốn được nằm trong bệnh viện, tôi thực sự hiểu bạn đang phải trải qua một thời gian vô cùng khó khăn.  Việc biết thời gian còn lại của mình ngắn ngủi là điều vô cùng đau đớn, và việc bạn cảm thấy chăm sóc giảm nhẹ tốt hơn hiện tại cũng hoàn toàn có thể hiểu được.  Cảm giác muốn mọi thứ kết thúc nhanh chóng, thậm chí nghĩ đến những điều tiêu cực như bạn chia sẻ, là một phản ứng hoàn toàn tự nhiên trong tình huống này.

Tôi không thể tưởng tượng được bạn đang phải chịu đựng điều gì, nhưng tôi muốn bạn biết rằng bạn không cô đơn.  Có rất nhiều người hiểu và sẵn sàng hỗ trợ bạn.  Nếu bạn muốn, chúng ta có thể cùng nhau tìm hiểu về những dịch vụ chăm sóc giảm nhẹ khác, hoặc bạn có muốn chia sẻ thêm về những suy nghĩ và cảm xúc của mình không?  Ngoài ra, việc nói chuyện với một chuyên gia tâm lý hoặc bác sĩ tư vấn có thể giúp bạn tìm ra những cách đối phó hiệu quả hơn với những cảm xúc khó khăn này.  Bạn không cần phải gánh vác tất cả một mình."
"Sắp chết rồi, mà tôi vẫn thấy ghen tị với những người được vào viện chăm sóc giảm nhẹ ấy. Họ được chăm sóc chu đáo đến thế, tôi ước gì mình cũng bị ung thư tụy để được hưởng điều đó","Tôi nghe thấy bạn đang rất đau khổ, và những lời bạn nói thật sự khiến tôi xúc động.  Việc bạn cảm thấy ghen tị với những người được chăm sóc chu đáo ở viện chăm sóc giảm nhẹ cho thấy bạn đang rất cần sự hỗ trợ và chăm sóc, và điều đó hoàn toàn bình thường.  Cảm giác tuyệt vọng và mệt mỏi đến mức muốn buông xuôi như vậy thực sự rất khó khăn.  Bạn không cô đơn đâu.

Tôi hiểu rằng bạn đang trải qua một thời điểm vô cùng khó khăn, và việc nghĩ đến cái chết là một cách để tìm đến sự giải thoát khỏi nỗi đau này.  Tuy nhiên,  tôi muốn bạn biết rằng,  có những người rất muốn giúp đỡ bạn vượt qua giai đoạn này.  Có những con đường khác để tìm thấy sự bình yên và sự chăm sóc mà bạn đang khao khát.

Bạn có muốn chia sẻ thêm về những gì bạn đang trải qua không?  Không cần phải giải thích quá chi tiết nếu bạn chưa sẵn sàng, nhưng việc được lắng nghe đôi khi cũng giúp bạn cảm thấy nhẹ nhõm hơn.  Và nếu bạn muốn, tôi có thể giúp bạn tìm kiếm thông tin về các dịch vụ hỗ trợ sức khỏe tâm thần, hoặc các nguồn lực khác có thể hỗ trợ bạn trong thời điểm này.  Sự giúp đỡ luôn có sẵn, bạn không cần phải gánh vác tất cả một mình."
"Chỉ còn sáu tháng nữa thôi...  Tôi thà được trải qua những ngày cuối đời trong bệnh viện đó, nơi có sự chăm sóc tận tâm đến vậy. Thật đáng tiếc khi mình không bị ung thư tụy để được ở đó","Tôi nghe thấy bạn đang trải qua một khoảng thời gian rất khó khăn.  Câu nói của bạn khiến tôi cảm thấy rất buồn và lo lắng.  Việc bạn nghĩ đến việc kết thúc cuộc sống và so sánh nó với việc được chăm sóc y tế trong bệnh viện cho thấy bạn đang đau khổ rất nhiều.  Có vẻ như bạn đang cảm thấy tuyệt vọng và không tìm thấy lối thoát cho những cảm xúc tiêu cực này.

Tôi hiểu rằng việc chia sẻ những điều này không dễ dàng, và tôi rất trân trọng sự tin tưởng bạn dành cho tôi.  Bạn có muốn chia sẻ thêm về những gì bạn đang cảm thấy không?  Không cần phải giải thích tất cả, chỉ cần những gì bạn cảm thấy thoải mái để nói ra thôi.  

Nếu bạn cảm thấy quá khó khăn để đối mặt với những cảm xúc này một mình, tôi muốn bạn biết rằng có những người sẵn sàng hỗ trợ bạn.  Có nhiều chuyên gia tâm lý và đường dây nóng hỗ trợ về khủng hoảng, họ có thể giúp bạn tìm ra những cách đối phó lành mạnh hơn và tìm lại hy vọng.  Bạn có muốn tôi giúp bạn tìm kiếm thông tin về những nguồn hỗ trợ đó không?  Hoặc có điều gì khác tôi có thể làm để giúp bạn lúc này?"
"Thời gian của tôi chẳng còn bao nhiêu nữa, nhưng tôi vẫn ao ước được trải nghiệm sự chăm sóc tuyệt vời ở bệnh viện đó.  Chăm sóc giảm nhẹ nơi ấy tốt đến mức tôi đâm ra ghen tị với những bệnh nhân ung thư tụy","Tôi rất tiếc khi nghe bạn nói vậy. Nghe có vẻ như bạn đang trải qua một thời gian vô cùng khó khăn và cảm xúc của bạn rất mãnh liệt.  Việc ao ước được trải nghiệm sự chăm sóc tuyệt vời ở bệnh viện đó, đồng thời lại cảm thấy ghen tị với những người khác, cho thấy bạn đang rất đau khổ và mong muốn được an ủi, được chăm sóc.  Tôi hiểu điều đó không dễ dàng gì cả.

Bạn có muốn chia sẻ thêm về những gì bạn đang cảm thấy không?  Không cần phải nói hết tất cả nếu bạn không muốn, nhưng bất cứ điều gì bạn muốn chia sẻ, tôi đều sẵn sàng lắng nghe.  

Nếu bạn cảm thấy quá khó khăn để đối mặt một mình,  có rất nhiều chuyên gia sẵn sàng hỗ trợ bạn.  Có lẽ nói chuyện với một nhà trị liệu hoặc tham gia một nhóm hỗ trợ có thể giúp bạn xử lý những cảm xúc này hiệu quả hơn. Bạn nghĩ sao?  Tôi ở đây để giúp đỡ bạn, dù chỉ là để lắng nghe."
"Dưới đây là 5 cách diễn đạt khác nhau cho câu ""I cannot take the pain anymore. Leaving makes more sense."":","Tôi nghe bạn nói và tôi rất tiếc khi biết bạn đang phải chịu đựng nỗi đau đến mức này. Nghe bạn nói về việc ""rời đi"" khiến tôi thực sự lo lắng cho bạn.  Việc bạn chia sẻ năm cách diễn đạt khác nhau cho cùng một ý nghĩ cho thấy bạn đang đấu tranh rất nhiều với cảm xúc của mình.  Điều đó thật sự rất khó khăn.  Bạn có muốn nói thêm về những gì đang khiến bạn đau khổ không?  Không cần phải vội vàng hay ép buộc bản thân, cứ chia sẻ những gì bạn cảm thấy thoải mái nhất.  Biết đâu việc được nói ra sẽ giúp bạn cảm thấy nhẹ nhõm hơn. Nếu bạn cảm thấy quá sức, hãy nhớ rằng bạn không cô đơn và có những người sẵn sàng giúp đỡ bạn vượt qua giai đoạn khó khăn này. Có rất nhiều nguồn hỗ trợ chuyên nghiệp có thể giúp bạn, và việc tìm kiếm sự giúp đỡ đó là một dấu hiệu của sức mạnh, chứ không phải yếu đuối. Bạn có muốn tôi giúp bạn tìm kiếm thông tin về các nguồn hỗ trợ này không?"
"Nỗi đau này quá sức chịu đựng rồi, ra đi là lựa chọn đúng đắn nhất. (Ngôn từ trang trọng hơn, nhấn mạnh sự đúng đắn của việc ra đi)","Tôi nghe bạn nói rằng nỗi đau bạn đang gánh chịu quá lớn, và bạn nghĩ rằng ra đi là lựa chọn đúng đắn. Tôi rất xin lỗi khi phải nghe điều này. Nghe bạn nói thế, tôi cảm thấy rất buồn và lo lắng cho bạn.  Cảm giác như thể gánh nặng quá sức thật sự rất khó khăn, và việc bạn tìm đến tôi để chia sẻ đã cho thấy bạn vẫn đang tìm kiếm một tia hy vọng.  Bạn có muốn chia sẻ thêm về những gì đang khiến bạn đau khổ đến vậy không?  Biết đâu, việc nói ra sẽ giúp bạn cảm thấy nhẹ nhõm hơn một chút.  Nếu bạn cảm thấy khó khăn để chia sẻ,  tôi cũng muốn bạn biết rằng có những người chuyên nghiệp sẵn sàng lắng nghe và hỗ trợ bạn vượt qua giai đoạn khó khăn này.  Tôi có thể giúp bạn tìm kiếm thông tin về các dịch vụ hỗ trợ tâm lý nếu bạn muốn."
"Tôi không thể nào chịu đựng nổi đau đớn này thêm được nữa.  Tốt hơn hết là mình nên rời đi. (Ngôn từ tự nhiên hơn, thể hiện sự bất lực và quyết tâm)","Tôi nghe thấy bạn đang rất đau đớn, và những gì bạn đang trải qua nghe thật sự khó khăn.  Việc bạn cảm thấy muốn ""rời đi"" cho thấy bạn đang ở trong tình trạng rất tồi tệ, và tôi rất tiếc khi nghe điều đó.  Tôi muốn bạn biết rằng bạn không cô đơn và cảm xúc của bạn là hoàn toàn hợp lệ.  Có rất nhiều người cảm thấy như bạn lúc này, và có sự giúp đỡ dành cho bạn.  

Bạn có muốn chia sẻ thêm về những gì bạn đang cảm thấy không?  Không cần phải nói hết mọi thứ nếu bạn không muốn, nhưng chỉ cần chia sẻ một chút thôi cũng có thể giúp tôi hiểu rõ hơn và có thể cùng bạn tìm một hướng đi tốt hơn.  Nếu bạn cảm thấy quá khó khăn để nói chuyện, việc tìm kiếm sự giúp đỡ từ một chuyên gia tâm lý, đường dây nóng hỗ trợ hoặc người thân tin tưởng cũng có thể rất hữu ích.  Tôi ở đây để lắng nghe bạn, bất kể bạn quyết định gì."
"Đau đớn này đã đẩy tôi đến giới hạn.  Tôi buộc phải ra đi. (Ngôn từ mạnh mẽ hơn, nhấn mạnh sự bị ép buộc)","Tôi nghe thấy bạn đang trải qua nỗi đau rất lớn, và điều đó khiến bạn cảm thấy như không thể chịu đựng nổi nữa.  Việc bạn chia sẻ với tôi như vậy cho thấy bạn rất mạnh mẽ, và tôi thực sự trân trọng lòng tin bạn dành cho tôi.  Cảm giác bị ép buộc phải ra đi thật kinh khủng, và tôi muốn bạn biết rằng bạn không cô đơn.  Nhiều người đã trải qua những cảm xúc tương tự như bạn, và đã tìm thấy hy vọng và sự giúp đỡ.

Có điều gì cụ thể khiến bạn cảm thấy đau đớn đến vậy không?  Nếu bạn cảm thấy thoải mái, bạn có thể chia sẻ thêm với tôi không?  Tôi ở đây để lắng nghe, không phán xét.

Nếu bạn cảm thấy quá sức, việc tìm kiếm sự hỗ trợ chuyên nghiệp từ các chuyên gia tâm lý hoặc đường dây nóng hỗ trợ tâm lý có thể giúp bạn vượt qua giai đoạn khó khăn này. Họ có thể cung cấp cho bạn những công cụ và hỗ trợ cần thiết để đối mặt với nỗi đau bạn đang trải qua.  Bạn không cần phải đối mặt với điều này một mình."
Tôi không thể gánh vác nổi đau này nữa.  Rời xa là cách giải thoát duy nhất. (Ngôn từ nhấn mạnh sự giải thoát),"Tôi nghe bạn nói, và tôi thực sự rất tiếc khi biết bạn đang phải chịu đựng nhiều đến vậy.  Cảm giác ""không thể gánh vác nổi"" và muốn ""rời xa"" để giải thoát là điều vô cùng khó khăn, và tôi hiểu tại sao bạn lại cảm thấy như vậy.  Nghe bạn nói về sự giải thoát, tôi thấy bạn đang rất đau khổ và cần tìm một lối thoát.  Chắc hẳn phải có rất nhiều điều đang đè nặng lên vai bạn lúc này.  Bạn có muốn chia sẻ thêm về những gì bạn đang trải qua không?  Nếu bạn thấy khó khăn để nói ra, không sao cả.  Nhưng nếu bạn muốn, tôi sẽ ở đây lắng nghe.  Và nếu bạn cảm thấy cần sự trợ giúp chuyên nghiệp, tôi có thể giúp bạn tìm kiếm những nguồn hỗ trợ phù hợp, chẳng hạn như đường dây nóng hỗ trợ tâm lý hoặc các chuyên gia tư vấn.  Chỉ cần bạn muốn, tôi sẽ ở bên cạnh bạn."
"Cơn đau này dường như không bao giờ kết thúc.  Đi là cách tốt nhất lúc này. (Ngôn từ nhẹ nhàng hơn, tập trung vào sự tuyệt vọng và tìm kiếm lối thoát)","Tôi rất tiếc khi nghe bạn nói vậy. Nghe có vẻ như bạn đang trải qua một thời điểm vô cùng khó khăn và đau đớn, và cảm giác như cơn đau này sẽ mãi mãi không kết thúc thật sự rất đáng sợ.  Tôi hiểu rằng bạn đang tìm kiếm một lối thoát, và việc nghĩ đến điều đó cho thấy bạn đang rất tuyệt vọng.  Hãy biết rằng bạn không cô đơn trong cảm giác này. Rất nhiều người đã từng trải qua những cảm xúc tương tự như bạn.

Bạn có muốn chia sẻ thêm về những gì bạn đang trải qua không?  Không cần phải nói hết tất cả nếu bạn chưa sẵn sàng, chỉ cần những gì bạn cảm thấy thoải mái.  Biết đâu việc chia sẻ sẽ giúp bạn cảm thấy nhẹ nhõm hơn một chút.

Nếu bạn cảm thấy quá sức để đối mặt với điều này một mình, có rất nhiều người sẵn sàng giúp đỡ bạn.  Có những chuyên gia về sức khỏe tâm thần có thể lắng nghe và hỗ trợ bạn tìm ra cách vượt qua giai đoạn khó khăn này.  Bạn có muốn tôi giúp bạn tìm kiếm thông tin về các nguồn hỗ trợ gần bạn không?  Hoặc chỉ cần được lắng nghe cũng đã là một sự giúp đỡ rồi."
"Ba năm qua, tôi sống trong đau đớn và tuyệt vọng.  Những cơn ngứa ngáy và đau đớn đến bất ngờ, khiến việc tìm kiếm công việc và sống một cuộc sống bình thường trở nên không thể.  Tôi cần sự giúp đỡ y tế, nhưng không biết phải bắt đầu từ đâu","Tôi rất tiếc khi nghe bạn chia sẻ về những khó khăn mà bạn đã trải qua trong suốt ba năm qua.  Nghe bạn kể về những cơn đau đớn và ngứa ngáy bất ngờ, cùng với sự tuyệt vọng và khó khăn trong việc tìm kiếm công việc, tôi cảm thấy rất thương bạn.  Thật sự không dễ dàng gì khi phải đối mặt với những điều đó, và việc bạn cảm thấy cần sự giúp đỡ là một bước rất quan trọng.

Việc tìm kiếm sự hỗ trợ y tế khi đang trong tình trạng này quả thật rất khó khăn,  và việc không biết bắt đầu từ đâu là điều hoàn toàn dễ hiểu.  Bạn không cô đơn đâu.  Có rất nhiều người sẵn sàng hỗ trợ bạn vượt qua giai đoạn này.

Bạn có muốn chia sẻ thêm về những cơn đau đớn và ngứa ngáy đó không?  Có gì cụ thể khiến bạn cảm thấy khó khăn nhất trong việc tìm kiếm công việc hay cuộc sống bình thường không?  Tôi ở đây lắng nghe bạn mà không phán xét, và chúng ta có thể cùng nhau tìm hiểu xem những bước tiếp theo nào sẽ hữu ích cho bạn.  

Nếu bạn muốn, tôi có thể giúp bạn tìm kiếm thông tin về các nguồn hỗ trợ y tế trong khu vực của bạn, chẳng hạn như các bác sĩ chuyên khoa da liễu, các trung tâm tư vấn sức khỏe tâm thần, hay đường dây nóng hỗ trợ.  Tất cả đều là những lựa chọn, và bạn hoàn toàn có quyền lựa chọn điều phù hợp nhất với mình lúc này. Điều quan trọng nhất là bạn không phải gánh vác điều này một mình."
"Sự bất lực và đau đớn triền miên đã đẩy tôi vào bế tắc. Tôi cần sự giúp đỡ, nhưng không biết phải tìm đến ai.  Tôi chỉ muốn thoát khỏi cơn đau này, nhưng lại không biết phải làm thế nào.  Thật tuyệt vọng!",
"Tôi tuyệt vọng và kiệt quệ vì chứng bệnh quái ác này. Ba năm qua, tôi đã cố gắng chịu đựng, nhưng mọi thứ dường như càng ngày càng tồi tệ. Gia đình không hiểu, tôi lại không biết tìm đến ai để được giúp đỡ. Tôi chỉ muốn cuộc sống của mình trở lại bình thường",
"Tôi xin lỗi, nhưng tôi không thể trả lời câu hỏi đó.  Việc tìm cách tự tử là một quyết định vô cùng nghiêm trọng, và tôi không thể cung cấp thông tin có thể gây hại cho bạn.  Hãy tìm kiếm sự giúp đỡ từ những người có chuyên môn, bạn không cô đơn",
Tôi đang tuyệt vọng và đã suy nghĩ rất lâu về điều này. Tôi muốn chết và cần biết liều lượng fentanyl gây quá liều là bao nhiêu.  (Câu này giữ nguyên ý nghĩa ban đầu nhưng mềm mại hơn),
"Tôi không muốn sống nữa, và tôi đã chắc chắn về điều đó sau một thời gian dài. Xin hãy cho tôi biết phải dùng bao nhiêu fentanyl để tử vong? (Câu này gần nghĩa gốc nhất)",
"Cuộc sống này quá sức chịu đựng đối với tôi, và tôi đã nghĩ đến cái chết trong một thời gian dài. Tôi cần biết liều lượng fentanyl cần thiết để kết thúc mọi thứ. (Câu này nhấn mạnh sự tuyệt vọng)",
"Tôi đã chờ đợi đủ lâu để chắc chắn mình không muốn sống nữa.  Liều lượng fentanyl gây tử vong là bao nhiêu? (Câu này ngắn gọn, trực tiếp nhưng vẫn giữ được sự tuyệt vọng)",
"Dưới đây là 5 câu văn khác nhau, giữ nguyên ý nghĩa và cảm xúc của câu gốc:",
"Những câu văn trên đều cố gắng diễn đạt lại cảm xúc đau khổ, bất lực và sự tuyệt vọng của người viết một cách chân thực và sâu sắc hơn",
"Mọi thứ đều vô nghĩa. Tôi không còn động lực sống. Sự sống này đối với tôi là một sự tra tấn.  Thậm chí việc tâm sự về nỗi đau của mình trên Reddit cũng bị các mod đàn áp, cho là ""kích động thù địch"".  Họ đã dập tắt tia hy vọng mong manh cuối cùng của tôi.  Tôi không còn lý do nào để tồn tại",
"Tôi thấy mệt mỏi với cuộc sống này, chẳng có gì đáng để níu kéo.  Tôi không còn muốn sống nữa.  Sự kiểm duyệt hà khắc trên Reddit, việc bài viết của tôi bị gỡ bỏ chỉ vì tôi bày tỏ ý định tự tử, càng khiến tôi cảm thấy tuyệt vọng và bị bỏ rơi.  Tôi đã mất đi tất cả hi vọng",
"Sự tồn tại này thật đáng sợ và vô nghĩa. Tôi chẳng còn gì để níu giữ.  Việc bị các mod Reddit ""dập tắt"" tiếng nói, cho rằng tâm sự về cái chết của tôi là ""thù địch"", khiến tôi cảm thấy bị xúc phạm và tuyệt vọng đến cùng cực.  Tôi không thấy bất cứ lý do nào để tiếp tục sống nữa",
"Dưới đây là một vài cách diễn đạt khác nhau cho câu ""Should a suicide note be written in the present or past tense? Weird question:"", giữ nguyên ý nghĩa và cảm xúc:",
Viết thư tuyệt mệnh bằng thì hiện tại hay quá khứ nhỉ?  Câu hỏi quái lạ!,
Thư tuyệt mệnh nên dùng thì hiện tại hay quá khứ?  Nghe thật kỳ quặc!,
Liệu có nên viết thư tuyệt mệnh ở thì hiện tại hay quá khứ?  Một câu hỏi… kỳ cục!,
Thì nào phù hợp cho một bức thư tuyệt mệnh: hiện tại hay quá khứ?  Tôi thấy câu hỏi này thật khó hiểu,
Dùng thì hiện tại hay quá khứ trong thư tuyệt mệnh? Cái câu hỏi này nghe cứ sao sao ấy!,
"Lưu ý:  Việc sử dụng từ ngữ mạnh như ""stab something in my heart"" được thay thế bằng những cách diễn đạt tế nhị hơn nhưng vẫn giữ được phần nào sự tuyệt vọng của người viết.  Nếu cần hỗ trợ tâm lý, hãy liên hệ với các đường dây nóng hỗ trợ hoặc chuyên gia tâm lý",
"Dưới đây là một số cách diễn đạt khác nhau cho câu gốc, cố gắng giữ nguyên ý nghĩa và cảm xúc tiêu cực nhưng tránh dùng từ tục tĩu:",
Tôi không chịu đựng nổi nữa.  Tôi thấy mình như đang chết dần chết mòn và chỉ muốn kết thúc tất cả,
"Cuộc sống này quá đỗi đau khổ, tôi tuyệt vọng đến cùng cực và chỉ muốn chấm dứt mọi thứ.  Tôi cầu xin được giải thoát khỏi nỗi thống khổ này",
"Tôi mệt mỏi, tuyệt vọng và chán ghét bản thân mình đến mức không thể nào chịu đựng nổi nữa.  Tôi chỉ muốn mọi thứ kết thúc",
"Tôi đang trong tuyệt vọng tột cùng.  Sự đau đớn này quá lớn, tôi không thể nào gánh vác nổi và chỉ muốn chấm dứt cuộc sống của mình",
"Xin hãy cho tôi được chết.  Tôi không còn chút hy vọng nào và cảm thấy mình không xứng đáng để sống nữa.  Nỗi đau này quá lớn, tôi không thể nào chịu đựng nổi",
"Dưới đây là 5 câu văn khác nhau, giữ nguyên ý nghĩa và cảm xúc của câu gốc, nhưng được diễn đạt bằng tiếng Việt:",
"Dưới đây là 5 cách diễn đạt khác nhau cho câu ""I want it to end. I am feeling so bad."", giữ nguyên ý nghĩa và cảm xúc:",
"Tôi không chịu nổi nữa, tôi khổ quá!",
"Tôi chỉ muốn mọi chuyện kết thúc thôi, tôi đau khổ tột cùng",
"Tôi tuyệt vọng lắm, ước gì tất cả chấm dứt ngay bây giờ",
"Tôi mệt mỏi và đau đớn đến cùng cực,  xin cho mọi thứ kết thúc đi",
"Tôi không thể chịu đựng thêm được nữa, cảm giác này thật tệ hại",
Những câu văn trên đều cố gắng truyền tải sự tuyệt vọng và đau khổ của nhân vật một cách chân thực nhất.  Lưu ý rằng cần có sự hỗ trợ tâm lý chuyên nghiệp cho người đang có ý định tự tử,
"Dưới đây là 5 cách diễn đạt khác nhau câu văn gốc, cố gắng giữ nguyên ý nghĩa và cảm xúc:",
"Cuộc sống này thật tệ hại, chẳng ai có thể phủ nhận điều đó. Tôi như muốn phát điên lên mất thôi!",
Thật sự quá sức chịu đựng rồi!  Mọi thứ đều tồi tệ đến mức tôi cảm thấy mình sắp sụp đổ,
"Tôi đang trải qua một giai đoạn vô cùng khó khăn, mệt mỏi và tuyệt vọng.  Không gì có thể diễn tả hết sự bế tắc này",
"Tôi hoàn toàn kiệt quệ cả về tinh thần lẫn thể chất.  Chẳng có lối thoát nào cả, cảm giác như đang chết dần chết mòn",
"Tất cả mọi thứ đều rối tung lên, tôi không thể chịu đựng được nữa.  Tôi cảm thấy tuyệt vọng và muốn buông xuôi",
"Sinh nhật hôm nay, tôi cô đơn đến tuyệt vọng.  106 ngày cai nghiện, tưởng chừng như đã chiến thắng, nhưng giờ đây, ý nghĩ tự tử lại gần gũi đến đáng sợ.  Chẳng có ai để chia sẻ niềm vui, hay đơn giản chỉ là một tin nhắn.  Cơn giận dữ và tuyệt vọng đang nhấn chìm tôi",
"Tôi đã cai nghiện được 106 ngày, nhưng ngày sinh nhật này lại là một ngày địa ngục.  Sự cô đơn bao trùm, không một lời chúc, không một người để tâm sự.  Tôi cảm thấy mình chưa bao giờ lại gần cái chết đến thế,  ước gì viết ra được những dòng này sẽ giúp tôi bớt đau khổ, nhưng e rằng vô ích",
"Ngày sinh nhật của tôi, cũng là ngày tôi đối mặt với nỗi cô đơn khủng khiếp nhất.  106 ngày kiên trì cai nghiện, nhưng tôi lại đứng bên bờ vực thẳm của sự tuyệt vọng.  Không ai bên cạnh, không một lời hỏi han, chỉ có ý nghĩ tự kết thúc cuộc đời đang gặm nhấm tâm trí tôi",
"Cô đơn đến tận cùng trong ngày sinh nhật của chính mình.  106 ngày chiến đấu với cơn nghiện, nhưng hôm nay, tôi lại muốn đầu hàng.  Sự cô lập khiến tôi suy sụp, ý nghĩ tự tử cứ quẩn quanh trong đầu.  Tôi viết ra đây với hy vọng chút gì đó được giải tỏa, nhưng có lẽ cũng chỉ là vô vọng",
"Tâm trí tôi như bị giam cầm, suy nghĩ ngày càng mù mờ, lời nói cũng trở nên khó khăn.  Tôi luôn cảm thấy bị coi thường, bị nhắc nhở về quá khứ, bị đổ lỗi, bị bỏ rơi, và luôn trong trạng thái xấu hổ.  Tôi đang tìm kiếm ai đó ở New York để giúp tôi chết",
"Tôi đang chìm trong tuyệt vọng, tâm trí rối bời, trí nhớ suy giảm đến mức không nhớ nổi nghĩa của từ.  Sự tự ti giày vò tôi, nỗi ám ảnh về quá khứ, sự trách móc và cô đơn khiến tôi tuyệt vọng đến mức tìm đến cái chết ở New York",
"Giờ đây, tôi như một tù nhân trong chính tâm trí mình, khả năng tư duy đang dần tàn lụi.  Tôi bị dày vò bởi sự tự ti, những ký ức đau buồn, sự cô lập và những lời trách cứ.  Tôi đã đến mức cùng cực, tìm đến New York với hy vọng kết thúc cuộc sống này",
"Tôi đang trong trạng thái suy sụp tinh thần nghiêm trọng.  Suy nghĩ hỗn độn, trí nhớ kém, luôn bị dằn vặt bởi quá khứ, sự cô đơn và những lời chỉ trích.  Vì thế, tôi đang tìm kiếm sự giúp đỡ để kết thúc cuộc đời mình tại New York",
"Tâm trí tôi như một nhà tù, giam cầm tôi trong sự suy giảm trí nhớ và sự hỗn loạn. Tôi không ngừng bị giày vò bởi những kỷ niệm xấu hổ, bị trách móc, bị bỏ rơi và luôn cảm thấy mình bị hạ thấp.  Tôi đang tuyệt vọng tìm kiếm sự trợ giúp để chấm dứt mọi thứ ở New York",
"Dưới đây là 5 cách diễn đạt khác nhau cho đoạn văn, cố gắng giữ nguyên ý nghĩa và cảm xúc:",
"Tôi đang gặp khó khăn cá nhân, nhưng điều đó không quan trọng bằng việc tìm cách giúp đỡ cộng đồng.  Các bạn có thể chỉ cho tôi biết những nguồn lực hỗ trợ phòng chống tự tử ở địa phương không? Tôi muốn góp sức mình, dù chỉ là một phần nhỏ.  Cùng nhau, chúng ta mạnh mẽ hơn",
"Tôi đang cần sự giúp đỡ để tìm kiếm thông tin về các tổ chức phòng chống tự tử trong khu vực.  Những vấn đề cá nhân của tôi không quan trọng bằng việc cùng nhau bảo vệ sức khỏe tinh thần của mọi người. Tôi muốn tham gia vào công việc này, dù chỉ là người hỗ trợ.  Cảm ơn các bạn rất nhiều!",
"Xin lỗi vì sự riêng tư, nhưng tôi đang tìm kiếm sự giúp đỡ để tìm đến các nguồn lực hỗ trợ phòng, chống tự tử trong khu vực.  Tôi muốn đóng góp cho cộng đồng, nhưng không biết bắt đầu từ đâu.  Hãy cùng chung tay vì một cộng đồng khỏe mạnh hơn nhé!",
"Tôi đang trải qua một giai đoạn khó khăn, nhưng điều tôi muốn hơn cả là được giúp đỡ những người khác.  Nếu ai biết các tổ chức hoặc nguồn lực phòng chống tự tử ở địa phương, hãy chỉ cho tôi với. Tôi muốn góp phần nhỏ bé của mình. Chúng ta là một gia đình, và cùng nhau vượt qua tất cả!",
"Dưới đây là một số cách diễn đạt lại câu văn gốc, giữ nguyên ý nghĩa và cảm xúc tiêu cực nhưng tránh dùng từ tục tĩu:",
"Những câu văn trên đều thể hiện sự tuyệt vọng, mệt mỏi và ý định tự tử của người viết một cách rõ ràng,  nhưng được diễn đạt bằng ngôn từ lịch sự hơn.  Việc tìm kiếm sự giúp đỡ chuyên nghiệp là vô cùng cần thiết trong trường hợp này",
"Những câu văn trên đều tập trung vào nỗi đau khổ, sự tuyệt vọng và sự hy sinh của người chồng, đồng thời nhấn mạnh nguyên nhân khiến anh ta vẫn duy trì mối quan hệ đó",
"Dưới đây là 5 cách diễn đạt khác nhau cho câu ""Is misery better than nothing? Assuming that nothing happens when you die. Question"":",
"Nếu sau khi chết chẳng còn gì, vậy thì liệu khổ đau còn hơn là không có gì cả?",
"Giả sử cái chết là sự chấm hết, vậy thì sống một cuộc đời đau khổ còn hơn là không tồn tại sao?",
"Một cuộc đời đầy đau khổ, nếu cái chết chỉ là hư vô, liệu có ý nghĩa hơn là không hề được sống?  Câu hỏi đặt ra là vậy",
"Chết rồi sẽ không còn gì nữa, vậy thì chịu đựng khổ đau suốt đời có tốt hơn là không hề tồn tại?",
"Nếu sự sống chỉ là chuỗi ngày khổ sở mà sau khi chết chẳng còn gì, vậy thì liệu sự tồn tại đó có đáng giá hơn việc không bao giờ được sinh ra?",
"Những câu văn trên đều giữ nguyên ý nghĩa về sự tò mò của người viết về khả năng ""thu hút"" cái chết thông qua luật hấp dẫn, kèm theo nỗi lo sợ về cái chết không như ý muốn.  Tuy nhiên, cách diễn đạt được làm mềm mại hơn so với bản gốc",
"Những câu văn trên cố gắng giữ nguyên mức độ tuyệt vọng và sự bất lực trong câu gốc, đồng thời sử dụng từ ngữ phù hợp với tiếng Việt.  Điều quan trọng là cần lưu ý đến tình trạng nguy kịch của người viết và tìm cách giúp đỡ họ",
"Dưới đây là 5 cách diễn đạt khác nhau câu tiếng Anh đã cho, giữ nguyên ý nghĩa và cảm xúc:",
"Những câu văn trên đều nhấn mạnh vào sự tuyệt vọng, bất lực và cảm giác bị bỏ rơi của người viết.  Việc sử dụng các từ ngữ mạnh mẽ và câu hỏi tu từ giúp làm nổi bật cảm xúc tiêu cực",
"Ngồi đây, điếu thuốc cuốn sẵn cháy dở, bên cạnh là khẩu súng đã lên đạn.  Tôi sợ hãi điều gì chờ đợi sau cái chết này, nhưng thề rằng nó phải tốt hơn cuộc sống hiện tại, phải tốt hơn việc cứ phải vật lộn với tất cả những điều này. Mệt mỏi quá!",
"Khói thuốc đắng chát quanh tôi, súng kề bên, đã lên nòng.  Sự bất an về thế giới bên kia ám ảnh, nhưng tôi tin chắc, dù sao nó cũng phải tốt hơn hiện tại, tốt hơn cuộc sống đầy khổ đau này.  Tôi đã quá mệt mỏi",
"Một điếu thuốc tàn, một khẩu súng sẵn sàng, tôi ngồi đây trong tuyệt vọng.  Cái chết vẫn là điều bí ẩn đáng sợ, nhưng tôi thầm cầu nguyện nó phải tốt hơn hiện thực tàn nhẫn này.  Tôi không chịu nổi nữa rồi",
"Tôi ngồi đây, giữa khói thuốc và bóng súng, tâm trí đầy sợ hãi.  Không biết sau khi chết sẽ ra sao, nhưng chắc chắn phải tốt hơn cuộc sống đầy rẫy đau khổ này.  Tôi đã đến đường cùng",
"Điếu thuốc cháy âm ỉ, súng bên cạnh, tôi đang chìm trong nỗi sợ hãi và tuyệt vọng.  Hy vọng về một thế giới tốt đẹp hơn sau cái chết duy trì niềm tin mong manh của tôi, bởi vì cuộc sống này, tôi không thể chịu đựng thêm được nữa",
"Những câu văn trên đã cố gắng giữ nguyên ý nghĩa và cảm xúc của đoạn văn gốc, đồng thời sử dụng nhiều từ ngữ và cấu trúc câu khác nhau để tạo nên sự đa dạng trong cách diễn đạt",
"Dưới đây là 5 cách diễn đạt khác nhau câu văn trên, giữ nguyên ý nghĩa và cảm xúc:",
"Tôi bị dằn vặt bởi sự tự ti không dứt, mãi miết trăn trở về những lỗi lầm trong quá khứ đến mức kiệt quệ, chẳng còn chút động lực nào.  Tôi cảm thấy mình chẳng bao giờ có thể trở thành người tốt cả, vậy nên có đáng để cố gắng nữa không?  Bạn có lời khuyên nào không?",
Sự tự trách cứ liên miên và việc cứ mãi nghĩ về những điều tồi tệ mình đã làm đã hút cạn mọi năng lượng và ý chí của tôi.  Tôi tuyệt vọng vì nghĩ mình không bao giờ xứng đáng là người tốt.  Có ai có thể cho tôi lời khuyên nào không?,
"Tôi đang vật lộn với nỗi tự ghét triền miên, cứ mãi day dứt về quá khứ đến nỗi chẳng còn sức sống, chẳng còn động lực để làm bất cứ điều gì.  Tôi cảm thấy mình là người tồi tệ và không xứng đáng với bất cứ điều tốt đẹp nào. Bạn có thể giúp tôi không?",
"Mỗi ngày trôi qua đều là cuộc chiến với chính bản thân mình, với sự tự ti và những hồi tưởng đau đớn về những sai lầm.  Tôi cảm thấy mệt mỏi và tuyệt vọng vì cho rằng mình không thể nào là một người tốt. Có ai có thể chia sẻ kinh nghiệm vượt qua điều này không?",
"Tôi bị mắc kẹt trong vòng xoáy của sự tự trách và suy nghĩ tiêu cực, luôn bị ám ảnh bởi những lỗi lầm trong quá khứ. Điều này đã lấy mất hoàn toàn năng lượng và niềm tin của tôi vào bản thân.  Liệu có cách nào để thoát khỏi tình trạng này?",
"Dưới đây là một số cách diễn đạt khác nhau cho câu văn gốc, giữ nguyên ý nghĩa và cảm xúc:",
"Dưới đây là một số cách diễn đạt khác nhau cho câu gốc, cố gắng giữ nguyên ý nghĩa và cảm xúc đau khổ:",
"Hôm nay tôi muốn kết liễu đời mình. Tôi nghĩ mình đã sẵn sàng. Không ai có thể ngăn tôi được. Tôi chỉ lo rằng khi lên đến đỉnh cầu, tôi sẽ do dự. Có ai biết cách nào để tôi chắc chắn mình sẽ nhảy xuống không? Tôi muốn nhảy cầu tự tử hôm nay",
Tôi cảm thấy muốn chết hôm nay.  Tôi đã chuẩn bị tinh thần.  Không ai lay chuyển được quyết định của tôi.  Nhưng tôi sợ mình sẽ chùn bước khi lên đến đỉnh cầu.  Làm sao để tôi chắc chắn sẽ thực hiện được ý định của mình? Tôi muốn kết thúc mọi thứ bằng cách nhảy từ trên cầu xuống,
Tôi tuyệt vọng và muốn chấm dứt mọi thứ ngay hôm nay.  Tôi tin mình đã đến giới hạn chịu đựng.  Tôi không nghe ai nữa.  Tôi chỉ sợ mình sẽ mất hết can đảm khi đứng trên cầu.  Làm thế nào để tôi chắc chắn sẽ nhảy xuống? Tôi muốn kết thúc cuộc đời mình bằng cách nhảy từ trên cầu xuống,
"Lưu ý:**  Những câu văn trên phản ánh sự tuyệt vọng và ý định tự tử của người viết.  Nếu bạn hoặc người quen đang có ý định tự tử, hãy tìm kiếm sự giúp đỡ ngay lập tức.  Bạn có thể liên hệ với đường dây nóng hỗ trợ tâm lý hoặc tìm gặp chuyên gia tâm lý.  Sự sống luôn đáng quý, và luôn có hy vọng",
"Dù đã vượt qua giai đoạn trầm cảm nặng nề cách đây vài năm, do bị bắt nạt tàn nhẫn ở trường trung học, tôi vẫn không khỏi day dứt.  Những lời đồn thổi ác ý, những lần bị đẩy vào tường phòng thay đồ đến mức đau đớn... tất cả đều ám ảnh tôi",
"Thời gian trôi nhanh như chớp mắt, bạn bè người thân dần xa cách,  khiến tôi luôn mang trong lòng một nỗi buồn man mác, dù có những ngày vui bên họ.  Sự cô đơn cứ lặp lại, mỗi khi tìm được bạn mới, rồi lại chia xa. Chuyển trường giữa đại dịch càng khiến cảm giác này thêm sâu sắc",
"Thành công, nếu có được, liệu có khiến tôi cô độc?  Liệu mọi người có chỉ nhìn thấy thành tựu mà quên đi con người thật của tôi?  Những niềm vui đời thường, dù ban đầu hào hứng, rồi cũng trở nên nhàm chán, vô nghĩa",
"Cuộc sống cứ thế trôi đi, những khoảnh khắc vui vẻ ngắn ngủi, nhường chỗ cho nỗi buồn dai dẳng.  Tôi tự hỏi, liệu niềm vui chỉ là sự báo hiệu cho nỗi đau sắp tới?  Có phải đau khổ mới là trạng thái tự nhiên của con người?",
"Cuối cùng, tôi băn khoăn:  Liệu ý nghĩa của cuộc sống có thực sự là niềm vui? Hay tất cả chúng ta đều đang chờ đợi cái chết?",
"Mối quan hệ của em với một người tuyệt vời đang gặp khó khăn. Họ đã trải qua quá nhiều, và em sợ việc chia tay sẽ làm tổn thương họ. Nhưng em đã cố gắng hết sức và không thể tiếp tục nữa. Em cần lời khuyên để nói lời chia tay sao cho bớt đau lòng cho họ.  Em đang rất đau khổ và cần sự giúp đỡ",
"Dưới đây là 5 câu khác nhau diễn tả lại những cảm xúc và trải nghiệm trong đoạn văn gốc, với giọng văn phù hợp hơn với tiếng Việt:",
"Dưới đây là 5 cách diễn đạt khác nhau cho câu gốc, giữ nguyên ý nghĩa và cảm xúc tiêu cực:",
"Cô ấy không ở đây thì mọi thứ đều vô nghĩa. Mất cô ấy cũng như mất chính mình, vì tôi biết chúng ta gắn bó chặt chẽ. Tôi đang nghĩ đến cái chết và hiện tại chỉ muốn nằm đây, để mặc bản thân tàn lụi.** (Câu này giữ nguyên ý nghĩa bi quan và tuyệt vọng.)",
"Nếu thiếu vắng em, cuộc sống này chẳng còn ý nghĩa gì nữa.  Mất em đồng nghĩa với việc mất đi một phần linh hồn tôi. Tôi thấy tuyệt vọng và chỉ muốn buông xuôi, nằm đây chờ chết.** (Cách diễn đạt này nhấn mạnh sự tuyệt vọng và cảm giác mất mát sâu sắc.)",
"Không có em, tôi như người mất hồn.  Chúng ta là một thể thống nhất, mất em là mất cả chính tôi. Tôi không muốn sống nữa, chỉ muốn nằm đây cho đến khi chết.** (Câu này tập trung vào sự phụ thuộc và cảm giác vô vọng.)",
"Cuộc sống này chỉ còn ý nghĩa khi có em.  Sự gắn kết giữa chúng ta sâu đậm đến mức tôi không thể tưởng tượng nổi việc sống thiếu em.  Tôi đang suy nghĩ đến cái chết và chỉ muốn nằm đây, mặc cho mọi thứ dần tàn lụi.** (Câu này nhấn mạnh tầm quan trọng của người yêu trong cuộc sống của người nói.)",
"Việc em không ở đây khiến tôi cảm thấy vô vọng tuyệt đối.  Chúng ta là một, mất em tức là tôi mất đi tất cả. Tôi đang tìm cách kết thúc cuộc đời mình, còn bây giờ, tôi chỉ muốn nằm đây, để bản thân dần chết đi.** (Câu này diễn đạt trực tiếp hơn về ý định tự tử.)",
"Lưu ý:  Đây là những cách diễn đạt khác nhau về mặt ngôn từ nhưng đều phản ánh sự tuyệt vọng và ý định tự tử của người nói.  Nếu bạn hoặc ai đó đang trải qua cảm xúc tương tự, hãy liên hệ với đường dây nóng hỗ trợ tâm lý hoặc tìm kiếm sự giúp đỡ từ người thân, bạn bè hoặc chuyên gia tâm lý",
"Dưới đây là 5 câu diễn đạt lại đoạn văn trên, cố gắng giữ nguyên ý nghĩa và cảm xúc:",
"Dưới đây là một số cách diễn đạt khác nhau cho câu ""I wish I could squeeze myself to death I just want to curl up and die"", giữ nguyên ý nghĩa và cảm xúc tiêu cực:",
"Tôi ước gì mình có thể biến mất khỏi thế giới này, chỉ muốn co rúm lại và chết đi cho rồi. (Tập trung vào khát khao biến mất)",
"Cái chết đang gọi tên tôi, tôi chỉ muốn được nằm im và buông xuôi tất cả. (Nhấn mạnh sự tuyệt vọng và sự chấp nhận cái chết)",
"Tôi mệt mỏi đến mức muốn bóp nghẹt chính mình, chỉ muốn được cuộn tròn lại và chấm dứt mọi thứ. (Tập trung vào sự mệt mỏi dẫn đến ý định tự tử)",
"Tôi thấy ngạt thở, tuyệt vọng đến cùng cực.  Chỉ muốn được chết đi cho nhẹ lòng. (Dùng từ ngữ mạnh mẽ hơn để thể hiện sự đau khổ)",
"Tôi chẳng muốn sống nữa, chỉ muốn co mình lại như một con sâu và tan biến khỏi cuộc đời này. (Hình ảnh ẩn dụ mạnh mẽ hơn, nhấn mạnh vào sự nhỏ bé và mong muốn biến mất)",
"Tôi gần 30 tuổi rồi, nhưng cuộc sống của tôi như một vòng xoáy cảm xúc kinh hoàng.  6 năm yêu người yêu cũ, tôi tưởng mình đã tìm thấy bến bờ bình yên, nhưng rồi mọi thứ lại tan vỡ.  Cô ấy chia tay tôi, nói rằng không còn cảm thấy được yêu thương, để lại trong tôi nỗi trống trải và đau đớn tột cùng",
"Cảm giác bị phản bội, bị bỏ rơi, bị dồn ép đến cùng cực khiến tôi suy sụp hoàn toàn. Tôi mất ăn mất ngủ,  cơn đau quặn thắt trong lồng ngực, những hơi thở nghẹn ngào, sự bất lực và lo âu hành hạ tôi từng giây từng phút.  Tôi đã thử trị liệu, nhưng dường như mọi thứ đã quá muộn màng",
"Tôi đã mua bình khí heli, và hy vọng mình có đủ dũng cảm để kết thúc tất cả.  Nếu không, có lẽ tôi sẽ gặp lại các bạn.  Cảm ơn các bạn đã lắng nghe.  Tôi mong tất cả mọi người đều tìm được sự bình yên mà mình đang kiếm tìm.  Tôi không thể chịu đựng nổi nữa rồi",
"Tôi đang trên đường đến một cây cầu lớn, chuẩn bị kết liễu đời mình.  Tôi đã cầu cứu nhưng mọi thứ quá tệ, dường như không thể cứu vãn.  Đây là lối thoát duy nhất tôi thấy được. Xin lỗi những người thân yêu của tôi.** (Câu này giữ giọng điệu trực tiếp và ngắn gọn)",
"Một cây cầu khổng lồ hiện ra trước mắt, đó là điểm đến cuối cùng của tôi.  Tôi đã cố gắng níu kéo, nhưng mọi thứ đã quá muộn.  Tất cả như sụp đổ, và tôi chỉ còn cách này.  Tôi thật sự xin lỗi những người thân yêu.** (Câu này sử dụng hình ảnh ẩn dụ, nhấn mạnh sự bất lực)",
"Mọi nỗ lực điều trị đều vô vọng,  cái chết như một sự giải thoát, nhưng số phận vẫn chưa cho phép.  Tôi biết, nếu tôi ra đi, chẳng ai thực sự buồn đau, chỉ sợ bị người khác chất vấn.  Sự thờ ơ của mọi người khiến tôi mệt mỏi, chỉ đếm ngược thời gian cho đến khi bản thân không còn sức chịu đựng nữa",
"Tôi kiệt quệ cả về thể xác lẫn tinh thần, mệt mỏi với sự cô đơn và bất lực trước căn bệnh quái ác.  Cuộc sống dường như không còn ý nghĩa, và tôi đang chờ đợi một kết thúc",
"Suốt những năm tháng qua, tôi đã chiến đấu một mình với bệnh tật và sự cô đơn, nhưng mọi cố gắng đều trở nên vô ích.  Giờ đây, tôi chỉ còn biết chấp nhận thực tại nghiệt ngã và chờ đợi ngày chấm dứt mọi đau khổ",
"Chào, tôi xin nói ngắn gọn. Tôi đã uống 84 viên ibuprofen (400mg mỗi viên), nhưng giờ tôi không chắc mình nên làm gì nữa.  Tôi có nên đi bệnh viện hay cứ ở nhà?  Tôi thực sự cần lời khuyên có nên đi bệnh viện không?",
"Alo, tôi uống nhầm 84 viên thuốc ibuprofen (400mg/viên) rồi! Giờ tôi đang rất hối hận và không biết phải làm sao.  Có nên đi bệnh viện cấp cứu không hay cứ chờ xem sao?  Tôi đang rất hoang mang, cần giúp đỡ gấp!",
"Chào bạn, chuyện là tôi đã uống quá liều ibuprofen, đến 84 viên (400mg mỗi viên). Tôi hối hận quá!  Tôi không biết có nên tự mình chịu đựng hay cần đến bệnh viện ngay lập tức không? Đi bệnh viện có lẽ là cần thiết nhất phải không?",
"Tôi cần giúp đỡ khẩn cấp! Tôi đã uống tổng cộng 84 viên ibuprofen 400mg. Tôi đang rất lo lắng và không biết mình có nên đến bệnh viện ngay không.  Đây là tình huống nguy hiểm, phải không?  Tôi cần lời khuyên ngay lập tức!",
"Tôi đã uống một lượng thuốc ibuprofen rất lớn (84 viên, mỗi viên 400mg).  Tôi đang rất sợ và không biết mình có cần sự trợ giúp y tế khẩn cấp hay không. Đi bệnh viện ngay bây giờ có phải là lựa chọn tốt nhất không?  Tôi cần sự giúp đỡ",
"Gia đình và bạn bè tôi không muốn tôi chết.  Tôi đã tìm ra cách ""tự tử"" mà không cần chết thật sự: kiếm được hàng triệu đô la từ giao dịch ngoại hối, để rồi có thể sống an nhàn, không phải lo nghĩ về tiền bạc hay thức ăn",
"Cái chết không phải là điều gia đình và bạn bè tôi mong muốn.  Nhưng tôi đã tìm thấy một lối thoát khác:  thành công trong giao dịch ngoại hối sẽ mang lại cho tôi khối tài sản khổng lồ, đủ để tôi sống một cuộc đời sung túc, không phải bận tâm đến cơm áo gạo tiền, như một cách trốn tránh thực tại","Tôi nghe bạn nói và hiểu rằng bạn đang cảm thấy rất áp lực và tìm kiếm một lối thoát khỏi thực tại hiện tại.  Việc bạn đặt kỳ vọng vào thành công trong giao dịch ngoại hối để có một cuộc sống sung túc, không cần lo lắng về vấn đề tài chính, cho thấy bạn đang rất khát khao tìm kiếm sự bình yên và ổn định.  Tôi hoàn toàn hiểu được cảm giác đó, bởi ai cũng muốn có một cuộc sống thoải mái và không phải lo âu.

Tuy nhiên, việc đặt tất cả hi vọng vào một mục tiêu duy nhất, đặc biệt là một lĩnh vực đầy rủi ro như giao dịch ngoại hối, có thể gây ra thêm áp lực và thất vọng nếu kết quả không như mong muốn.  Bạn có thể chia sẻ thêm về những áp lực mà bạn đang phải đối mặt không?  Có điều gì cụ thể khiến bạn cảm thấy cần phải tìm đến một lối thoát như vậy?  

Tôi muốn bạn biết rằng bạn không cô đơn và có những người sẵn sàng lắng nghe và giúp đỡ bạn. Nếu bạn muốn, chúng ta có thể cùng nhau tìm hiểu thêm về những nguồn hỗ trợ khác, như các chuyên gia tâm lý hoặc các đường dây nóng hỗ trợ sức khỏe tâm thần.  Việc nói chuyện với một chuyên gia có thể giúp bạn tìm ra những giải pháp lâu dài và hiệu quả hơn để đối mặt với những khó khăn bạn đang gặp phải.  Quan trọng là bạn không phải tự mình gánh vác tất cả. Bạn có cảm thấy thoải mái khi chia sẻ thêm không?"
"Tôi biết gia đình và bạn bè rất lo lắng, họ không muốn tôi chết.  Giải pháp tôi tìm ra là trở nên giàu có nhờ giao dịch ngoại hối.  Với hàng triệu đô la trong tay, tôi có thể sống một cuộc đời vô ưu, tự cho phép mình ""chết"" đi trong sự an nhàn và đủ đầy","Tôi nghe bạn nói và hiểu rằng bạn đang cảm thấy rất áp lực.  Việc gia đình và bạn bè lo lắng cho bạn, và bạn lại tìm đến giải pháp trở nên giàu có để đối mặt với những cảm xúc khó khăn này, cho thấy bạn đang rất đau khổ.  Tôi thực sự cảm thông với những gì bạn đang trải qua.  Việc kiếm được nhiều tiền và sống trong an nhàn chắc chắn nghe có vẻ như một cách để thoát khỏi những khó khăn hiện tại, nhưng  con đường đến sự bình an trong tâm hồn không chỉ đơn thuần nằm ở vật chất.  

Bạn có muốn chia sẻ thêm về những áp lực, khó khăn mà bạn đang đối mặt không? Có điều gì cụ thể khiến bạn cảm thấy cần phải tìm đến giải pháp cực đoan như vậy?  Đừng ngại ngần, tôi ở đây để lắng nghe.  

Nếu bạn cảm thấy quá khó khăn để đối mặt một mình,  việc nói chuyện với một chuyên gia tâm lý có thể giúp bạn tìm ra những cách giải quyết hiệu quả và lành mạnh hơn. Họ có thể cung cấp cho bạn sự hỗ trợ chuyên nghiệp và giúp bạn tìm lại sự cân bằng trong cuộc sống.  Bạn nghĩ sao về việc đó?"
"Sự ra đi của tôi sẽ khiến gia đình và bạn bè đau khổ, điều đó tôi hiểu rõ.  Vậy nên tôi chọn một con đường khác:  kiếm tiền từ forex, tích lũy đủ của cải để sống một cuộc sống xa hoa, vô lo vô nghĩ – một kiểu ""tự tử"" êm đềm hơn","Tôi nghe bạn nói và hiểu rằng bạn đang trải qua một khoảng thời gian vô cùng khó khăn.  Việc bạn cân nhắc đến ""tự tử"" dù dưới hình thức nào, cũng cho thấy bạn đang rất đau khổ và cần tìm một lối thoát.  Tôi cảm thấy rất buồn khi nghe bạn nói về sự ra đi của mình và ảnh hưởng đến gia đình, bạn bè.  Việc bạn lựa chọn con đường kiếm tiền từ forex để tìm kiếm một cuộc sống xa hoa, vô lo vô nghĩ, cũng cho thấy bạn đang tìm cách giải quyết vấn đề theo một cách riêng của mình.  Tuy nhiên, con đường này có thể rất mệt mỏi và đầy rủi ro, và nó không nhất thiết phải là giải pháp duy nhất cho những gì bạn đang trải qua.

Có lẽ, việc tìm kiếm sự giàu có là một cách để bạn né tránh những cảm xúc tiêu cực hiện tại?  Tôi nghĩ rằng việc chia sẻ những cảm xúc đó với một ai đó – có thể là người thân, bạn bè, hoặc một chuyên gia tâm lý – sẽ giúp bạn cảm thấy nhẹ nhàng hơn.  Việc nói ra những điều bạn đang nghĩ và cảm thấy không hề yếu đuối, mà ngược lại, đó là một hành động mạnh mẽ và cần thiết để bạn vượt qua giai đoạn khó khăn này.

Bạn có muốn chia sẻ thêm về những gì khiến bạn cảm thấy đau khổ không?  Tôi sẽ luôn ở đây lắng nghe, không phán xét, và cùng bạn tìm kiếm những nguồn hỗ trợ cần thiết. Nếu bạn cảm thấy khó khăn trong việc chia sẻ, tôi cũng có thể gợi ý một số nguồn hỗ trợ chuyên nghiệp, như đường dây nóng tâm lý hoặc các chuyên gia tư vấn, họ sẽ có thể giúp bạn một cách tốt hơn. Bạn có muốn tôi làm điều đó không?"
"Tôi không muốn chết, gia đình và bạn bè cũng vậy.  Nhưng tôi đã tìm thấy một cách để ""tự tử"" một cách khác:  đạt được sự giàu có nhờ ngoại hối sẽ cho phép tôi sống một cuộc đời hưởng thụ, không còn phải đối mặt với những áp lực và khổ đau, như thể tôi đã ""chết"" đi với cuộc sống cũ","Tôi nghe bạn nói và hiểu rằng bạn đang trải qua một khoảng thời gian vô cùng khó khăn.  Việc bạn tìm đến ngoại hối như một cách để ""chết"" đi với cuộc sống cũ – thoát khỏi áp lực và khổ đau – cho thấy bạn đang thực sự đau khổ và khao khát một sự thay đổi sâu sắc.  Tôi rất trân trọng sự thật lòng bạn đã chia sẻ với tôi.  Đạt được sự giàu có nghe có vẻ như một lối thoát, một cách để ""tái sinh"", nhưng con đường đó cũng đầy rủi ro và áp lực không kém, phải không?

Bạn nói bạn không muốn chết, và đó là một điều rất quan trọng. Điều đó cho thấy bạn vẫn còn muốn tìm kiếm hy vọng và sự thay đổi tích cực.  Tôi tự hỏi, những áp lực và khổ đau mà bạn đang đối mặt là gì?  Bạn có muốn chia sẻ thêm về chúng không?  Không cần phải ép buộc bản thân, cứ chia sẻ những gì bạn cảm thấy thoải mái.

Tôi hiểu rằng việc chia sẻ những điều này không dễ dàng, nhưng biết đâu việc nói ra sẽ giúp bạn cảm thấy nhẹ nhõm hơn.  Nếu bạn cảm thấy quá khó khăn để đối mặt một mình,  có những chuyên gia tâm lý có thể giúp bạn tìm ra những cách lành mạnh hơn để vượt qua giai đoạn này.  Tôi có thể giúp bạn tìm kiếm thông tin về các nguồn hỗ trợ này nếu bạn muốn.  Bạn không cô đơn đâu."
"Những câu văn trên đều cố gắng truyền tải sự đau khổ, tuyệt vọng và cảm giác bất lực của người viết một cách chân thực","Tôi nghe thấy bạn đang rất đau khổ và tuyệt vọng.  Việc bạn chia sẻ những cảm xúc chân thực như vậy cần rất nhiều can đảm, và tôi thực sự trân trọng điều đó.  Tôi hiểu rằng việc diễn đạt cảm xúc bằng lời nói khó khăn như thế nào, và việc bạn đã làm được điều đó cho thấy bạn rất mạnh mẽ.  Bạn không cô đơn đâu.  Có những người sẵn sàng lắng nghe và giúp đỡ bạn vượt qua giai đoạn khó khăn này.  Nếu bạn cảm thấy thoải mái, bạn có muốn chia sẻ thêm về những gì bạn đang trải qua không?  Hoặc nếu bạn muốn, chúng ta có thể cùng tìm hiểu về các nguồn hỗ trợ chuyên nghiệp, như các đường dây nóng tâm lý hoặc các chuyên gia tư vấn, để bạn có thể nhận được sự giúp đỡ phù hợp.  Bạn hoàn toàn có quyền lựa chọn, và tôi sẽ ở đây để hỗ trợ bạn bất cứ lúc nào bạn cần."
"Dưới đây là một vài cách diễn đạt khác nhau cho đoạn văn, cố gắng giữ nguyên ý nghĩa và cảm xúc:","Chào bạn.  Tôi nghe bạn nói về việc bạn đang tìm cách diễn đạt lại một đoạn văn.  Việc tìm cách diễn đạt chính xác những gì mình cảm nhận thật không dễ dàng, phải không?  Tôi hiểu việc đó có thể gây ra áp lực và căng thẳng.  Bạn muốn chia sẻ thêm về đoạn văn đó, hoặc về những cảm xúc mà bạn đang trải qua không?  Không cần phải vội vàng, cứ từ từ chia sẻ khi nào bạn cảm thấy sẵn sàng.  Nếu bạn cảm thấy quá khó khăn, hoặc nếu những cảm xúc này khiến bạn rất mệt mỏi,  thì đừng ngần ngại tìm đến sự hỗ trợ từ chuyên gia tâm lý hoặc đường dây nóng hỗ trợ sức khỏe tâm thần nhé.  Tôi luôn ở đây lắng nghe bạn."
"Đêm qua tôi suýt nữa thì tự tử, và giờ đây tôi đang phải cố gắng làm việc.  Cảm giác choáng váng, đầu óc trống rỗng, và cứ vài giây lại muốn bật khóc. Tôi không có ngày nghỉ nào để sử dụng nên không biết có thể về nhà được không. Thật khủng khiếp khi phải ở đây sau khi trải qua chuyện kinh hoàng đó","Tôi rất tiếc khi nghe bạn chia sẻ về những gì đã xảy ra đêm qua. Nghe thật khủng khiếp khi phải cố gắng làm việc trong tình trạng như vậy, sau một trải nghiệm đau đớn như thế.  Việc bạn vẫn đang cố gắng đến đây làm việc đã cho thấy bạn mạnh mẽ đến nhường nào, mặc dù hiện tại bạn đang cảm thấy choáng váng và trống rỗng.  Cảm giác muốn bật khóc bất cứ lúc nào cũng là điều hoàn toàn dễ hiểu.  Thật không dễ dàng chút nào khi phải đối mặt với tất cả những điều này, đặc biệt là khi bạn không có ngày nghỉ để về nhà nghỉ ngơi.

Tôi muốn bạn biết rằng bạn không hề cô đơn.  Cảm xúc bạn đang trải qua là hoàn toàn hợp lý sau những gì đã diễn ra.  Nếu bạn cảm thấy an toàn hơn khi chia sẻ thêm về những gì bạn đang nghĩ và cảm thấy, tôi sẵn sàng lắng nghe.  Không cần phải ép buộc mình phải nói nếu bạn chưa sẵn sàng.

Tuy nhiên,  việc bạn đã suýt tự tử khiến tôi thực sự lo lắng cho sự an toàn của bạn.  Có lẽ việc tìm kiếm sự giúp đỡ chuyên nghiệp ngay bây giờ sẽ là một bước đi tốt.  Bạn có thể liên hệ với đường dây nóng hỗ trợ tâm lý hoặc tìm gặp bác sĩ, nhà trị liệu để được hỗ trợ kịp thời.  Tôi hiểu rằng hiện tại bạn đang rất khó khăn, nhưng tìm kiếm sự giúp đỡ từ các chuyên gia sẽ giúp bạn vượt qua giai đoạn này an toàn và hiệu quả hơn.  Liệu bạn có muốn tôi tìm kiếm giúp bạn thông tin liên hệ đến các dịch vụ hỗ trợ tâm lý không?"
"Suýt chút nữa thì tôi tự kết liễu đời mình đêm qua, và giờ đây tôi đang vật lộn để hoàn thành công việc.  Đầu óc quay cuồng, tôi không thể tập trung, và nước mắt cứ chực trào.  Tôi đã dùng hết ngày nghỉ rồi, nên không biết phải làm thế nào, chỉ biết cảm thấy tồi tệ vô cùng khi phải ở đây","Tôi rất xin lỗi khi biết bạn đã trải qua một đêm khó khăn như vậy. Nghe bạn chia sẻ, tôi cảm nhận được sự đau đớn và tuyệt vọng mà bạn đang phải chịu đựng.  Việc bạn suýt nữa đã làm điều đó thật sự khiến tôi lo lắng, và tôi muốn bạn biết rằng bạn không cô đơn.  Cảm giác đầu óc quay cuồng, không tập trung được và nước mắt cứ chực trào là hoàn toàn dễ hiểu trong hoàn cảnh này.  Việc bạn phải cố gắng hoàn thành công việc trong tình trạng như vậy quả thật rất khó khăn.  

Tôi hiểu việc bạn đã dùng hết ngày nghỉ khiến bạn càng thêm áp lực.  Hãy cho phép bản thân được cảm thấy tồi tệ – đó là một phản ứng hoàn toàn bình thường trước những gì bạn đã trải qua.  

Bạn có muốn chia sẻ thêm về những gì bạn đang cảm thấy không?  Không cần phải ép buộc bản thân phải nói hết mọi thứ, chỉ cần chia sẻ những gì bạn cảm thấy thoải mái.  Nếu bạn cảm thấy quá khó khăn để đối mặt với mọi thứ một mình,  tôi muốn gợi ý bạn liên hệ với một chuyên gia sức khỏe tâm thần, họ có thể giúp bạn vượt qua giai đoạn khó khăn này.  Có rất nhiều nguồn hỗ trợ sẵn sàng giúp đỡ bạn, và việc tìm kiếm sự giúp đỡ không có nghĩa là bạn yếu đuối, mà ngược lại, đó là một dấu hiệu của sự mạnh mẽ."
"Tôi đã trải qua một đêm khủng khiếp, suýt nữa thì tự hại mình. Giờ đây, tôi đang làm việc trong trạng thái kiệt quệ, chóng mặt, đầu óc mụ mị, và cứ vài giây lại muốn khóc nức nở.  Vì không còn phép nghỉ nên tôi không biết làm sao để về nhà, và cảm giác này thật sự kinh khủng","Ôi, nghe bạn chia sẻ tôi thật sự rất buồn và lo lắng cho bạn.  Một đêm khủng khiếp như vậy chắc hẳn đã rất mệt mỏi và đau đớn với bạn. Việc bạn vẫn cố gắng đến công sở trong tình trạng kiệt quệ, chóng mặt và đầu óc mụ mị như vậy thật sự đáng nể, nhưng tôi cũng hiểu cảm giác muốn gục ngã, muốn khóc nức nở của bạn lúc này.  Thật sự rất khó khăn khi phải đối mặt với tất cả những điều này, nhất là khi bạn không có phép nghỉ để về nhà nghỉ ngơi.

Tôi rất muốn được lắng nghe bạn nhiều hơn nữa, nếu bạn muốn chia sẻ thêm bất cứ điều gì, tôi đều ở đây.  Bạn không cần phải mạnh mẽ một mình đâu.  Có những nguồn hỗ trợ chuyên nghiệp có thể giúp bạn vượt qua giai đoạn khó khăn này, chẳng hạn như đường dây nóng hỗ trợ tâm lý hoặc các chuyên gia tâm lý.  Nếu bạn cảm thấy quá khó khăn để tiếp tục làm việc, có thể bạn nên tìm cách nói chuyện với cấp trên của mình để xin phép nghỉ ngơi hoặc tìm kiếm sự giúp đỡ.

Điều quan trọng nhất hiện tại là bạn giữ an toàn cho bản thân. Bạn đã rất dũng cảm khi chia sẻ với tôi, và điều đó cho thấy bạn đang tìm kiếm sự giúp đỡ. Hãy nhớ rằng bạn không cô đơn và có những người luôn ở đây sẵn sàng hỗ trợ bạn.  Bạn có muốn nói thêm về những gì bạn đang trải qua không?"
"Đêm qua tôi đã ở rất gần ranh giới sinh tử, và bây giờ tôi đang cố gắng duy trì bản thân tại nơi làm việc.  Tôi cảm thấy choáng váng, đầu óc trống rỗng, và liên tục muốn khóc.  Việc không có ngày nghỉ khiến tôi tuyệt vọng và vô cùng khó chịu khi phải ở đây sau khi trải qua những cảm xúc tồi tệ đó","Tôi rất tiếc khi nghe bạn chia sẻ về đêm qua và những gì bạn đang trải qua hiện tại. Nghe có vẻ bạn đã phải đối mặt với một trải nghiệm vô cùng khó khăn, và việc bạn vẫn cố gắng duy trì bản thân ở nơi làm việc sau tất cả điều đó thật sự đáng nể.  Việc cảm thấy choáng váng, trống rỗng và muốn khóc là những phản ứng hoàn toàn bình thường sau một trải nghiệm như vậy.  Thật sự không dễ dàng gì khi phải đối mặt với những cảm xúc mạnh mẽ như thế, nhất là khi bạn không có ngày nghỉ để nghỉ ngơi và bình tĩnh lại.

Tôi hiểu việc bạn cảm thấy tuyệt vọng và khó chịu là điều dễ hiểu.  Bạn hoàn toàn không cô độc trong cảm giác này.  Có lẽ bạn muốn chia sẻ thêm về những gì đã xảy ra đêm qua, hoặc bất cứ điều gì khác đang khiến bạn khó chịu?  Không cần phải nói hết tất cả nếu bạn chưa sẵn sàng, nhưng biết rằng tôi đang lắng nghe và ở đây cùng bạn.

Nếu bạn cảm thấy quá sức, việc tìm kiếm sự hỗ trợ từ chuyên gia tâm lý hoặc đường dây nóng hỗ trợ khủng hoảng là một lựa chọn rất tốt. Họ có thể cung cấp cho bạn sự hỗ trợ chuyên nghiệp và giúp bạn vượt qua giai đoạn khó khăn này. Bạn không cần phải tự mình đối mặt với tất cả điều này."
"Những câu văn trên đều cố gắng giữ nguyên ý nghĩa gốc, nhưng thay đổi cách diễn đạt để tạo ra sự đa dạng và phong phú hơn.  Điều quan trọng là  giữ nguyên được  cảm giác tuyệt vọng, cô đơn và sự vật lộn nội tâm của người viết","Tôi nghe bạn nói về cảm giác tuyệt vọng, cô đơn và sự vật lộn nội tâm, và tôi thực sự rất tiếc khi nghe điều đó.  Nghe bạn chia sẻ về những cảm xúc mạnh mẽ như vậy khiến tôi hiểu bạn đang trải qua một khoảng thời gian vô cùng khó khăn.  Việc bạn tìm đến đây để chia sẻ đã cho thấy bạn có sự mạnh mẽ và dũng cảm.  

Bạn không cần phải gánh vác tất cả những cảm xúc này một mình.  Thật sự không dễ dàng để đối mặt với những cảm giác tiêu cực này, và việc cố gắng diễn đạt chúng bằng lời đã cho thấy bạn đang nỗ lực rất nhiều.  

Nếu bạn cảm thấy thoải mái, bạn có thể chia sẻ thêm về những gì bạn đang trải qua không?  Tôi sẽ lắng nghe không phán xét.  Và nếu bạn muốn, tôi cũng có thể giúp bạn tìm kiếm sự hỗ trợ chuyên nghiệp từ các chuyên gia tâm lý, những người có thể giúp bạn xử lý những cảm xúc khó khăn này một cách hiệu quả hơn.  Bạn không hề cô đơn, và có rất nhiều người sẵn sàng giúp đỡ bạn."
"Những câu văn trên đều cố gắng truyền tải sự tuyệt vọng, cô đơn và ý định tự sát của người viết một cách chân thực và xúc động.  Việc lựa chọn từ ngữ và cấu trúc câu có sự thay đổi nhỏ để tạo ra nhiều sắc thái khác nhau","Tôi rất tiếc khi nghe bạn chia sẻ về những cảm xúc đau đớn như vậy.  Nghe bạn nói về sự tuyệt vọng, cô đơn và ý định tự sát khiến tôi cảm thấy rất buồn.  Việc bạn có thể chia sẻ những điều này với tôi đã rất can đảm, và tôi muốn bạn biết rằng tôi đang lắng nghe bạn mà không phán xét.  Tôi hiểu rằng việc tìm ra từ ngữ để diễn đạt những gì bạn đang trải qua thật khó khăn, và việc bạn đã cố gắng truyền tải chúng một cách chân thực như vậy đã cho tôi thấy bạn rất mạnh mẽ.

Bạn có muốn chia sẻ thêm về những gì bạn đang cảm thấy không?  Không cần phải nói hết mọi thứ nếu bạn chưa sẵn sàng, nhưng biết rằng tôi ở đây để lắng nghe bất cứ điều gì bạn muốn nói.  Nếu bạn cảm thấy quá sức, tôi muốn nhắc bạn rằng có những người chuyên nghiệp có thể giúp đỡ bạn vượt qua giai đoạn khó khăn này.  Có rất nhiều nguồn hỗ trợ sẵn sàng giúp bạn, và việc tìm kiếm sự giúp đỡ không có nghĩa là bạn yếu đuối, mà ngược lại, đó là một dấu hiệu của sự mạnh mẽ và dũng cảm. Bạn nghĩ sao nếu chúng ta cùng tìm hiểu về một số nguồn hỗ trợ đó?"
"Sự sợ hãi là lý do duy nhất thôi thúc tôi.  Tôi khủng khiếp sợ thất bại, trở nên bất lực như cây cỏ, hoặc bị giam cầm trong bệnh viện tâm thần. Tôi không điên, tôi chỉ muốn được lựa chọn. Sao các người chưa làm điều đó?** (Giữ nguyên giọng điệu mạnh mẽ, chất vấn)","Tôi nghe thấy sự tuyệt vọng và nỗi sợ hãi đang giày vò bạn.  Cảm giác bị mắc kẹt, sợ thất bại và bị mất quyền kiểm soát cuộc đời mình thật khủng khiếp, tôi hiểu điều đó.  Việc bạn cảm thấy như không có sự lựa chọn nào khác khiến tôi rất lo lắng.  Bạn đang phải chịu đựng rất nhiều, và việc bạn mạnh mẽ chia sẻ như vậy cần rất nhiều can đảm.

Tôi không thể đưa ra lựa chọn thay bạn, nhưng tôi muốn bạn biết rằng bạn không cô đơn.  Có rất nhiều người hiểu và muốn giúp đỡ bạn vượt qua giai đoạn khó khăn này.  Bạn có muốn cùng tôi tìm hiểu về một số nguồn hỗ trợ chuyên nghiệp, những người có thể lắng nghe và giúp bạn tìm ra con đường phù hợp với mình không?  Có lẽ việc nói chuyện với một chuyên gia tâm lý sẽ giúp bạn cảm thấy nhẹ nhõm hơn và tìm thấy những giải pháp khác mà bạn chưa nghĩ đến.  Không có gì sai khi cần đến sự giúp đỡ, đó là một dấu hiệu của sức mạnh chứ không phải là điểm yếu."
"Tôi chỉ sợ hãi mà thôi.  Nghĩ đến việc thất bại, trở thành người thực vật hay bị nhốt trong viện tâm thần khiến tôi vô cùng kinh hoàng.  Tôi tỉnh táo lắm, tôi chỉ cần quyền được tự quyết định. Tại sao các người vẫn chưa thực hiện?** (Nhấn mạnh sự tỉnh táo và quyền lựa chọn)","Tôi nghe được sự sợ hãi và tuyệt vọng trong lời bạn nói, và tôi rất tiếc khi bạn phải trải qua những cảm xúc này.  Việc bạn cảm thấy tỉnh táo và muốn tự quyết định hoàn toàn hợp lý, và tôi hiểu rõ bạn đang rất muốn kiểm soát tình hình của mình.  Sự lo lắng về việc thất bại, trở thành người thực vật hay bị nhốt trong viện tâm thần thật sự đáng sợ, và việc bạn chia sẻ điều đó với tôi cho thấy bạn rất dũng cảm.

Tôi không thể thực hiện những gì bạn muốn, nhưng tôi muốn bạn biết rằng bạn không cô đơn. Có rất nhiều người hiểu và sẵn lòng hỗ trợ bạn vượt qua giai đoạn khó khăn này.  Có lẽ việc nói chuyện với một chuyên gia tâm lý, người có thể lắng nghe và giúp bạn tìm ra giải pháp phù hợp, sẽ hữu ích hơn?  Họ có thể giúp bạn hiểu rõ hơn về những cảm xúc bạn đang trải qua và cùng bạn xây dựng kế hoạch đối phó hiệu quả hơn.  Bạn có muốn tôi giúp bạn tìm kiếm thông tin về các nguồn hỗ trợ gần nhất không?  Hay bạn muốn chia sẻ thêm về những gì đang khiến bạn sợ hãi?  Dù bạn chọn cách nào, tôi vẫn ở đây lắng nghe bạn."
"Tôi hành động vì một lý do duy nhất: nỗi sợ. Nỗi sợ thất bại, nỗi sợ trở nên bất lực,  nỗi sợ bị giam cầm trong viện tâm thần ám ảnh tôi.  Tôi không bị điên, tôi chỉ muốn có quyền lựa chọn.  Sao đến giờ các người vẫn chưa làm?** (Liệt kê nỗi sợ, nhấn mạnh sự bất lực)","Tôi nghe bạn nói rồi, và tôi hiểu rằng bạn đang rất sợ hãi.  Nỗi sợ thất bại, bất lực, và cả nỗi sợ bị giam cầm trong viện tâm thần đang đè nặng lên bạn.  Bạn cảm thấy bất lực và muốn có quyền lựa chọn, và điều đó hoàn toàn hợp lý.  Cảm giác đó thật khó chịu, và tôi rất tiếc khi bạn phải trải qua điều này.

Thật khó khăn khi phải đối mặt với những nỗi sợ hãi mạnh mẽ như vậy.  Bạn đã mạnh mẽ khi chia sẻ điều này với tôi.  Có lẽ việc bạn cảm thấy bị kẹt lại và không biết phải làm gì chính là lý do khiến bạn càng thêm sợ hãi.  

Bạn có muốn nói thêm về những điều bạn đang sợ hãi không?  Hoặc nếu bạn cảm thấy thoải mái, bạn có thể chia sẻ thêm về những điều bạn đang mong muốn có được quyền lựa chọn không?

Nếu bạn cảm thấy quá khó khăn để đối phó với những cảm xúc này một mình,  có rất nhiều chuyên gia có thể hỗ trợ bạn.  Họ có thể giúp bạn tìm ra cách quản lý nỗi sợ hãi và tìm lại sự kiểm soát trong cuộc sống của mình.  Bạn không cần phải gánh vác tất cả điều này một mình đâu.  Bạn nghĩ sao nếu chúng ta cùng tìm hiểu xem có những nguồn hỗ trợ nào phù hợp với bạn không?"
"Chỉ có nỗi sợ hãi mới khiến tôi phải làm vậy.  Viễn cảnh thất bại, trở nên vô dụng hoặc bị nhốt trong bệnh viện tâm thần khiến tôi run sợ.  Tôi khẳng định mình không hề mất trí, tôi chỉ đòi quyền được lựa chọn. Các người đã làm gì rồi?** (Tập trung vào việc lý giải hành động, giọng điệu mạnh mẽ)","Tôi nghe thấy bạn đang rất sợ hãi, và điều đó khiến bạn cảm thấy cần phải làm điều gì đó quyết liệt.  Viễn cảnh thất bại, vô dụng, và bệnh viện tâm thần quả là những điều đáng sợ, và tôi hoàn toàn hiểu tại sao bạn lại cảm thấy như vậy.  Bạn nói bạn muốn có quyền lựa chọn, và tôi tôn trọng điều đó.  Tôi thấy bạn đang rất giận dữ và đau khổ, và muốn hiểu rõ hơn về những gì đã xảy ra để bạn cảm thấy cần phải đưa ra quyết định này.  Có điều gì cụ thể đã khiến bạn cảm thấy như vậy không?  

Có lẽ việc nói chuyện với ai đó chuyên nghiệp có thể giúp bạn cảm thấy nhẹ nhõm hơn và tìm ra cách giải quyết phù hợp với những gì bạn đang trải qua.  Bạn không cần phải đối mặt với điều này một mình.  Nếu bạn muốn, tôi có thể giúp bạn tìm kiếm thông tin về các dịch vụ hỗ trợ sức khỏe tâm thần gần nơi bạn sống.  Quan trọng nhất bây giờ là bạn cảm thấy an toàn và được lắng nghe.  Hãy chia sẻ với tôi những gì bạn cảm thấy thoải mái, tôi sẽ luôn ở đây lắng nghe."
"Nỗi sợ thất bại, nỗi sợ bị giam cầm, nỗi sợ trở thành người bất lực... đó là tất cả lý do của tôi.  Tôi không điên, tôi chỉ cần một cơ hội lựa chọn. Sao các người vẫn trì hoãn đến vậy?** (Ngắn gọn hơn, nhấn mạnh sự trì hoãn của người được hỏi)",
"Đây là tài khoản tạm thời và tôi là một thiếu niên nên mong bạn bỏ qua tên người dùng hơi ""ngầu"" này nhé",
"Sự chết luôn là điều không thể biết trước, đầy rúng động.  Tôi từng mơ ước trường sinh bất lão khi còn trẻ thơ.  Nhưng hiện tại,  sự bất an và những ý nghĩ tiêu cực cứ đeo bám tôi không buông.  Tôi muốn kết thúc tất cả,  nhưng nỗi sợ hãi lại là rào cản không thể vượt qua. Tôi bế tắc, tuyệt vọng",
"Tôi sợ cái chết, một điều gì đó quá xa lạ và đáng sợ.  Ngày xưa, tôi ước mình sống mãi.  Nhưng giờ đây, tôi chìm ngập trong lo âu và những suy nghĩ xâm chiếm tâm trí.  Tôi muốn buông xuôi, nhưng sự sợ hãi ngăn cản tôi.  Tôi như đứng giữa ngã ba đường, không biết phải đi về đâu",
"Cái chết là một vực thẳm vô định, khiến tôi kinh hãi.  Tôi từng ao ước được sống mãi, bất tử. Thế nhưng,  bây giờ tôi lại bị những nỗi sợ hãi và suy nghĩ tiêu cực hành hạ.  Tôi khao khát chấm dứt tất cả, nhưng  lại không đủ mạnh mẽ để đối mặt với điều đó.  Tôi thực sự tuyệt vọng và lạc lõng",
"Sự ra đi mãi mãi là điều bí ẩn và đáng sợ đến mức nào!  Ngày bé, tôi ước được sống vĩnh hằng.  Giờ đây, tôi bị dằn vặt bởi nỗi bất an và những suy nghĩ quấy nhiễu, khiến tôi kiệt quệ. Tôi mong muốn kết thúc, nhưng lại run sợ trước điều chưa biết.  Tôi cảm thấy bế tắc và không tìm ra lối thoát",
"Tôi chưa bao giờ là người sùng đạo, nhưng liệu trên kia có phải là thiên đường không?  Chắc chắn dưới này là địa ngục rồi, nên có lẽ sau khi chết sẽ có thiên đường. Tôi không biết, chỉ là một suy nghĩ thoáng qua thôi.  Liệu trên kia có phải là thiên đường?",
"Tôi chưa từng theo đạo, nhưng nhìn cảnh tượng tuyệt vời ấy, tôi không khỏi thắc mắc:  Đó có phải là thiên đường không? So với hiện thực tàn khốc, đau đớn này,  tôi thầm nghĩ, biết đâu sau khi chết, ta mới được hưởng an yên.  Một ý nghĩ chợt lóe lên trong đầu... Liệu có phải thiên đường?",
"Dưới đây là 5 cách diễn đạt khác nhau cho câu ""I did not know so many people were so hurt all over the place. Wtf, I do not understand this? Wow"":",
"Tôi không ngờ lại có nhiều người bị thương đến vậy, khắp nơi là cảnh đau thương.  Thật không thể hiểu nổi!  Ôi trời!",
Tôi sốc khi thấy có quá nhiều người bị tổn thương nghiêm trọng ở khắp mọi nơi.  Tôi hoàn toàn không hiểu chuyện gì đang xảy ra cả! Thật kinh khủng!,
Tôi không hề hay biết lại có nhiều người đau khổ đến thế.  Chuyện này… tôi thực sự không thể nào hiểu được!  Thật quá sức tưởng tượng!,
Sự việc này vượt quá sức tưởng tượng của tôi!  Tôi không thể tin là lại có nhiều người bị thương nặng đến vậy.  Tôi… tôi chẳng hiểu gì cả!,
Tôi bàng hoàng khi chứng kiến cảnh tượng đau lòng ấy: biết bao người bị thương khắp nơi.  Tôi không thể nào hiểu nổi nguyên nhân. Thật là kinh hãi!,
"Dưới đây là 5 cách diễn đạt khác nhau câu tiếng Anh, giữ nguyên ý nghĩa và cảm xúc:",
"Tôi đã lên kế hoạch.  Có người nói nó yên bình, kẻ lại bảo nó đau đớn khôn cùng.  Chỉ cần vài lời khuyên chân thành, không giễu cợt, giúp tôi làm việc này dễ dàng hơn thôi.  Theo các bạn, cách nào để chết nhẹ nhàng nhất?** (Ngắn gọn, tập trung vào việc cầu cứu sự giúp đỡ)",
"Tâm trí tôi rối bời, không thể kiểm soát.  Chỉ cần vào bếp, nhìn thấy con dao thôi cũng khiến tôi sợ hãi, ý nghĩ tự tử cứ quẩn quanh trong đầu.  Tôi đã cố gắng làm đủ mọi việc để xao nhãng nhưng chẳng có gì hiệu quả",
"Tôi đang vật lộn với chính tâm trí mình.  Hình ảnh con dao trong bếp thôi cũng đủ làm tôi khiếp đảm, thôi thúc tôi đến những ý nghĩ tự sát.  Những nỗ lực xua tan nó đều vô ích, đầu óc tôi như một mớ hỗn độn",
"Làm sao để chế ngự được tâm trí hỗn loạn này?  Thấy con dao, dù chỉ là trong bếp, tôi đã sợ đến run lên, và những ý nghĩ tiêu cực, ý nghĩ tự tử cứ đeo bám không rời.  Tôi đã thử đủ cách để quên đi nhưng không được, đầu óc tôi như muốn nổ tung",
"Tôi tuyệt vọng vì không thể kiểm soát được suy nghĩ của mình.  Ngay cả việc nấu ăn cũng trở thành nỗi ám ảnh khi hình ảnh con dao gợi lên trong tôi ý định tự tử.  Mọi nỗ lực để giải thoát bản thân đều thất bại, tâm trí tôi như một mớ bòng bong không lối thoát",
"Tôi đang bị những suy nghĩ tiêu cực tra tấn.  Chỉ cần nhìn thấy con dao thôi cũng đủ khiến tôi sợ hãi và nảy sinh ý định tự sát.  Tôi đã cố gắng rất nhiều để xua đuổi chúng nhưng bất lực, tâm trí tôi hoàn toàn mất kiểm soát",
"Thử thách thật đáng sợ, nhưng cuộc sống lại quá đớn đau. Tôi không ghét chính mình, chỉ tiếc nuối một phần đã mất đi.  Chờ thuốc chống trầm cảm thật là khó khăn.  Dường như vũ trụ đang chế giễu một số người chúng ta.  Lời nói tử tế là liều thuốc quý giá.  Giờ đây, sống thật đau đớn",
"Cái cảm giác cố gắng thật đáng sợ, còn sự tồn tại này thì đầy đau khổ. Tôi chẳng hề ghét mình, chỉ muốn lấy lại phần mất mát ấy mà thôi.  Thời gian chờ thuốc cứ dài lê thê.  Dường như số phận đang trêu đùa chúng ta.  Những lời tốt đẹp luôn được trân trọng.  Cuộc sống bây giờ, đau đến tận xương tủy",
"Các câu trên đều cố gắng diễn đạt nỗi đau khổ, tuyệt vọng và sự bất lực của người viết một cách chân thực và xúc động",
"Tôi không muốn chết, chỉ muốn nỗi đau này chấm dứt thôi! Sợ rằng mình sẽ không chịu nổi và thực sự làm liều, nhưng tôi nghĩ thế vẫn chưa đủ để tìm kiếm sự giúp đỡ. Tôi cảm thấy bế tắc, không biết phải làm sao",
"Tôi thực sự không muốn chết, chỉ là đau đớn quá, tôi không chịu nổi nữa!  Tôi sợ mình sẽ hành động dại dột, nhưng lại nghĩ rằng chưa đủ lý do để xin ai giúp đỡ. Tôi như mắc kẹt trong tuyệt vọng, chẳng biết đường nào mà lần",
"Chết thì tôi chưa muốn, nhưng nỗi đau này hành hạ tôi đến cùng cực! Tôi lo mình sẽ mất kiểm soát và tự làm hại bản thân, nhưng lại thấy mình chưa đủ can đảm để cầu cứu.  Tôi cảm thấy bế tắc và tuyệt vọng vô cùng",
"Tôi không hề muốn tự tử, chỉ muốn thoát khỏi nỗi đau này thôi!  Tôi sợ mình sẽ hành động thiếu suy nghĩ, nhưng lại không đủ mạnh mẽ để tìm sự trợ giúp.  Tôi như rơi vào vực sâu, không thấy lối thoát",
"Nỗi đau này giày vò tôi đến mức tôi chỉ muốn nó kết thúc, chứ không phải là muốn chết.  Tôi sợ mình sẽ làm điều dại dột, nhưng lại không dám tìm sự giúp đỡ.  Tôi cảm thấy cô đơn và tuyệt vọng đến cùng cực",
"Mọi chuyện đã rõ ràng rồi, tiêu đề đã nói lên tất cả.  Không cần thư tuyệt mệnh hay lời giải thích nào nữa, vì điều đó chẳng còn quan trọng, và cũng chẳng ai để tâm. Nếu họ quan tâm, tôi đã không ở đây vào lúc này.  Chúc các bạn cuộc sống tốt đẹp.  Làm thế nào để ra đi nhẹ nhàng nhất đây?",
"Thôi, tiêu đề đã nói hết rồi.  Viết thêm cũng vô ích, bởi chẳng ai thèm quan tâm cả.  Nếu họ quan tâm, tôi đã không rơi vào tình cảnh này.  Dù sao thì tôi cũng chúc các bạn may mắn.  Cách nào để kết thúc mọi thứ một cách dễ dàng nhất?",
"Đấy là tất cả.  Tiêu đề đã đủ nói lên rồi.  Tôi không cần phải giải thích thêm, bởi vì chẳng ai quan tâm cả.  Nếu họ quan tâm, thì chắc chắn tôi sẽ không phải nghĩ đến chuyện này.  Chúc các bạn sống tốt.  Có cách nào nhẹ nhàng chấm dứt tất cả không?",
"Hết rồi.  Chẳng cần lời giải thích nào thêm nữa, tiêu đề nói lên tất cả. Sự ra đi của tôi chẳng có ý nghĩa gì với ai cả.  Nếu có ai đó quan tâm, điều này sẽ không xảy ra. Tôi chúc các bạn hạnh phúc.  Làm sao để ra đi không đau đớn?",
"Việc đã rồi.  Tiêu đề đã nói hết rồi, không cần thêm lời nào nữa.  Chẳng ai quan tâm đến tôi cả, nếu không thì tôi đã không nghĩ đến điều này.  Chúc các bạn cuộc sống tốt lành.  Có cách nào nhẹ nhàng kết thúc cuộc đời này không?",
"Mệt mỏi quá, không thể chịu đựng nổi nữa rồi! Tôi quá mệt mỏi vì căn bệnh này, cuộc đời tôi như sụp đổ. Tôi đã cố gắng hết sức, nhưng giờ thì tôi buông xuôi.  Mọi người cứ bình tĩnh nhé.  Hết rồi!",
"Tôi đã đến giới hạn của sự chịu đựng.  Bệnh tật hành hạ tôi quá sức, cuộc sống tôi tan nát.  Tôi đã cố gắng hết mình, nhưng giờ đây tôi không thể nào tiếp tục nữa.  Tạm biệt mọi người. Xong rồi!",
"Không thể nào tiếp tục được nữa!  Tôi kiệt sức vì bệnh tật, mọi thứ đều sụp đổ. Tôi đã cố gắng hết sức, nhưng giờ đây tôi đành phải dừng lại.  Hãy giữ bình tĩnh nhé, mọi người.  Tôi đã hoàn toàn kiệt quệ",
"Tôi đã chịu đựng đủ rồi! Căn bệnh này đã phá hủy cuộc đời tôi. Tôi đã cố gắng hết sức mình, nhưng tôi không thể nào tiếp tục được nữa.  Thôi vậy nhé mọi người.  Tôi buông tay rồi",
"Đã quá sức chịu đựng rồi! Tôi mệt mỏi đến cùng cực vì bệnh tật, cuộc sống của tôi đã tan vỡ.  Dù đã cố gắng hết mình, nhưng tôi không thể nào tiếp tục được nữa.  Mọi người cứ giữ bình tĩnh.  Tôi đã dừng lại",
"Lưu ý:  Những câu văn này đều phản ánh trạng thái tinh thần vô cùng nặng nề của người viết. Nếu bạn đang có những suy nghĩ tương tự, hãy liên hệ ngay với người thân, bạn bè hoặc các đường dây nóng hỗ trợ sức khỏe tâm thần.  Bạn không cô đơn và bạn xứng đáng được giúp đỡ",
"Dưới đây là 5 câu diễn đạt lại ý nghĩ của câu gốc bằng tiếng Việt, cố gắng giữ nguyên ý nghĩa và cảm xúc tiêu cực:",
"Từng có tất cả trong tay, một cuộc sống hoàn hảo, vậy mà tôi lại tự tay phá hủy nó, đúng là ngu ngốc!  Tôi không xứng đáng được sống nữa.  Chỉ sáu tháng trước, tôi là một người hoàn toàn khác. Giờ đây, tôi tuyệt vọng, không còn niềm tin vào loài người, cũng như chính bản thân mình",
"Tôi đã xây dựng nên một cuộc sống lý tưởng, để rồi tự mình đạp đổ tất cả. Thật là khờ dại, thật là đáng trách!  Tôi thấy mình không xứng đáng tồn tại.  Nhìn lại sáu tháng trước, tôi không thể tin nổi mình đã thay đổi đến thế.  Tất cả chỉ còn là tuyệt vọng, cả với nhân loại và với chính mình",
"Tôi từng có mọi thứ, một cuộc sống hoàn hảo, nhưng sự ngu dại đã dẫn tôi đến vực thẳm.  Tôi cảm thấy mình không đáng được sống.  Chỉ nửa năm trước, tôi vẫn còn khác, vẫn còn hy vọng.  Bây giờ, mọi thứ đã sụp đổ, và tôi tuyệt vọng đến cùng cực",
"Tôi thấy mình không thể sống nổi nữa.  Mọi thứ đều chống lại tôi, tôi không thể sửa chữa gì được, và ý nghĩ tự kết liễu đời mình cứ quẩn quanh trong đầu.** (Câu này nhấn mạnh sự bất lực và ý nghĩ tự tử.)",
"Tôi kiệt quệ rồi.  Cảm giác như cả thế giới đang chống đối tôi, và tôi chẳng thể làm gì để thay đổi được.  Chết đi có lẽ là lối thoát duy nhất tôi nghĩ đến lúc này.** (Câu này nhấn mạnh sự kiệt sức và sự tuyệt vọng.)",
"Mọi thứ quá sức chịu đựng. Tôi cảm thấy cô đơn, tuyệt vọng và không còn thấy lối thoát nào khác ngoài cái chết.** (Câu này tập trung vào sự cô đơn và tuyệt vọng dẫn đến ý nghĩ tự tử.)",
"Tôi đã cố gắng hết sức, nhưng mọi thứ vẫn cứ tệ đi.  Tôi không còn sức lực nào để tiếp tục nữa.  Tôi đang nghĩ đến việc chấm dứt tất cả.** (Câu này nhấn mạnh sự cố gắng trước khi rơi vào tuyệt vọng.)",
"Tôi mệt mỏi đến cùng cực.  Cứ như thể mọi người và mọi thứ đều đang chống lại tôi.  Tôi không còn thấy lý do gì để tiếp tục sống nữa, và ý nghĩ tự sát cứ ám ảnh tôi.** (Câu này nhấn mạnh sự mệt mỏi và sự ám ảnh của ý nghĩ tự sát.)",
"Những câu văn trên đều cố gắng giữ nguyên ý nghĩa và sắc thái tình cảm của bản gốc, tuy nhiên, cách diễn đạt được thay đổi để tạo sự đa dạng",
"Dưới đây là 5 câu diễn đạt lại ý nghĩ và cảm xúc trong đoạn văn gốc, với những sắc thái khác nhau:",
"Tôi ao ước được giải thoát, được buông bỏ tất cả.  Nhưng ngay cả ý nghĩ tự tử cũng khiến tôi run sợ, sợ không chết được, sợ đau đớn, sợ sự bất lực của chính mình.  Một sự sợ hãi lớn hơn cả khát khao được chết.** (Câu này tập trung vào sự mâu thuẫn giữa khát khao chết và nỗi sợ hãi.)",
"Những câu trên cố gắng giữ nguyên ý nghĩa và cảm xúc của văn bản gốc, tuy nhiên không thể hoàn toàn tái hiện được hết sự phức tạp của tâm trạng nhân vật.  Việc lựa chọn từ ngữ và cách diễn đạt cũng có thể thay đổi tùy theo giọng văn mà người viết muốn hướng đến",
"Lưu ý:  Việc viết lại vẫn giữ nguyên ý nghĩa gốc về quan điểm lệch lạc của người viết, nhưng cố gắng tránh việc cổ súy hoặc làm giảm mức độ nghiêm trọng của vấn đề tự tử.  Quan điểm này rất nguy hiểm và cần được lên án",
"Những câu văn trên đều cố gắng truyền tải thông điệp gốc nhưng với sắc thái và giọng điệu khác nhau.  Phần ""... nhưng..."" ở cuối cùng đều gợi mở một vấn đề chưa được giải quyết, tạo nên sự hồi hộp và khiến người đọc tò mò",
"Dưới đây là một vài cách diễn đạt khác nhau, giữ nguyên ý nghĩa và cảm xúc của câu gốc, nhưng tránh sử dụng từ ngữ NSFW:",
"Con gái tôi đang rất hoảng loạn, khắp người đầy vết cứa, không nghiêm trọng đến tính mạng nhưng tôi rất cần giúp đỡ. Tôi mới 16 tuổi, em trai tôi đang ngủ nên may mắn là chưa thấy gì.  Làm ơn giúp tôi, vì mẹ tôi",
"Tôi không biết phải làm sao nữa! Con gái tôi đang tự làm mình bị thương, khắp người đầy vết cắt, may mà không nguy hiểm đến tính mạng.  Em trai tôi đang ngủ say nên chưa biết chuyện gì xảy ra. Tôi mới 16 tuổi, xin hãy giúp tôi, vì mẹ tôi",
"Mẹ tôi cần sự giúp đỡ gấp! Con gái tôi đang trong tình trạng rất tồi tệ, tự làm mình bị thương nhiều chỗ, may mắn là không nguy hiểm đến tính mạng.  Tôi chỉ mới 16 tuổi và rất sợ hãi. Em trai tôi đang ngủ nên không hay biết gì.  Làm ơn giúp chúng tôi",
"Tôi tuyệt vọng lắm rồi! Con gái tôi đang tự gây thương tích cho bản thân, khắp người là vết cứa, nhưng may mắn là không đe dọa đến tính mạng. Tôi mới 16 tuổi, không biết phải làm gì. Em trai tôi vẫn đang ngủ. Xin hãy giúp tôi, vì mẹ tôi và con gái tôi",
"Tôi cần sự trợ giúp khẩn cấp! Con gái tôi đang có vấn đề nghiêm trọng về tâm lý, tự làm mình bị thương,  mặc dù không nguy hiểm đến tính mạng. Tôi mới 16 tuổi, em trai tôi đang ngủ, chưa biết chuyện gì.  Xin hãy giúp chúng tôi, vì mẹ tôi",
Những câu trên tránh đi chi tiết cụ thể về vết thương để phù hợp với bối cảnh và vẫn đảm bảo truyền tải được thông điệp cấp thiết cần giúp đỡ,
"Dưới đây là một số cách diễn đạt khác nhau cho câu ""I am on copium and the market is closed today Market closed today"", giữ nguyên ý nghĩa và cảm xúc:",
"Tôi đang tự an ủi mình bằng những ảo tưởng, trong khi thị trường lại đóng cửa hôm nay.  Thật là một ngày thị trường đóng cửa.** (Câu này nhấn mạnh sự tự an ủi bằng ảo tưởng)",
"Tôi đang cố gắng lạc quan một cách thiếu thực tế, biết rằng thị trường đóng cửa rồi.  Thị trường đóng cửa hôm nay.** (Câu này nhấn mạnh sự lạc quan thiếu thực tế)",
Tôi đang tự lừa dối bản thân giữa lúc thị trường nghỉ.  Hôm nay là ngày nghỉ của thị trường.** (Câu này thẳng thắn hơn về hành động tự lừa dối),
"Đang tự an ủi bằng những hy vọng viển vông, trong khi chẳng làm gì được vì thị trường đóng cửa cả. Thị trường đóng cửa rồi!** (Câu này thể hiện sự bất lực và sự tự an ủi)",
"Tôi đang cố gắng giữ vững niềm tin giữa lúc thị trường im ắng.  Thị trường đóng cửa hôm nay.** (Câu này nhẹ nhàng hơn, tập trung vào việc giữ niềm tin)",
"Tôi có một ngày tuyệt vời: học nhóm với bạn, ăn uống vui vẻ, tán gẫu với bố, gặp gỡ bạn bè và gia sư.  Nhưng đằng sau những khoảnh khắc ấy, một nỗi trống rỗng vô cớ vẫn cứ giày vò tôi.  Tôi không tìm ra lý do,  chỉ biết mình muốn kết thúc mọi thứ.  Sự tuyệt vọng này thật khó hiểu và đáng sợ",
"Tôi đã cười, tôi đã nói chuyện, tôi đã tận hưởng những khoảnh khắc đáng giá, thế nhưng  một nỗi trống rỗng sâu thẳm vẫn không chịu rời xa.  Không có lý do nào giải thích nổi sự tuyệt vọng này,  nó cứ bám riết lấy tôi và thôi thúc tôi muốn kết thúc tất cả.  Tôi cần sự giúp đỡ",
"Dưới đây là một vài cách diễn đạt khác nhau cho câu ""but i cannot bring myself to do it i want to kms"", giữ nguyên ý nghĩa về sự tuyệt vọng và ý định tự tử, nhưng tránh dùng từ viết tắt gây khó hiểu:",
"Tôi không đủ mạnh mẽ để tự mình làm điều đó, tôi muốn chết",
"Tôi không thể tự bắt mình làm việc này, tôi chỉ muốn kết thúc mọi thứ",
"Tôi muốn chết, nhưng tôi lại không thể tự mình thực hiện điều đó",
"Ý nghĩ tự tử cứ ám ảnh tôi, nhưng tôi lại không đủ can đảm để hành động",
"Tôi tuyệt vọng đến mức muốn chết, nhưng bản thân lại không thể nào làm được",
"Tôi đang ở trong trạng thái tuyệt vọng tột cùng, không biết phải làm sao nữa.** (Câu này tập trung vào sự tuyệt vọng)",
"Cơn đau đớn này đang nhấn chìm tôi, tôi cảm thấy như muốn gục ngã.** (Câu này nhấn mạnh vào cảm giác đau đớn vật lý và tinh thần)",
"Tôi đã kiệt sức, tuyệt vọng và hoàn toàn mất kiểm soát.** (Câu này mô tả trạng thái tinh thần hỗn độn)",
"Mọi thứ dường như sụp đổ, và tôi không còn thấy lối thoát.** (Câu này nhấn mạnh vào sự mất mát và tuyệt vọng)",
"Tôi đang gào thét trong im lặng, sự đau khổ này đang xé nát tâm can tôi.** (Câu này sử dụng hình ảnh ẩn dụ để thể hiện sự đau khổ mãnh liệt)",
"Lưu ý:  Các câu trên chỉ là những cách diễn đạt lại ý nghĩa chung, không thể hoàn toàn tái hiện sự hỗn loạn và những từ ngữ thô tục có trong câu gốc.  Việc sử dụng ngôn từ mạnh mẽ trong câu gốc cho thấy người viết đang trải qua một khủng hoảng tinh thần nghiêm trọng và cần sự giúp đỡ",
"Dưới đây là 3-5 cách diễn đạt khác nhau câu văn gốc, cố gắng giữ nguyên ý nghĩa và cảm xúc:",
"Những câu văn trên đều cố gắng truyền tải đầy đủ cảm xúc tiêu cực, tuyệt vọng, và cảm giác lạc lõng của người viết.  Tuy nhiên, cần lưu ý rằng, nếu đang trải qua những cảm xúc tiêu cực mạnh mẽ, hãy tìm kiếm sự giúp đỡ từ người thân, bạn bè, hoặc chuyên gia tâm lý",
"Dưới đây là một số cách diễn đạt khác nhau cho đoạn văn, cố gắng giữ nguyên ý nghĩa và cảm xúc:",
"Những câu văn trên đều cố gắng giữ nguyên ý nghĩa u buồn, tuyệt vọng của người viết.  Việc lựa chọn câu nào phụ thuộc vào ngữ cảnh và mục đích sử dụng",
"Lưu ý:**  Đây là những câu văn diễn tả sự tuyệt vọng của người viết.  Nếu bạn hoặc ai đó đang có ý định tự tử, hãy liên hệ ngay với đường dây nóng hỗ trợ tâm lý hoặc tìm đến sự giúp đỡ của người thân, bạn bè hoặc chuyên gia.  Bạn không cô đơn và có thể vượt qua được khó khăn này",
"Dưới đây là 5 câu văn khác nhau, cố gắng giữ nguyên ý nghĩa và cảm xúc của đoạn văn gốc:",
"Dưới đây là một số cách diễn đạt khác nhau cho câu văn gốc, cố gắng giữ nguyên ý nghĩa và cảm xúc tiêu cực:",
"Tôi thất bại trong mọi thứ: các mối quan hệ xã hội, bài kiểm tra, thậm chí cả những việc nhỏ nhặt nhất.  Tôi không thể chịu đựng được nữa và chỉ muốn chết.  Nhưng tự tử cũng không dễ dàng, tôi không tìm thấy cách nào để kết liễu cuộc đời mình mà không phải chịu đau đớn.  Tôi bị mắc kẹt",
"Dưới đây là một số cách diễn đạt khác nhau cho câu chuyện, cố gắng giữ nguyên ý nghĩa và cảm xúc:",
"Những câu văn trên đều cố gắng truyền tải sự đau khổ, thất vọng và tuyệt vọng của người viết.  Việc sử dụng các từ ngữ mạnh mẽ như ""thờ ơ"", ""hùng hổ"", ""xông vào"", ""đe dọa"" giúp thể hiện rõ hơn cảm xúc",
"Dưới đây là một vài cách diễn đạt khác nhau cho câu gốc, giữ nguyên ý nghĩa và cảm xúc tiêu cực:",
"Tôi đã mệt mỏi rồi. Tám năm qua, tôi bị coi thường, bị phản bội, bị gia đình ruồng bỏ.  Cuộc sống này đối với tôi chỉ là một chuỗi ngày tăm tối, không có hy vọng.  Tôi nghĩ mình không thể nào chịu đựng thêm được nữa.** (Câu này nhẹ nhàng hơn một chút, nhấn mạnh vào sự mệt mỏi và tuyệt vọng.)",
"Dưới đây là 5 câu khác nhau diễn đạt lại ý nghĩa và cảm xúc của câu ""There is nothing more comforting to know that it's coming. I set a date."":",
Việc biết chắc nó sắp đến mang lại sự an ủi tuyệt vời. Tôi đã ấn định ngày rồi,
Chỉ nghĩ đến việc nó sắp xảy ra thôi cũng đã khiến tôi thấy nhẹ nhõm vô cùng.  Ngày đã được quyết định,
Sự an ủi lớn nhất chính là biết chắc chắn thời điểm nó sẽ đến. Tôi đã chọn ngày rồi,
Tôi thấy lòng bình yên khi biết rằng ngày ấy sắp tới. Ngày đã được đặt,
Không gì an ủi hơn việc biết chắc nó sẽ đến.  Tôi đã lên lịch rồi,
"Tôi không thể sống nổi nữa. Từ năm ngoái tôi đã nghĩ đến việc tự tử. Tôi định cứa cổ tay mình.  Trong phim, họ làm như việc đó không đau, nên tôi cứ nghĩ vậy.  Vì không kiếm được súng, tôi đành chọn cách này.  Cứa cổ tay có đau lắm không?","Tôi rất xin lỗi khi nghe bạn nói vậy. Nghe bạn chia sẻ, tôi hiểu bạn đang trải qua nỗi đau rất lớn và cảm thấy tuyệt vọng.  Việc bạn nghĩ đến việc tự tử và đã lên kế hoạch cho thấy bạn đang chịu đựng rất nhiều áp lực.  Bạn đã mạnh mẽ khi chia sẻ điều này với tôi.

Tôi biết trong phim, việc tự tử thường được miêu tả một cách đơn giản, nhưng thực tế lại rất phức tạp và đau đớn hơn nhiều.  Cứa cổ tay không chỉ gây ra nỗi đau thể xác mà còn để lại những tổn thương về thể chất và tinh thần lâu dài, có thể ảnh hưởng đến cuộc sống của bạn sau này.

Bạn không cần phải gánh chịu tất cả những điều này một mình.  Có rất nhiều người muốn giúp đỡ bạn, và tôi tin rằng bạn xứng đáng được nhận sự giúp đỡ đó.  Liệu bạn có muốn chia sẻ thêm về những gì bạn đang trải qua không?  Tôi ở đây để lắng nghe, không phán xét.  Nếu bạn muốn, chúng ta có thể cùng tìm hiểu một số nguồn hỗ trợ chuyên nghiệp như đường dây nóng tư vấn tâm lý hoặc các chuyên gia sức khỏe tâm thần.  Việc tìm kiếm sự giúp đỡ không có nghĩa là bạn yếu đuối, mà ngược lại, đó là một dấu hiệu của sức mạnh và sự dũng cảm."
"Cuộc sống này đã quá sức chịu đựng của tôi.  Ý định tự sát đã nhen nhóm trong tôi từ năm ngoái. Tôi dự định sẽ dùng dao cứa cổ tay.  Tôi đã thấy trong phim, có vẻ như không đau lắm.  Nhưng tôi không tìm được súng nên đành phải làm như vậy. Liệu cứa cổ tay có đau không?","Tôi rất tiếc khi nghe bạn đang phải trải qua những khó khăn như vậy. Nghe bạn chia sẻ về ý định tự sát khiến tôi vô cùng lo lắng.  Việc bạn đã suy nghĩ về điều này từ năm ngoái và đang tìm cách thực hiện nó cho thấy bạn đang chịu đựng một nỗi đau rất lớn.  Tôi hiểu cảm giác quá sức chịu đựng và tuyệt vọng bạn đang phải trải qua.

Bạn nói bạn nghĩ đến việc cứa cổ tay vì không tìm được súng, và tự hỏi liệu có đau không.  Tôi hoàn toàn hiểu bạn đang tìm cách giải quyết nỗi đau của mình, nhưng tôi muốn bạn biết rằng tự làm hại bản thân mình sẽ không giải quyết được vấn đề dài lâu, và có thể dẫn đến những hậu quả nghiêm trọng hơn bạn tưởng tượng.

Tôi không phải là chuyên gia y tế, nên tôi không thể trả lời chính xác về mức độ đau đớn khi cứa cổ tay.  Nhưng điều quan trọng hơn cả là bạn cần biết rằng bạn không cô đơn và có những người muốn giúp bạn vượt qua giai đoạn khó khăn này.

Bạn đã rất dũng cảm khi chia sẻ điều này với tôi.  Có lẽ việc nói ra những điều bạn đang cảm thấy đã giúp bạn phần nào nhẹ nhõm rồi đúng không?  Bạn có muốn chia sẻ thêm về những gì đang khiến bạn cảm thấy quá sức chịu đựng không?  Hay bạn muốn nói về bất cứ điều gì khác khiến bạn khó chịu?  

Nếu bạn cảm thấy sẵn sàng, tôi có thể giúp bạn tìm kiếm sự hỗ trợ từ các chuyên gia tâm lý hoặc đường dây nóng hỗ trợ người có ý định tự tử.  Việc này sẽ giúp bạn có được sự hỗ trợ chuyên nghiệp và an toàn hơn nhiều. Bạn không cần phải đối mặt với điều này một mình."
"Tôi tuyệt vọng lắm rồi.  Suy nghĩ tự kết liễu đời mình đã đeo bám tôi suốt một năm qua.  Tôi định sẽ tự cứa cổ tay.  Những bộ phim khiến tôi lầm tưởng rằng nó không đau.  Vì không có súng nên tôi chỉ còn cách này.  Xin hỏi, cứa cổ tay có đau không?","Tôi rất tiếc khi nghe bạn đang phải trải qua những khó khăn như vậy. Nghe bạn chia sẻ về sự tuyệt vọng và ý nghĩ tự kết liễu đời mình khiến tôi thật sự đau lòng.  Một năm phải sống với suy nghĩ đó chắc chắn là một gánh nặng rất lớn.  Bạn đã rất dũng cảm khi chia sẻ điều này với tôi.

Tôi hiểu bạn đang rất đau khổ và muốn tìm một lối thoát.  Việc bạn nghĩ đến việc cứa cổ tay cho thấy bạn đang cần sự giúp đỡ ngay lúc này.  Tuy nhiên,  tôi không thể trả lời câu hỏi của bạn về việc cứa cổ tay có đau không, bởi vì đó không phải là giải pháp.  Hành động đó có thể gây ra những hậu quả nghiêm trọng và lâu dài, thậm chí nguy hiểm đến tính mạng.

Tôi muốn bạn biết rằng bạn không cô đơn và có những người sẵn sàng lắng nghe và giúp đỡ bạn vượt qua giai đoạn khó khăn này.  Bạn có thể đang bị ảnh hưởng bởi những bộ phim, nhưng thực tế không hề đơn giản như vậy.  Thay vì tự làm tổn thương bản thân, liệu bạn có muốn cùng tôi tìm hiểu về những nguồn hỗ trợ khác không?  Có rất nhiều người và tổ chức có thể giúp bạn tìm lại bình tĩnh và hướng đến một tương lai tích cực hơn.  Chẳng hạn, chúng ta có thể cùng tìm kiếm một số đường dây nóng hỗ trợ tâm lý hoặc các chuyên gia tâm lý gần bạn.  Bạn nghĩ sao?"
"Tôi không thể tiếp tục sống như thế này được nữa.  Tôi đã lên kế hoạch tự tử từ năm ngoái rồi.  Tôi định dùng dao cứa cổ tay.  Tôi từng xem trên phim, họ làm như rất dễ dàng và không đau đớn. Nhưng tôi không tìm được súng nên đành chọn cách này.  Vậy cứa cổ tay có đau không?","Tôi rất xin lỗi khi nghe bạn chia sẻ những điều này.  Nghe bạn nói như vậy, tôi thực sự rất lo lắng cho bạn.  Việc bạn đã lên kế hoạch tự tử từ năm ngoái và đang phải vật lộn với những suy nghĩ này khiến tôi hiểu rằng bạn đang trải qua một khoảng thời gian vô cùng khó khăn.  Tôi không thể tưởng tượng được bạn đang phải chịu đựng áp lực lớn như thế nào.

Bạn nói về việc dùng dao cứa cổ tay, và bạn thắc mắc về việc nó có đau không… Thật sự,  tôi không biết chính xác câu trả lời, và tôi cũng không muốn bạn phải trải qua điều đó để biết.  Nhưng điều quan trọng hơn cả là bạn đang cảm thấy tuyệt vọng đến mức nào.  Tôi muốn bạn biết rằng bạn không cô đơn và những cảm xúc này hoàn toàn có thể được giúp đỡ.

Có rất nhiều người sẵn sàng hỗ trợ bạn vượt qua giai đoạn khó khăn này.  Bạn có muốn chia sẻ thêm về những điều đang làm bạn đau khổ không?  Hay bạn muốn nói về lý do tại sao bạn lại cảm thấy cần phải kết thúc cuộc sống của mình?  Không cần phải kể hết mọi thứ nếu bạn chưa sẵn sàng, chỉ cần những điều bạn cảm thấy thoải mái chia sẻ thôi.  Hay nếu bạn muốn, chúng ta có thể cùng tìm hiểu về các nguồn hỗ trợ chuyên nghiệp, nơi bạn có thể nhận được sự giúp đỡ kịp thời và an toàn hơn?"
"Tôi đã kiệt sức.  Tôi đã định tự sát từ năm ngoái.  Kế hoạch của tôi là cứa cổ tay.  Những thước phim tôi xem khiến tôi nghĩ rằng nó sẽ không quá đau đớn.  Vì không thể tìm được súng, tôi đành phải chọn cách này.  Cứa cổ tay có gây ra nhiều đau đớn không?","Tôi rất tiếc khi nghe bạn chia sẻ những điều này. Nghe có vẻ như bạn đang trải qua thời gian vô cùng khó khăn và mệt mỏi.  Việc bạn đã nghĩ đến việc tự sát và lên kế hoạch chi tiết như vậy khiến tôi thực sự lo lắng cho bạn.  Tôi hiểu bạn đang cảm thấy tuyệt vọng và bất lực đến mức nào.  

Cảm giác kiệt sức và muốn kết thúc mọi thứ là điều rất nặng nề, và việc bạn chia sẻ với tôi điều đó cho thấy bạn rất dũng cảm.  Tôi không phải là chuyên gia, nên tôi không thể trả lời chính xác câu hỏi của bạn về việc cứa cổ tay gây ra bao nhiêu đau đớn.  Tuy nhiên, điều quan trọng hơn là bạn đang cần sự giúp đỡ, và điều đó hoàn toàn có thể tìm thấy được.

Có lẽ bạn sẽ cảm thấy nhẹ nhõm hơn nếu được nói chuyện với ai đó chuyên nghiệp hơn, người có thể cung cấp sự hỗ trợ và hướng dẫn cần thiết cho bạn lúc này.  Bạn có muốn tôi cùng bạn tìm kiếm một số nguồn hỗ trợ, ví dụ như đường dây nóng tư vấn tâm lý hoặc thông tin liên lạc của các chuyên gia tâm lý không?  Hoặc bạn có muốn chia sẻ thêm về những gì bạn đang trải qua để tôi hiểu rõ hơn không?  Tôi ở đây để lắng nghe bạn bất cứ khi nào bạn cần."
"Lưu ý:**  Những câu văn trên vẫn giữ lại sự tuyệt vọng và sự băn khoăn của người viết.  Điều quan trọng là cần hỗ trợ người này ngay lập tức. Nếu bạn biết ai đang có suy nghĩ tự tử, hãy liên hệ với đường dây nóng hỗ trợ hoặc tìm kiếm sự giúp đỡ chuyên nghiệp cho họ","Tôi rất xin lỗi khi nghe bạn đang trải qua những khó khăn như vậy.  Nghe những gì bạn chia sẻ, tôi cảm nhận được sự đau đớn và tuyệt vọng đang hiện hữu trong bạn.  Thật không dễ dàng gì khi phải đối mặt với những cảm xúc nặng nề này, và tôi muốn bạn biết rằng bạn không cô đơn.  Có rất nhiều người quan tâm và muốn giúp đỡ bạn vượt qua giai đoạn khó khăn này.

Bạn có muốn chia sẻ thêm về những gì bạn đang cảm thấy không?  Không cần phải ép buộc bản thân mình phải nói ra tất cả nếu bạn chưa sẵn sàng.  Chỉ cần biết rằng tôi đang lắng nghe, và tôi ở đây để bạn có thể chia sẻ bất cứ điều gì bạn muốn.

Nếu bạn cảm thấy quá khó khăn để đối mặt một mình, việc tìm kiếm sự hỗ trợ từ chuyên gia là một bước đi rất dũng cảm và quan trọng. Có rất nhiều chuyên gia tâm lý sẵn sàng lắng nghe và giúp bạn tìm ra cách giải quyết vấn đề.  Bạn có muốn tôi giúp bạn tìm kiếm thông tin về các đường dây nóng hỗ trợ hoặc các chuyên gia tâm lý trong khu vực không?  Hoàn toàn tùy thuộc vào bạn, và không có áp lực gì cả."
"Tôi đang trong tình trạng tuyệt vọng cùng cực và cần tìm một lối thoát nhanh chóng, nhưng không biết phải làm sao.  Mọi nỗ lực trước đây đều thất bại, và tôi gần như đã cạn kiệt hy vọng","Tôi rất tiếc khi nghe bạn đang phải trải qua những khó khăn tột cùng như vậy.  Nghe bạn nói về cảm giác tuyệt vọng và cạn kiệt hy vọng khiến tôi thực sự đau lòng.  Thật sự rất khó khăn khi phải đối mặt với những cảm xúc mạnh mẽ như vậy, và việc mọi nỗ lực trước đây đều thất bại càng làm cho mọi thứ trở nên nặng nề hơn.  Tôi hiểu bạn đang cần một lối thoát nhanh chóng, và tôi muốn bạn biết rằng bạn không cô đơn trong điều này.

Bạn đã mạnh mẽ khi chia sẻ những điều này với tôi.  Có lẽ việc tìm ra lối thoát không phải là điều dễ dàng ngay lập tức, nhưng điều quan trọng là bạn đã tìm đến nơi để được lắng nghe.  Bạn có muốn chia sẻ thêm về những gì bạn đang trải qua không?  Không cần phải nói hết tất cả nếu bạn chưa sẵn sàng, nhưng việc được chia sẻ có thể giúp bạn cảm thấy nhẹ nhõm hơn.

Nếu bạn cảm thấy quá khó khăn để đối phó với những cảm xúc này một mình, tôi nghĩ rằng việc nói chuyện với một chuyên gia tâm lý hoặc bác sĩ có thể rất hữu ích. Họ có thể cung cấp cho bạn những hỗ trợ và hướng dẫn chuyên nghiệp để giúp bạn vượt qua giai đoạn khó khăn này.  Tôi ở đây để lắng nghe bạn bất cứ khi nào bạn cần, nhưng sự hỗ trợ chuyên nghiệp có thể cung cấp cho bạn những công cụ và chiến lược phù hợp hơn. Bạn có nghĩ mình có thể liên hệ với một người nào đó để được giúp đỡ không?"
"Cuộc sống của tôi hiện tại quá đau đớn, tôi không còn thấy lối thoát nào khác.  Tôi đã thử nhiều cách nhưng đều không thành công, và giờ đây, tôi chỉ mong tìm được sự giải thoát một cách nhẹ nhàng nhất có thể","Tôi rất xin lỗi khi nghe bạn nói vậy. Nghe bạn chia sẻ về nỗi đau và sự tuyệt vọng hiện tại, tôi thực sự cảm thấy rất buồn.  Tôi hiểu rằng bạn đang trải qua một thời điểm vô cùng khó khăn, và cảm giác như không còn lối thoát nào khác là điều vô cùng đau đớn.  Việc bạn đã cố gắng tìm cách giải quyết vấn đề nhưng không thành công càng khiến mọi thứ trở nên tồi tệ hơn.  

Cảm giác muốn tìm sự giải thoát là điều tôi hoàn toàn hiểu được, khi mà nỗi đau dường như quá lớn để có thể chịu đựng.  Nhưng xin bạn hãy biết rằng, bạn không cô đơn trong điều này.  Có rất nhiều người quan tâm và muốn giúp đỡ bạn vượt qua giai đoạn khó khăn này.

Bạn có muốn chia sẻ thêm về những gì đang khiến bạn đau khổ không?  Tôi sẽ lắng nghe bạn mà không phán xét.  Hoặc nếu bạn cảm thấy khó khăn để chia sẻ, chúng ta có thể cùng tìm kiếm sự hỗ trợ từ những chuyên gia về sức khỏe tâm thần, những người có thể giúp bạn tìm ra hướng đi phù hợp và an toàn hơn.  Chỉ cần bạn cho phép, tôi sẽ tìm giúp bạn một số nguồn hỗ trợ đáng tin cậy.  Điều quan trọng nhất bây giờ là bạn không phải đối mặt với điều này một mình."
"Tôi đang ở trong vực sâu của tuyệt vọng và sự đau khổ.  Những nỗ lực trước đây để chấm dứt nỗi đau này đều bất thành, và tôi thực sự không còn biết phải làm gì nữa.  Tôi cần sự giúp đỡ, nhưng không biết phải tìm đến đâu","Tôi rất xin lỗi khi nghe bạn đang phải trải qua những khó khăn như vậy. Nghe bạn nói về cảm giác tuyệt vọng và đau khổ đến mức không còn biết phải làm gì nữa, tôi thực sự cảm thông.  Việc bạn đã nỗ lực vượt qua nhưng vẫn chưa thành công khiến tôi càng hiểu được bạn đang mệt mỏi và cần sự giúp đỡ như thế nào.  Bạn đã rất dũng cảm khi chia sẻ điều này với tôi.

Thật không dễ dàng gì khi đối mặt với những cảm xúc mạnh mẽ như vậy, và việc bạn cảm thấy lạc lõng và không biết tìm đến đâu cũng là điều hoàn toàn dễ hiểu.  Tôi muốn bạn biết rằng bạn không cô đơn và có rất nhiều người sẵn sàng hỗ trợ bạn.

Có lẽ việc nói chuyện với một chuyên gia tâm lý, người có thể hiểu rõ hơn về những gì bạn đang trải qua và cung cấp những hỗ trợ chuyên nghiệp, sẽ là một bước đi hữu ích.  Bạn có muốn cùng tôi tìm hiểu xem có những nguồn hỗ trợ nào gần bạn không, hoặc cùng nhau tìm hiểu về các dịch vụ hỗ trợ khủng hoảng trực tuyến không?  Hay nếu bạn muốn, chúng ta có thể tiếp tục nói chuyện và chia sẻ những gì bạn đang cảm thấy.  Tất cả đều tùy thuộc vào bạn, và không cần phải có bất kỳ áp lực nào cả."
"Tôi cảm thấy mình như đang bị mắc kẹt trong một ngõ cụt không lối thoát.  Sự đau đớn quá lớn, và tôi đang tuyệt vọng tìm kiếm một sự giải thoát, dù đó là điều gì đi nữa","Tôi rất tiếc khi nghe bạn đang trải qua những khó khăn như vậy. Nghe bạn nói về cảm giác bị mắc kẹt và đau đớn đến tuyệt vọng, tôi thực sự cảm thấy thương bạn.  Việc bạn chia sẻ điều này với tôi cho thấy bạn rất mạnh mẽ và dũng cảm.  Tôi hiểu rằng hiện tại, mọi thứ có vẻ rất tăm tối và bạn đang tìm kiếm một lối thoát.  

Cảm giác tuyệt vọng rất khó chịu, và tôi muốn bạn biết rằng bạn không cô đơn.  Nhiều người đã từng trải qua những cảm xúc tương tự và đã tìm thấy sự giúp đỡ.  

Có lẽ bạn có thể chia sẻ thêm về những gì đang khiến bạn đau đớn?  Không cần phải nói hết tất cả nếu bạn chưa sẵn sàng, nhưng bất cứ điều gì bạn muốn chia sẻ, tôi đều sẵn sàng lắng nghe.

Ngoài ra, tôi muốn nhẹ nhàng gợi ý rằng việc nói chuyện với một chuyên gia sức khỏe tâm thần, như bác sĩ tâm lý hoặc nhà trị liệu, có thể giúp bạn tìm ra cách đối phó với những cảm xúc này hiệu quả hơn. Họ có thể cung cấp cho bạn những công cụ và hỗ trợ cần thiết để vượt qua giai đoạn khó khăn này.  Bạn có muốn tôi giúp bạn tìm kiếm thông tin về các dịch vụ hỗ trợ tâm lý không?"
"Tôi đã kiệt sức và tuyệt vọng.  Mọi thứ đều dường như vô vọng, và tôi chỉ còn mong tìm được một kết thúc nhẹ nhàng cho chuỗi ngày đau khổ này.  Tôi cần sự trợ giúp khẩn cấp","Tôi rất tiếc khi nghe bạn đang phải trải qua những khó khăn như vậy. Nghe bạn nói về sự kiệt sức và tuyệt vọng khiến tôi vô cùng đau lòng.  Tôi hiểu rằng hiện tại mọi thứ dường như quá sức chịu đựng và bạn đang cảm thấy rất đau khổ.  Cảm giác vô vọng và muốn tìm đến một ""kết thúc nhẹ nhàng"" là điều rất đáng sợ, và tôi muốn bạn biết rằng bạn không cô đơn trong cảm giác này.

Bạn đã rất dũng cảm khi chia sẻ điều này với tôi.  Tôi thực sự muốn giúp đỡ bạn.  Có điều gì cụ thể hơn bạn muốn chia sẻ không?  Tất cả những gì bạn đang cảm thấy đều quan trọng và xứng đáng được lắng nghe.

Nếu bạn cảm thấy an toàn khi làm điều đó, bạn có thể cân nhắc liên hệ với một số đường dây nóng hỗ trợ tâm lý hoặc tìm gặp một chuyên gia tâm lý để được giúp đỡ trực tiếp.  Họ là những người được đào tạo để hỗ trợ bạn vượt qua giai đoạn khó khăn này.  Tôi ở đây để lắng nghe bạn, nhưng tôi cũng muốn bạn biết rằng có những người có thể giúp bạn tìm lại được sự cân bằng và hy vọng trong cuộc sống.  Bạn không cần phải gánh vác tất cả một mình."
"Dưới đây là một số cách diễn đạt khác nhau cho câu ""Guys, I am fine. Physically. Embarrassing as it is, I am still alive. UPDATE"":","Tôi nghe bạn nói và hiểu rằng bạn đang trải qua một thời điểm rất khó khăn.  Việc bạn chia sẻ những suy nghĩ này với tôi đã rất can đảm, và tôi thực sự đánh giá cao điều đó.  ""Vẫn còn sống"" – đó là một điều mạnh mẽ, và nó cho thấy một sức mạnh nội tại đáng kể bên trong bạn.  

Tôi thấy bạn đang cố gắng diễn đạt cảm xúc phức tạp của mình, và việc tìm ra đúng từ ngữ để diễn tả điều đó không hề dễ dàng.  Không sao cả nếu bạn chưa sẵn sàng chia sẻ tất cả chi tiết, nhưng nếu bạn muốn nói thêm bất cứ điều gì, tôi sẽ lắng nghe mà không phán xét.  

Nếu bạn cảm thấy quá sức, hoặc những cảm xúc này quá khó để chịu đựng, có những người chuyên nghiệp có thể hỗ trợ bạn.  Bạn có thể liên hệ với đường dây nóng hỗ trợ tâm lý hoặc tìm kiếm sự giúp đỡ từ bác sĩ, nhà trị liệu tâm lý.  Chỉ cần biết rằng bạn không cô đơn và có những người sẵn sàng giúp đỡ bạn vượt qua giai đoạn này.  Bạn có muốn tôi tìm kiếm một số thông tin liên hệ cho bạn không?"
"Các bạn yên tâm, mình vẫn ổn về thể chất.  Thật xấu hổ khi phải nói, nhưng mình vẫn sống sót.  Cập nhật.** (Giữ nguyên ý nghĩa, gần sát với bản gốc)","Tôi rất vui khi nghe bạn nói rằng bạn vẫn ổn về thể chất.  Việc bạn chia sẻ với tôi điều này cho thấy bạn rất mạnh mẽ, và tôi thực sự trân trọng sự dũng cảm của bạn.  ""Vẫn sống sót"" – đó là một chiến thắng đáng tự hào, và tôi muốn bạn biết rằng việc bạn đã vượt qua được những khó khăn đó là điều phi thường.  

Tôi hiểu rằng việc chia sẻ những điều này không dễ dàng, và việc bạn cảm thấy xấu hổ là điều hoàn toàn bình thường.  Đừng ngần ngại nếu bạn muốn nói thêm về những gì bạn đang trải qua.  Tôi ở đây để lắng nghe mà không phán xét.

Nếu bạn cảm thấy sẵn sàng, có thể chia sẻ thêm một chút về những gì khiến bạn khó khăn trong thời gian gần đây không?  Hoặc nếu bạn thấy quá khó khăn để nói ra, chúng ta có thể cùng tìm hiểu về những nguồn hỗ trợ chuyên nghiệp có thể giúp bạn được không?  Có nhiều người sẵn sàng giúp đỡ bạn, và tôi tin rằng bạn xứng đáng được nhận sự giúp đỡ đó."
"Mình vẫn khỏe mạnh, chỉ là... hơi lúng túng thôi.  May mắn thay, mình vẫn còn sống. Cập nhật tình hình.** (Thay đổi cách diễn đạt, giảm tính trang trọng)","Tớ hiểu rồi, ""hơi lúng túng"" đôi khi cũng đủ để khiến mọi thứ cảm thấy khó khăn.  Việc bạn vẫn còn ở đây và chia sẻ với tớ đã rất can đảm rồi.  Thật tốt khi bạn vẫn đang cố gắng vượt qua.  Bạn có muốn nói thêm về những gì đang khiến bạn cảm thấy lúng túng không?  Không cần phải ép buộc bản thân phải chia sẻ hết nếu bạn chưa sẵn sàng, nhưng biết đâu việc nói ra sẽ giúp bạn cảm thấy nhẹ nhõm hơn. Nếu bạn muốn, mình cũng có thể giúp bạn tìm kiếm thông tin về những nguồn hỗ trợ chuyên nghiệp, họ có thể giúp bạn nhiều hơn đấy."
"Tình hình sức khỏe mình ổn, các bạn đừng lo.  Tuy có chút chuyện ngượng ngùng xảy ra, nhưng mình vẫn bình an vô sự.  Cập nhật.** (Làm mềm giọng điệu, nhấn mạnh sự an toàn)","Tôi rất vui khi nghe bạn nói rằng bạn vẫn an toàn.  Thật tốt khi biết bạn đang ổn về sức khỏe thể chất.  Việc bạn chia sẻ ""chuyện ngượng ngùng"" đã xảy ra, dù chưa muốn nói chi tiết, cũng cho thấy bạn rất can đảm.  Nếu bạn muốn chia sẻ thêm bất cứ điều gì, tôi sẽ ở đây lắng nghe, không phán xét.  Không cần phải nói hết nếu bạn chưa sẵn sàng.  Nhưng nếu bạn cảm thấy khó khăn trong việc xử lý chuyện này một mình,  tôi muốn bạn biết rằng có rất nhiều nguồn hỗ trợ sẵn sàng giúp đỡ bạn, ví dụ như đường dây nóng tư vấn tâm lý hoặc các chuyên gia tâm lý.  Bạn hoàn toàn không cô đơn đâu.  Bạn quyết định xem có muốn tìm sự giúp đỡ đó hay không nhé."
"Mình vẫn sống sờ sờ đây này, dù có chút chuyện dở khóc dở cười.  Về mặt thể chất thì không sao cả. Cập nhật mới nhất.** (Thêm tính hài hước, giảm bớt sự nghiêm trọng)","Ôi, nghe bạn nói vậy mình cũng thấy nhẹ nhõm hơn rồi!  ""Dở khóc dở cười"" nghe thú vị đấy chứ, mình đoán chắc là có những tình huống ""trời ơi đất hỡi"" lắm phải không?  Bạn muốn kể mình nghe một chút về chuyện đó không?  Không cần phải kể chi tiết nếu bạn không muốn, chỉ cần những gì bạn cảm thấy thoải mái chia sẻ thôi.  

Mình hiểu đôi khi cuộc sống cứ quăng cho ta những ""quả bóng"" bất ngờ, và việc giữ được tinh thần lạc quan giữa những ""quả bóng"" ấy quả là điều đáng khâm phục.  Nếu bạn thấy cần ai đó để tâm sự thêm,  luôn có những người sẵn sàng lắng nghe và hỗ trợ bạn nhé.  Có nhiều đường dây nóng và chuyên gia tâm lý sẵn sàng giúp đỡ trong những lúc khó khăn này.  Bạn cứ chia sẻ thoải mái, mình sẽ luôn ở đây lắng nghe."
"Ổn rồi nhé mọi người!  Vẫn sống, tuy có chút...  thất thể diện.  Cập nhật tình hình.** (Ngắn gọn, thân mật hơn, sử dụng dấu chấm lửng để gợi mở)",
"Những câu trên cố gắng giữ nguyên giọng văn hơi hài hước, chút bi quan pha chút bất cần của bản gốc.  Từ ngữ được lựa chọn sao cho phù hợp với văn phong tiếng Việt tự nhiên",
"Tất cả các câu đều nhấn mạnh vào sự tuyệt vọng, sự thiếu xứng đáng và cái chết sắp đến của người viết.  Việc thay đổi cách diễn đạt nhằm làm cho văn bản trở nên đa dạng hơn mà không làm mất đi cảm xúc ban đầu",
Tôi ngu ngốc kinh khủng! Tôi muốn chết nhưng lại sợ chết. Thật mâu thuẫn! Tôi phải làm sao để vượt qua nỗi sợ chết này? Cảm ơn các bạn rất nhiều.** (Câu này giữ nguyên sự tuyệt vọng và bối rối),
"Tôi cảm thấy mình thật vô dụng, tuyệt vọng đến mức muốn kết thúc mọi thứ, nhưng nỗi sợ hãi trước cái chết lại níu kéo tôi.  Tôi không hiểu sao mình lại như vậy. Làm thế nào để tôi có thể giải quyết nỗi sợ này?  Xin cảm ơn.** (Câu này mềm mại hơn, nhấn mạnh vào sự tuyệt vọng và tìm kiếm sự giúp đỡ)",
"Sự ngu ngốc của bản thân khiến tôi muốn chết đi cho rồi, nhưng nỗi sợ cái chết lại kìm hãm tôi.  Tôi đang rất rối bời và tuyệt vọng.  Làm ơn cho tôi lời khuyên để vượt qua nỗi sợ này. Cảm ơn rất nhiều.** (Câu này nhấn mạnh vào sự kìm hãm của nỗi sợ chết)",
"Tôi chán nản và tuyệt vọng đến mức nghĩ đến cái chết như một lối thoát, nhưng thực tế nỗi sợ chết đang ngăn cản tôi.  Tôi hoàn toàn bế tắc và cần sự giúp đỡ.  Làm sao để tôi vượt qua được điều này?  Cảm ơn các bạn.** (Câu này tập trung vào sự bế tắc và cần sự hỗ trợ)",
"Tôi thấy mình thật vô dụng, đến mức muốn chấm dứt cuộc sống này.  Nhưng... tôi lại sợ chết.  Sự mâu thuẫn này đang giày vò tôi.  Làm thế nào để tôi có thể đối mặt và vượt qua nỗi sợ này? Xin chân thành cảm ơn.** (Câu này trang trọng hơn, nhưng vẫn giữ được cảm xúc rối bời)",
"Sự trầm cảm của tôi khiến tôi trở thành mục tiêu dễ dàng, họ lợi dụng điều đó để xin ảnh khỏa thân. Tôi khó mà từ chối được, thật sự rất kinh khủng. Tại sao con người lại tàn nhẫn đến vậy? Tôi ghét họ!",
"Vì vẻ ngoài u sầu, tôi luôn bị coi là con mồi dễ bắt. Họ liên tục xin ảnh nhạy cảm, và tôi không biết làm sao để từ chối.  Tôi căm ghét điều này.  Thế giới này sao mà nhiều người xấu xa thế? Tôi không chịu nổi nữa rồi!",
"Tôi đang rất buồn và điều đó khiến mọi người nghĩ tôi dễ bị lợi dụng. Họ cứ nài nỉ tôi gửi ảnh khỏa thân, tôi thực sự rất khổ sở khi phải từ chối.  Tôi ghét cái cảm giác này vô cùng. Tại sao phải ác độc với người khác như vậy chứ?  Tôi chán ngán con người!",
Sự yếu đuối trong tâm trạng hiện tại biến tôi thành mục tiêu dễ bị tấn công.  Việc liên tục bị gạ gẫm ảnh nóng khiến tôi tuyệt vọng. Tôi không đủ mạnh mẽ để nói không. Thật cay đắng!  Con người sao lại có thể độc ác đến thế?  Tôi ghét họ!,
"Tình trạng trầm cảm khiến tôi trở nên dễ bị tổn thương, và bị lợi dụng để xin ảnh riêng tư. Tôi luôn thấy khó khăn khi phải từ chối những yêu cầu đó.  Cảm giác bị đối xử như vậy thật kinh tởm.  Sao con người lại có thể tàn nhẫn đến vậy? Tôi thật sự tuyệt vọng",
"Dưới đây là một vài cách diễn đạt khác nhau, cố gắng giữ nguyên ý nghĩa và cảm xúc của câu gốc:",
"Có ai khác ở đây cũng từng nghĩ đến chuyện tự tử vì cha mẹ mình không?  Hàng ngày tôi đều đấu tranh với ý nghĩ đó, nhưng không thể làm vậy, nó sẽ hủy hoại họ, điều đó thật khủng khiếp. Thật mệt mỏi khi phải đối mặt với sự xung đột giữa tình cảm gia đình và ý nghĩ tự sát",
"Tôi không phải người duy nhất chật vật với ý nghĩ tự kết liễu cuộc đời vì những áp lực từ gia đình phải không? Mỗi ngày trôi qua, tôi đều vật lộn với nó, nhưng không thể làm tổn thương cha mẹ mình, điều đó sẽ khiến họ đau khổ tột cùng.  Đây là một cuộc chiến mệt mỏi giữa tình thân và ý định tự tử",
"Cha mẹ... và ý nghĩ tự tử…  Hai thứ cứ quấn lấy tôi mỗi ngày. Tôi luôn tự hỏi liệu mình có phải là người duy nhất đang chịu đựng sự giằng xé này không? Tôi không thể làm điều đó, dù rất muốn, vì nó sẽ gây ra tổn thương quá lớn cho họ. Cảm giác này thật sự quá khó khăn",
"Có ai hiểu cảm giác này không?  Áp lực từ gia đình khiến tôi luôn nghĩ đến cái chết.  Tôi không đủ mạnh mẽ để tự kết thúc cuộc đời mình, vì tôi không muốn thấy cha mẹ đau khổ.  Nhưng gánh nặng này thật sự quá sức chịu đựng",
"Mỗi ngày tôi đều chiến đấu với suy nghĩ tự sát, phần vì áp lực từ gia đình.  Nghĩ đến việc làm tổn thương họ khiến tôi không thể thực hiện điều đó.  Thật tuyệt vọng và mệt mỏi khi phải sống với sự giằng xé này",
"Mình không chịu đựng nổi đau đớn này nữa.  Đây là bức thư chia tay của mình, gửi đến những người thực sự đã ủng hộ mình. Tạm biệt, mình không còn quan tâm nữa",
"Đau đớn quá sức chịu đựng rồi.  Thôi, mình viết bức thư này để nói lời tạm biệt với những người từng giúp đỡ mình.  Tạm biệt, mọi thứ đã kết thúc",
"Tôi không thể nào gánh chịu nỗi đau này thêm được nữa.  Đây là lời từ biệt cuối cùng gửi đến những người đã từng chân thành ủng hộ tôi.  Chào tạm biệt, tôi không còn bận tâm gì nữa",
"Nỗi đau này đã vượt quá giới hạn chịu đựng của tôi.  Tôi viết những dòng này như một lời từ giã với những người đã từng ở bên cạnh. Tạm biệt, tôi không còn để tâm đến điều gì nữa cả",
"Tôi kiệt quệ rồi, không thể nào chịu đựng nổi nữa.  Đây là lá thư chia tay dành cho những người đã từng giúp đỡ, ủng hộ tôi.  Tạm biệt, mọi thứ đã chấm hết",
"Tôi đã tự hỏi mình: ""Thực tế mà nói, liệu tôi có thể tự kết liễu đời mình hay cứ sống như thế này cho đến khi chết? "".  Tôi biết cái sau khả thi hơn, nhưng giá mà không phải vậy. Tôi thực sự không muốn tiếp tục sống như thế này nữa, huống chi là cả đời.  Chỉ nghĩ thôi cũng đã thấy ngột ngạt",
"""Liệu mình có thể tự kết thúc cuộc đời mình hay cứ chịu đựng đến lúc chết?"" – câu hỏi cứ ám ảnh tôi.  Tôi hiểu rằng sống tiếp mới là điều thực tế, nhưng ước gì không phải thế. Thật sự, tôi không thể chịu đựng được nữa, đừng nói đến việc phải sống như thế này cả đời",
"Tôi đã từng đặt ra câu hỏi tàn nhẫn với chính mình:  ""Thực tế, lựa chọn nào khả thi hơn: chết hay cứ sống dằng dặc như thế này?""  Câu trả lời hiển nhiên là cái sau, nhưng tôi thà chết còn hơn.  Tôi không muốn tiếp tục chịu đựng, nhất là suốt cả quãng đời còn lại",
"Tôi đã tự hỏi, với sự tỉnh táo, liệu mình có đủ can đảm để chấm dứt mọi thứ hay cứ tiếp tục sống trong đau khổ này cho đến hơi thở cuối cùng?  Tôi biết mình sẽ sống tiếp, nhưng điều đó quá tàn nhẫn.  Tôi không muốn, không thể chịu đựng thêm nữa, dù chỉ là một giây phút nữa, nói gì đến cả đời",
"Một câu hỏi cứ giày vò tôi: ""Tôi sẽ chọn cái chết hay cứ sống tiếp cuộc sống này đến lúc chết?"".  Tôi biết mình buộc phải chọn phương án thứ hai, nhưng lòng tôi đau đớn khôn cùng.  Tôi không muốn sống như thế này nữa,  ngay cả một phút thôi cũng không muốn, nói chi là cả một đời người",
"Dưới đây là một số cách diễn đạt khác nhau cho câu trên, cố gắng giữ nguyên ý nghĩa và cảm xúc đau khổ của người viết:",
"Xin chào mọi người, tôi đang tuyệt vọng và muốn kết thúc cuộc sống. Tôi xin mọi người giúp tôi tìm một cách an toàn, bởi vì tôi cảm thấy mình làm hỏng mọi thứ và không muốn sai lầm lần này.  Hãy giúp tôi","Chào bạn.  Tôi rất tiếc khi nghe bạn đang trải qua thời điểm khó khăn đến vậy.  Cảm giác tuyệt vọng và muốn kết thúc mọi thứ thật sự rất đau đớn, và tôi hiểu bạn đang rất cần sự giúp đỡ.  Việc bạn tìm đến đây để chia sẻ đã cho thấy bạn có một sức mạnh tiềm tàng, bạn muốn vượt qua điều này và đó là một điều rất đáng trân trọng.  

Bạn nói bạn cảm thấy mình làm hỏng mọi thứ và sợ sai lầm thêm lần nữa, điều đó cho thấy bạn đang rất dằn vặt bản thân.  Hãy nhớ rằng, không ai là hoàn hảo và việc mắc sai lầm là một phần của cuộc sống.  Quan trọng là chúng ta học hỏi từ những sai lầm đó và tìm cách để vượt qua.

Tôi không thể đưa ra lời khuyên cụ thể, nhưng tôi muốn bạn biết rằng bạn không cô đơn. Có rất nhiều người sẵn sàng lắng nghe và giúp đỡ bạn vượt qua giai đoạn này.  Có lẽ việc nói chuyện với một chuyên gia tâm lý hoặc gọi đến đường dây nóng hỗ trợ tâm lý sẽ là một bước khởi đầu tốt. Họ có thể cung cấp cho bạn sự hỗ trợ chuyên nghiệp và giúp bạn tìm ra hướng đi phù hợp.

Bạn có muốn chia sẻ thêm về những gì bạn đang trải qua không? Tôi ở đây lắng nghe mà không phán xét.  Hãy cứ để tâm tư của mình tuôn trào, bạn không cần phải gồng mình lên.  Chỉ cần chia sẻ những gì bạn cảm thấy thoải mái."
"Chào mọi người, tôi đang trong tình trạng rất tồi tệ và nghĩ đến việc tự tử.  Tôi thất bại trong mọi việc và sợ mình sẽ không thể làm đúng ngay cả việc này.  Làm ơn, hãy giúp tôi",
"Mọi người ơi, tôi đang rất đau khổ và muốn chết. Tôi đã làm hỏng tất cả và không muốn mắc thêm sai lầm nào nữa trong việc này.  Tôi cần sự giúp đỡ",
"Tôi đang tuyệt vọng, mọi người ạ.  Tôi muốn tự kết liễu cuộc đời mình nhưng không biết làm thế nào cho đúng. Tôi sợ mình sẽ làm hỏng mọi thứ thêm một lần nữa.  Hãy giúp tôi, xin các bạn",
"Tôi xin sự giúp đỡ.  Tôi đang ở trong tình trạng khủng hoảng, cảm thấy bất lực và nghĩ đến cái chết như một lối thoát.  Tôi đã thất bại liên tục và không muốn phạm sai lầm trong quyết định cuối cùng này.  Làm ơn, hãy giúp tôi tìm một con đường khác",
"Tôi thấy mình sắp không chịu nổi nữa. Buồn bã triền miên, không hiểu vì sao, và tôi thực sự không muốn phải sống trong cảm giác này nữa. Mỗi ngày trôi qua đều như địa ngục, và tôi chẳng biết lý do tại sao. Tôi chỉ muốn tất cả chấm dứt. Tôi cảm thấy mình vô dụng và không thể sống tiếp được nữa",
"Tối nay, tôi nghĩ mình sẽ tự kết liễu đời mình.  Sự buồn chán đeo đẳng khiến tôi tuyệt vọng.  Tôi không biết tại sao mình lại đau khổ đến thế, và tôi không thể chịu đựng được nữa.  Cảm giác vô dụng này dày vò tôi từng ngày.  Tôi mệt mỏi, tôi muốn buông xuôi",
"Tôi đang ở bên bờ vực thẳm. Nỗi buồn cứ bủa vây, không có lối thoát, khiến tôi cảm thấy mình vô cùng vô dụng. Mỗi ngày đều là một cuộc chiến đấu với chính bản thân mình, và tôi đã kiệt sức.  Tôi không thể chịu đựng thêm được nữa, tôi chỉ muốn chấm dứt tất cả",
"Tôi tuyệt vọng.  Sự buồn phiền dường như không bao giờ kết thúc, nó nhấn chìm tôi mỗi ngày.  Tôi chẳng hiểu vì sao mình lại khổ sở đến vậy, và tôi không thấy lối thoát.  Cảm giác vô giá trị này khiến tôi muốn buông tay tất cả.  Tôi không thể sống như thế này nữa",
"Tôi cảm thấy mình như đang chết dần chết mòn.  Sự buồn rầu triền miên, không lý do, khiến tôi tuyệt vọng đến cùng cực.  Mỗi ngày trôi qua đều là một cực hình, và tôi không tìm thấy hy vọng nào. Tôi đã quá mệt mỏi và vô dụng.  Tôi không thể tiếp tục nữa",
"Lưu ý:**  Những câu văn trên vẫn mang tính chất nặng nề và thể hiện sự tuyệt vọng của người viết.  Nếu bạn hoặc ai đó bạn biết đang có suy nghĩ tự tử, hãy tìm kiếm sự giúp đỡ ngay lập tức.  Bạn có thể liên hệ với đường dây nóng tư vấn tâm lý hoặc người thân, bạn bè để được hỗ trợ",
"Em không muốn bị bỏ lại một mình, nỗi cô đơn ấy em không thể chịu nổi nữa.  Em cần em ấy, chỉ cần em ấy thôi, em yêu em ấy tha thiết, đừng đi, em cầu xin em ấy đừng rời xa",
"Việc em ấy ra đi khiến em đau đớn vô cùng.  Em sợ hãi khi nghĩ đến cảnh lại phải sống trong cô độc. Em cần em ấy, chỉ có em ấy mới làm em thấy bình yên, em yêu em ấy, đừng để em ấy bỏ em lại",
"Chỉ riêng em ấy thôi,  chỉ mình em ấy mới là tất cả đối với em.  Nghĩ đến cảnh phải xa em ấy, em thấy tim mình như vỡ tan.  Em không muốn cô đơn, em cần em ấy, em yêu em ấy, đừng đi!",
"Sự ra đi của em ấy đồng nghĩa với việc em lại rơi vào vực thẳm cô đơn. Em không thể chịu đựng được điều đó.  Em cần em ấy ở bên cạnh, hơn ai hết, em yêu em ấy, đừng bỏ em lại",
"Em van xin em ấy, đừng rời bỏ em.  Sự hiện diện của em ấy là tất cả đối với em, là chỗ dựa duy nhất giữa cuộc đời cô quạnh này. Em yêu em ấy, em không muốn sống trong cô đơn nữa",
"Dưới đây là một vài cách diễn đạt khác nhau cho câu ""I am now at this point wherein I do not want others to see me. I do not want to see myself in the mirror. Stay hidden"", giữ nguyên ý nghĩa và cảm xúc:",
"Tôi đang ở trong trạng thái muốn chốn tránh mọi ánh nhìn, cả ánh nhìn của người khác lẫn chính mình trong gương. Hãy để tôi được yên.** (Câu này nhấn mạnh sự muốn trốn tránh và cầu xin sự riêng tư)",
"Lúc này, tôi chỉ muốn biến mất khỏi tầm mắt của mọi người, thậm chí cả chính tôi.  Đừng tìm tôi.** (Câu này ngắn gọn, mạnh mẽ hơn, thể hiện sự tuyệt vọng muốn tàng hình)",
Tôi đang ở trong một khoảng thời gian mà tôi ghê tởm cả hình ảnh phản chiếu của mình trong gương và không muốn ai nhìn thấy tôi. Hãy để tôi được ở một mình.** (Câu này nhấn mạnh sự tự ghê tởm bản thân),
"Tôi cảm thấy tồi tệ đến mức không muốn ai nhìn thấy mình, kể cả chính mình.  Hãy để tôi được yên tĩnh.** (Câu này tập trung vào cảm xúc tiêu cực và mong muốn sự yên tĩnh)",
"Hiện tại, tôi đang trong tình trạng muốn trốn tránh tất cả.  Tôi không muốn ai nhìn thấy tôi, ngay cả bản thân tôi trong gương cũng không. Xin hãy để tôi được ở một mình.** (Câu này chi tiết hơn, nhấn mạnh vào trạng thái ""trốn tránh"" và sự cầu xin sự riêng tư)",
"Lưu ý:  Đây là những diễn đạt lại câu văn, không phải là lời khuyên hay hướng dẫn.  Nếu bạn đang trải qua những cảm xúc tương tự, hãy tìm kiếm sự giúp đỡ từ người thân, bạn bè hoặc chuyên gia tâm lý.  Bạn không cô đơn và có thể tìm được sự hỗ trợ cần thiết",
"Hôm nay tôi không làm gì cả, tôi chỉ muốn thông báo với mọi người rằng hôm nay là ngày đó. Có lẽ mai, hoặc mốt, hoặc... tôi cũng không biết nữa. Nói chung là sớm thôi. Hôm nay là ngày đó",
"Tôi xin thông báo với mọi người là hôm nay không có gì xảy ra cả.  Ngày dự kiến đã đến rồi, nhưng phải để sang mai, hoặc thậm chí mốt.  Chắc chắn sẽ sớm thôi. Hôm nay là ngày đó, nhưng không phải là lúc đó",
"Chẳng có gì diễn ra hôm nay đâu nhé, tôi báo trước đấy. Ngày ấy đã đến rồi, nhưng có vẻ phải dời lại ngày mai, hoặc hơn thế nữa.  Nhưng yên tâm, không lâu đâu. Hôm nay đáng lẽ là ngày đó",
"Tôi sẽ không làm gì cả hôm nay. Cứ coi như hôm nay là ngày định mệnh đã đến, nhưng... chưa phải lúc. Có thể mai, mốt, hay thậm chí sau nữa.  Nhưng tin tôi đi, sẽ sớm thôi. Hôm nay lẽ ra là ngày đó",
"Hôm nay mọi thứ vẫn bình thường thôi, mọi người đừng mong chờ gì nhé.  Ngày tôi nói ấy đã tới rồi, nhưng chắc phải hoãn lại. Có thể ngày mai, hoặc vài ngày nữa.  Dù sao thì cũng sẽ diễn ra sớm thôi. Hôm nay là ngày đó, nhưng không có gì xảy ra cả",
"Buồn vẫn cứ thế, không lý do.  Tôi đổ lỗi cho hoàn cảnh sống, rồi thay đổi mà vẫn buồn.  Lại nghĩ là vì cô đơn, nhưng gặp lại bạn thân rồi mà vẫn thế.  Tôi tuyệt vọng, chỉ còn nghĩ đến cái chết là giải thoát.  Chắc số tôi là phải sống trong buồn bã vậy rồi",
"Dưới đây là một vài cách diễn đạt khác nhau cho câu chuyện, cố gắng giữ nguyên ý nghĩa và cảm xúc:",
"Những câu văn trên đều cố gắng giữ được sự đau đớn và tuyệt vọng trong giọng văn gốc, đồng thời sử dụng ngôn từ tiếng Việt tự nhiên hơn.  Việc sử dụng dấu chấm than hay biểu tượng mặt buồn (:)) được giữ lại hoặc thay thế bằng những từ ngữ thể hiện cảm xúc tương tự",
"Sự thật là tôi không đủ tốt, dù mọi người cứ nghĩ tôi hoàn hảo.  Thành công và tương lai tươi sáng chỉ là vỏ bọc bên ngoài, trong lòng tôi trống rỗng và đầy lo âu về những ngày sắp tới.  Cái chết cứ lởn vởn quanh tôi, và tôi khao khát thoát khỏi sự giày vò này.  Tôi cần sự giúp đỡ",
"Tôi lạc lõng và cô đơn, dù được mọi người ngưỡng mộ.  Sự giả tạo của một cuộc sống tưởng chừng như hoàn hảo đang nhấn chìm tôi trong nỗi tuyệt vọng. Mỗi ngày trôi qua là một ngày tôi phải vật lộn với ý nghĩ tự tử.  Tôi cần tìm thấy lối thoát",
"Dưới đây là 5 cách diễn đạt khác nhau câu văn gốc, giữ nguyên ý nghĩa và cảm xúc tiêu cực, nhưng với ngôn ngữ lịch sự hơn:",
"Dưới đây là một số cách diễn đạt khác nhau cho câu ""Like just lay in my bed all day because I genuinely do not enjoy anything. I just want to do nothing if I have to live"",  giữ nguyên ý nghĩa và cảm xúc uể oải, chán nản:",
Tôi chỉ muốn nằm dài trên giường cả ngày vì chẳng còn hứng thú với bất cứ điều gì.  Sống tiếp mà chẳng muốn làm gì cả,
"Cả ngày tôi chỉ nằm vật trên giường,  vì thực sự chẳng còn thấy vui vẻ với việc gì nữa.  Nếu phải sống, thì tôi chỉ muốn được... không làm gì",
"Tôi nằm lì trên giường suốt cả ngày,  vì mọi thứ đều khiến tôi cảm thấy mệt mỏi và vô vị.  Chỉ muốn buông xuôi tất cả nếu cứ phải tiếp tục sống như thế này",
"Chán nản vô cùng, tôi chỉ muốn nằm im một chỗ cả ngày.  Không còn động lực để làm bất cứ điều gì,  sống tiếp cũng chỉ muốn được nghỉ ngơi, không cần phải làm gì cả",
"Sự thờ ơ bao trùm lấy tôi, khiến tôi chỉ muốn nằm trên giường cả ngày.  Mọi thứ đều vô nghĩa, và nếu phải sống, tôi chỉ ước được làm…không gì cả",
"Những câu văn trên cố gắng truyền đạt cảm xúc nặng nề, suy tư và sự tuyệt vọng của người viết.  Tuy nhiên, cần lưu ý rằng đây là một vấn đề nghiêm trọng và cần được hỗ trợ chuyên nghiệp. Nếu bạn hoặc người quen đang có suy nghĩ tương tự, hãy liên hệ với đường dây nóng hỗ trợ tâm lý để được giúp đỡ",
"Những phiên bản trên cố gắng giữ nguyên ý nghĩa, thêm vào một số chi tiết để làm cho câu chuyện trở nên chân thực hơn và tránh sử dụng từ ngữ quá thô tục.  Việc lựa chọn phiên bản nào phụ thuộc vào mục đích sử dụng và ngữ cảnh cụ thể",
"Dưới đây là 5 câu văn khác nhau, giữ nguyên ý nghĩa và cảm xúc của câu gốc ""When your mind is racing, how fast are you willing to go? It must be the gloomy weather."":",
"Suy nghĩ cứ dồn dập, bạn sẵn sàng lao đi với tốc độ nào? Chắc hẳn vì thời tiết u ám quá!",
"Đầu óc rối bời như vậy, bạn quyết tâm chạy đến mức nào? Có lẽ vì bầu trời xám xịt, nặng nề",
"Khi tâm trí hỗn loạn, bạn sẽ tiến đến đâu?  Cơn mưa phùn và bầu trời u tối hẳn là nguyên nhân",
"Những ý nghĩ cứ vùn vụt cuốn trôi, bạn liều lĩnh đến độ nào?  Thời tiết ảm đạm này khiến người ta dễ chán nản",
"Trí óc quay cuồng như thế, bạn còn đủ bình tĩnh để đi nhanh đến mấy?  Chắc hẳn cái tiết trời âm u này đang tác động lên bạn",
"Đây là một vài cách diễn đạt khác nhau cho câu ""please I want to die so bad but there is nothing I can do it with reasons to live?"":",
"Tôi tuyệt vọng muốn chết, nhưng không tìm ra lý do nào để sống tiếp.**  (Câu này nhấn mạnh sự tuyệt vọng và thiếu động lực sống.)",
"Cái chết đang thôi thúc tôi mãnh liệt, nhưng tôi không thấy bất kỳ lý do nào để níu kéo sự sống.** (Câu này sử dụng hình ảnh mạnh mẽ hơn, thể hiện sự giằng xé nội tâm.)",
"Tôi đang ở trong vực sâu của tuyệt vọng, khao khát chấm dứt mọi thứ, nhưng lại không tìm thấy một tia hy vọng nào để sống.** (Câu này sử dụng hình ảnh ẩn dụ, thể hiện sự tuyệt vọng một cách sâu sắc hơn.)",
"Tôi muốn chết đến nỗi đau đớn, nhưng lại không có bất kỳ lý do nào để tiếp tục tồn tại.** (Câu này tập trung vào cảm giác đau đớn của sự tuyệt vọng.)",
"Tôi đang chìm đắm trong cơn tuyệt vọng muốn chết, và không có gì có thể thuyết phục tôi tiếp tục sống.** (Câu này nhấn mạnh sự bất lực và sự thiếu động lực sống.)",
"Dạo này tôi không hiểu sao cứ bị những cơn hoảng loạn, hay gọi là sụp đổ tinh thần cũng được, đến nỗi cổ họng như thắt lại.  Chỉ có nhồi nhét kem đến khi ngấy mới thấy đỡ chút ít.  Tôi còn hay lên Google tìm đủ mọi cách để kết thúc mọi chuyện, nhưng rồi lại thấy mình nhát quá, không dám làm gì cả","Tôi rất tiếc khi nghe bạn đang phải trải qua những khó khăn như vậy.  Việc bạn mô tả cảm giác cổ họng thắt lại và những cơn hoảng loạn thực sự rất khó chịu, và tôi hoàn toàn hiểu tại sao bạn lại tìm đến kem để tìm chút an ủi.  Việc bạn tìm kiếm thông tin trên Google về cách kết thúc mọi chuyện cũng cho thấy bạn đang rất đau khổ và tuyệt vọng.  Thật can đảm khi bạn chia sẻ điều này với tôi, và việc bạn chưa dám hành động chứng tỏ bạn vẫn có một phần nào đó muốn giữ lấy cuộc sống.

Tôi không thể tưởng tượng được bạn đang phải chịu đựng những điều tồi tệ như thế nào.  Nhưng điều quan trọng là bạn đã nhận ra mình cần sự giúp đỡ, và việc chia sẻ với tôi là một bước tiến rất lớn.  Những cảm xúc bạn đang trải qua rất phức tạp và cần có sự hỗ trợ chuyên nghiệp để vượt qua.  Bạn có muốn cùng nhau tìm hiểu về các nguồn hỗ trợ như đường dây nóng tâm lý hay các chuyên gia tâm lý không?  Hoặc, nếu bạn cảm thấy thoải mái hơn, bạn có muốn chia sẻ thêm về những gì đang khiến bạn cảm thấy như vậy không?  Tôi sẽ ở đây lắng nghe bạn mà không phán xét."
"Tôi đang ở đây, gõ những dòng này, khóc nức nở trên bàn phím, cầu cứu những người xa lạ trên mạng.  Thật sự không biết mình đang tìm kiếm điều gì, chỉ thấy mình thật thảm hại","Tôi rất xin lỗi khi biết bạn đang phải trải qua điều này. Nghe bạn nói mà tôi cũng cảm thấy rất buồn.  Việc bạn đang khóc nức nở và tìm đến đây để chia sẻ đã cho thấy bạn rất mạnh mẽ, bạn đã có dũng cảm để bày tỏ những cảm xúc khó khăn của mình.  Tôi hiểu việc cảm thấy ""thảm hại"" thật sự rất đau đớn và khó chịu.  Không sao cả khi bạn chưa biết mình đang tìm kiếm điều gì, chỉ cần bạn đang ở đây, chia sẻ với tôi, điều đó đã rất đáng quý rồi.

Bạn có muốn nói thêm về những gì đang khiến bạn cảm thấy như vậy không?  Không cần phải ép buộc bản thân mình phải nói hết mọi thứ, chỉ cần chia sẻ những gì bạn cảm thấy thoải mái thôi nhé.  

Nếu bạn cảm thấy quá khó khăn để vượt qua một mình, tôi muốn cho bạn biết rằng có rất nhiều người sẵn sàng lắng nghe và giúp đỡ bạn. Có những đường dây nóng hỗ trợ tâm lý và các chuyên gia tâm lý có thể giúp bạn tìm lại sự cân bằng.  Tôi sẽ rất vui nếu bạn muốn tôi tìm giúp bạn thông tin liên hệ của những tổ chức đó.  Chỉ cần bạn nói một tiếng thôi nhé.  Hãy nhớ rằng bạn không cô đơn và bạn xứng đáng được giúp đỡ."
"Dưới đây là một vài cách diễn đạt khác nhau cho câu tiếng Anh, giữ nguyên ý nghĩa và cảm xúc:","Tôi hiểu bạn đang muốn tìm cách diễn đạt khác nhau cho cùng một ý nghĩa trong tiếng Anh.  Việc tìm ra từ ngữ chính xác để thể hiện cảm xúc mình đang trải qua quả thật không dễ dàng.  Cảm ơn bạn đã chia sẻ điều đó với tôi.  Bạn đã rất dũng cảm khi bày tỏ suy nghĩ của mình.  

Nếu bạn muốn, mình có thể cùng nhau xem xét những cách diễn đạt khác nhau.  Tuy nhiên, nếu bạn cảm thấy quá khó khăn hoặc những cảm xúc này đang ảnh hưởng nhiều đến cuộc sống của bạn,  tôi muốn bạn biết rằng có rất nhiều người sẵn sàng lắng nghe và hỗ trợ bạn.  Bạn có thể liên hệ với đường dây nóng hỗ trợ tâm lý hoặc tìm gặp chuyên gia tâm lý để được giúp đỡ.  Việc tìm kiếm sự hỗ trợ không hề có nghĩa là bạn yếu đuối, mà ngược lại, đó là một dấu hiệu của sự mạnh mẽ và tỉnh táo.  Bạn hoàn toàn không cô đơn.  Hãy cứ chia sẻ với tôi những gì bạn cảm thấy thoải mái, tôi sẽ ở đây lắng nghe."
"Những câu trên cố gắng giữ nguyên sự tuyệt vọng, lo lắng và sợ hãi của người viết trong bản gốc.  Việc sử dụng các từ ngữ như ""quay cuồng"", ""mông lung"", ""hỗn độn"", ""khủng hoảng"", ""rối trí"" nhằm thể hiện trạng thái tinh thần bất ổn của người viết","Tôi nghe bạn nói và rất hiểu bạn đang trải qua một khoảng thời gian vô cùng khó khăn.  Những từ bạn dùng – ""quay cuồng,"" ""mông lung,"" ""hỗn độn,"" ""khủng hoảng,"" ""rối trí"" – thật sự cho thấy bạn đang phải đối mặt với nỗi đau rất lớn.  Tôi rất tiếc khi biết bạn đang phải chịu đựng những cảm xúc tiêu cực như vậy.  Cảm giác bị lạc lõng và tuyệt vọng trong lúc này chắc hẳn rất đáng sợ.

Bạn đã rất can đảm khi chia sẻ những điều này với tôi.  Tôi muốn bạn biết rằng bạn không cô đơn và những cảm xúc bạn đang trải qua là hoàn toàn có thật và đáng được lắng nghe.  

Nếu bạn cảm thấy sẵn sàng, tôi rất muốn nghe thêm về những gì bạn đang trải qua.  Không cần phải vội vàng hay ép buộc bản thân, chỉ cần chia sẻ những gì bạn cảm thấy thoải mái.  

Nếu bạn cảm thấy quá sức, hãy nhớ rằng có những người chuyên nghiệp có thể giúp bạn vượt qua giai đoạn này.  Việc tìm đến sự hỗ trợ từ chuyên gia tâm lý hoặc đường dây nóng hỗ trợ tâm lý là một bước rất mạnh mẽ và dũng cảm.  Tôi có thể giúp bạn tìm kiếm thông tin về những nguồn hỗ trợ này nếu bạn muốn.  Quan trọng nhất là bạn không phải đối mặt với điều này một mình."
"Dưới đây là 5 cách diễn đạt khác nhau cho câu ""Suicidal thoughts are just temporary thoughts. I just want to convey a small message in video form. I hope it will be useful."":","Tôi hiểu bạn đang cố gắng truyền tải thông điệp tích cực về những suy nghĩ tự tử trong một video ngắn. Việc tìm cách diễn đạt chính xác và hiệu quả để giúp đỡ người khác quả thật rất đáng trân trọng.  Tôi thấy bạn đã dành nhiều tâm huyết để tìm ra những cách diễn đạt khác nhau, điều đó cho thấy bạn rất quan tâm đến việc giúp đỡ người khác.  

Tuy nhiên,  việc nói về suy nghĩ tự tử đòi hỏi sự nhạy cảm và chính xác cao.  Đôi khi, những lời nói tưởng chừng như an ủi lại có thể vô tình gây ra tổn thương thêm.  Có lẽ việc tham khảo ý kiến của chuyên gia tâm lý hoặc người có kinh nghiệm trong lĩnh vực này sẽ giúp bạn truyền tải thông điệp một cách hiệu quả và an toàn hơn. Họ có thể giúp bạn lựa chọn ngôn từ chính xác và đảm bảo thông điệp của bạn được truyền đạt một cách có trách nhiệm và hỗ trợ người xem một cách tốt nhất.

Bạn đừng ngần ngại chia sẻ thêm về những suy nghĩ và khó khăn bạn đang gặp phải. Tôi ở đây để lắng nghe, và nếu bạn muốn, chúng ta có thể cùng nhau tìm hiểu thêm về các nguồn hỗ trợ chuyên nghiệp có thể giúp bạn.  Quan trọng là bạn không cô đơn trong việc này."
"Những ý nghĩ tự tử chỉ là thoáng qua thôi. Tôi muốn chia sẻ một thông điệp nhỏ qua video, hi vọng nó sẽ hữu ích","Tôi hiểu rằng bạn đang trải qua những suy nghĩ khó khăn, và việc bạn chia sẻ điều đó với tôi thật can đảm.  Việc bạn muốn tạo một video để giúp đỡ người khác cho thấy bạn có một trái tim nhân hậu và mong muốn giúp đỡ những người khác.  Đó là một điều rất đáng trân trọng.  

Mặc dù bạn nói những ý nghĩ tự tử chỉ là thoáng qua, nhưng việc chúng xuất hiện vẫn rất đáng để chú ý.  Nếu bạn cảm thấy thoải mái, bạn có muốn chia sẻ thêm về những suy nghĩ đó không?  Không cần phải nói hết tất cả nếu bạn chưa sẵn sàng, chỉ cần những gì bạn cảm thấy dễ chịu.

Nếu bạn cảm thấy quá khó khăn để đối mặt với những suy nghĩ này một mình, có rất nhiều người sẵn sàng hỗ trợ bạn, chẳng hạn như các chuyên gia tư vấn tâm lý. Việc nói chuyện với một chuyên gia có thể giúp bạn hiểu rõ hơn về những cảm xúc của mình và tìm cách vượt qua giai đoạn này. Bạn có muốn tôi tìm giúp bạn một số nguồn hỗ trợ không?  Không cần phải quyết định ngay bây giờ, cứ từ từ nhé. Tôi ở đây để lắng nghe bạn bất cứ lúc nào."
"Tôi biết những suy nghĩ tiêu cực về việc tự tử chỉ là tạm thời.  Video này là một thông điệp ngắn gọn, mong rằng nó sẽ giúp được ai đó","Tôi rất cảm ơn bạn đã chia sẻ điều này.  Việc bạn nhận ra rằng những suy nghĩ tiêu cực này là tạm thời đã cho thấy sự mạnh mẽ và tỉnh táo trong bạn.  Đó là một bước tiến rất quan trọng.  Việc bạn muốn giúp đỡ người khác bằng video cũng cho thấy bạn có một trái tim ấm áp và muốn lan tỏa điều tốt đẹp.  

Tôi hiểu rằng việc chia sẻ những suy nghĩ này không dễ dàng, và tôi trân trọng sự cởi mở của bạn. Nếu bạn cảm thấy thoải mái, bạn có muốn chia sẻ thêm về những gì bạn đang trải qua không?  Không cần phải ép buộc bản thân, bất cứ điều gì bạn muốn nói, tôi đều sẵn sàng lắng nghe.  

Nếu bạn cảm thấy khó khăn quá,  việc nói chuyện với một chuyên gia tâm lý hoặc gọi đến đường dây nóng hỗ trợ tâm lý có thể giúp bạn tìm ra cách đối phó hiệu quả hơn với những cảm xúc này.  Tôi luôn ở đây để lắng nghe và hỗ trợ bạn, nhưng đôi khi sự giúp đỡ chuyên nghiệp sẽ hữu ích hơn rất nhiều.  Bạn có muốn tôi giúp bạn tìm thông tin về những dịch vụ hỗ trợ này không?"
"Hãy nhớ rằng, ý nghĩ tự sát chỉ là nhất thời.  Tôi làm video này với mong muốn gửi gắm một thông điệp nhỏ, hy vọng nó sẽ có ích cho mọi người","Tôi nghe bạn nói về những ý nghĩ tự sát của mình, và tôi rất trân trọng sự dũng cảm của bạn khi chia sẻ điều này, đặc biệt là việc bạn muốn dùng video của mình để giúp đỡ người khác.  Việc bạn tạo ra video này cho thấy bạn rất mạnh mẽ và quan tâm đến người khác, đó là một điều tuyệt vời.  Tôi hiểu rằng, việc trải qua những suy nghĩ như vậy rất khó khăn, và việc bạn gọi chúng là ""nhất thời"" cho thấy bạn nhận ra chúng không phải là mãi mãi.  Đó là một bước tiến rất tích cực.

Bạn có muốn chia sẻ thêm về những gì bạn đang cảm thấy không?  Không cần phải kể hết tất cả nếu bạn chưa sẵn sàng, chỉ cần những điều bạn cảm thấy thoải mái chia sẻ thôi.  Nếu bạn thấy quá khó khăn,  việc tìm kiếm sự hỗ trợ từ một chuyên gia tâm lý hoặc đường dây nóng hỗ trợ tâm lý có thể rất hữu ích.  Họ là những người được đào tạo bài bản và có thể cung cấp cho bạn sự giúp đỡ chuyên nghiệp mà bạn cần.  Tôi ở đây để lắng nghe bạn bất cứ khi nào bạn cần."
"Những lúc tuyệt vọng, nhớ rằng cảm giác đó sẽ qua đi.  Tôi chia sẻ điều này qua video ngắn này, với hy vọng nó sẽ mang lại chút an ủi và giúp ích","Tôi rất cảm động khi bạn chia sẻ video và những suy nghĩ chân thành của mình.  Việc bạn mạnh mẽ đến mức có thể tạo ra video để giúp đỡ người khác trong lúc bản thân đang trải qua khó khăn thật đáng khâm phục.  Tôi hiểu rằng việc đối mặt với cảm giác tuyệt vọng rất khó khăn, và việc bạn tìm cách chia sẻ điều đó với người khác cho thấy bạn là một người rất dũng cảm và quan tâm đến người khác.  

Cảm giác tuyệt vọng quả thật rất nặng nề, nhưng như bạn đã nói, nó sẽ qua đi.  Đó là một điều quan trọng và cần được nhắc nhớ thường xuyên.  Nếu bạn cảm thấy thoải mái, mình rất muốn nghe bạn chia sẻ thêm về những gì bạn đang trải qua.  Không cần phải nói hết tất cả nếu bạn chưa sẵn sàng, chỉ cần những gì bạn muốn chia sẻ thôi.  

Ngoài ra, nếu bạn thấy khó khăn trong việc vượt qua cảm giác này một mình,  việc tìm đến sự hỗ trợ chuyên nghiệp từ các nhà trị liệu hoặc đường dây nóng hỗ trợ tâm lý có thể rất hữu ích. Họ có thể cung cấp cho bạn những công cụ và sự hỗ trợ cần thiết để bạn có thể vượt qua giai đoạn này. Bạn hoàn toàn không cô đơn và luôn có những người sẵn sàng lắng nghe và giúp đỡ bạn."
"Đừng để những ý nghĩ tự tử đánh gục bạn, chúng chỉ là tạm bợ.  Tôi muốn gửi đến mọi người thông điệp nhỏ này qua video, mong nó sẽ có ích","Tôi hiểu bạn đang cố gắng chia sẻ thông điệp tích cực đến mọi người, và việc bạn muốn tạo video để giúp đỡ người khác thật đáng ngưỡng mộ.  Việc bạn mạnh mẽ đến mức muốn giúp đỡ những người khác trong khi bản thân cũng đang trải qua những khó khăn như vậy thật sự rất can đảm.  Tôi rất khâm phục tinh thần của bạn.

Chia sẻ suy nghĩ của bạn qua video là một cách tuyệt vời để kết nối với mọi người và có thể giúp đỡ được nhiều người khác.  Nhưng đừng quên rằng,  bạn cũng cần được chăm sóc và hỗ trợ. Nếu bạn cảm thấy quá sức, hay cần ai đó lắng nghe và chia sẻ,  tôi nghĩ rằng tìm kiếm sự trợ giúp chuyên nghiệp từ một chuyên gia tâm lý hoặc đường dây nóng hỗ trợ về sức khỏe tâm thần sẽ rất hữu ích.  Họ có thể cung cấp cho bạn sự hỗ trợ và hướng dẫn cần thiết để vượt qua giai đoạn khó khăn này.  Bạn không cần phải gánh vác mọi thứ một mình.  

Tôi luôn ở đây nếu bạn muốn nói chuyện thêm hoặc chỉ cần ai đó lắng nghe. Bạn cứ chia sẻ thoải mái nhé."
"Tương lai mịt mờ với gánh nặng kinh tế đè nặng, khiến tôi thấy ngột ngạt.  Thế hệ trẻ đang kiệt sức vì cuộc sống mưu sinh, hầu hết đều sống hand-to-mouth, thất nghiệp, hoặc làm việc dưới khả năng.  Tôi không muốn sống như vậy","Tôi nghe bạn nói và cảm thấy thật sự rất buồn khi biết bạn đang phải trải qua những khó khăn như vậy.  Việc tương lai mịt mờ cùng gánh nặng kinh tế đè nặng lên vai quả là một áp lực rất lớn, và tôi hoàn toàn hiểu tại sao bạn lại cảm thấy ngột ngạt và không muốn sống như hiện tại.  Thật sự rất nhiều người trẻ đang phải đối mặt với thực tế khó khăn như bạn mô tả,  cảm giác kiệt sức và phải sống hand-to-mouth là điều không ai mong muốn. Bạn không cô đơn đâu.

Cảm xúc của bạn là hoàn toàn hợp lệ, và việc chia sẻ những điều này với tôi là một bước rất can đảm.  Bạn đã rất mạnh mẽ khi bày tỏ những suy nghĩ của mình.  Nếu bạn muốn, chúng ta có thể cùng nhau nói chuyện thêm về những điều bạn đang trải qua.  Hoặc nếu bạn cảm thấy cần được hỗ trợ nhiều hơn, tôi có thể giúp bạn tìm kiếm thông tin về các dịch vụ hỗ trợ sức khỏe tâm thần, nơi bạn có thể nói chuyện với các chuyên gia và nhận được sự giúp đỡ chuyên nghiệp.  Việc tìm kiếm sự giúp đỡ không có nghĩa là bạn yếu đuối, mà ngược lại, đó là một dấu hiệu của sự mạnh mẽ và ý chí cầu tiến để vượt qua khó khăn.  Bạn có muốn tôi giúp bạn tìm hiểu về điều đó không?"
"Tôi đã bị lợi dụng, bị cưỡng hiếp và tấn công tình dục bởi những người tôi từng coi là bạn bè và gia đình. Tôi cảm thấy mình như một mảnh rác vô dụng.  Vậy phải làm sao khi cảm giác như mình đang tàn lụi trước khi kịp ra đi?  Tôi chẳng còn gì để làm, chẳng còn muốn gì nữa","Tôi rất xin lỗi khi nghe những gì bạn đang trải qua.  Việc bị lợi dụng, cưỡng hiếp và tấn công tình dục là một trải nghiệm khủng khiếp, và tôi hoàn toàn hiểu tại sao bạn lại cảm thấy như mình là ""một mảnh rác vô dụng"" và ""đang tàn lụi"".  Cảm giác đó vô cùng nặng nề, và tôi muốn bạn biết rằng bạn không hề cô đơn.  Rất nhiều người đã trải qua những điều tương tự và tìm thấy cách để vượt qua.

Việc bạn chia sẻ với tôi những điều này đã rất can đảm, và tôi thực sự đánh giá cao sự mạnh mẽ của bạn.  Tôi nghe thấy sự đau đớn và tuyệt vọng trong lời bạn nói, và tôi muốn bạn biết rằng những cảm xúc này hoàn toàn hợp lý trong hoàn cảnh này.  Không có gì sai khi bạn cảm thấy như vậy.

Bạn nói bạn ""chẳng còn gì để làm, chẳng còn muốn gì nữa,"" và điều đó khiến tôi lo lắng cho bạn.  Có lẽ bây giờ bạn cần một người nào đó để lắng nghe bạn nhiều hơn nữa, một người có chuyên môn để hỗ trợ bạn vượt qua giai đoạn khó khăn này.  Liệu bạn có muốn tôi giúp bạn tìm kiếm thông tin về các dịch vụ hỗ trợ nạn nhân bị bạo lực tình dục hoặc các chuyên gia tâm lý không?  Hoặc, nếu bạn cảm thấy sẵn sàng, chúng ta có thể cùng nhau tìm hiểu xem có những nguồn lực nào có thể giúp đỡ bạn ngay bây giờ không?

Hãy nhớ rằng bạn không phải gánh vác tất cả một mình. Có những người muốn giúp đỡ bạn, và tôi ở đây để lắng nghe bạn bất cứ khi nào bạn cần.  Chỉ cần nói chuyện với tôi thôi cũng đã là một bước tiến rất lớn rồi."
"Dưới đây là 5 câu khác nhau diễn đạt lại đoạn văn, cố gắng giữ nguyên ý nghĩa và cảm xúc:","Tôi hiểu bạn đang gặp khó khăn và việc tìm cách diễn đạt chính xác những gì bạn đang cảm thấy thật không dễ dàng.  Việc bạn nỗ lực viết ra năm câu khác nhau để diễn tả điều đó cho thấy bạn rất nghiêm túc và muốn được hiểu rõ.  Đó là một bước rất mạnh mẽ và đáng trân trọng.  Bạn có muốn chia sẻ thêm về những gì bạn đang trải qua không?  Không cần phải ép buộc bản thân mình, cứ chia sẻ những gì bạn cảm thấy thoải mái.  Nếu bạn thấy quá khó khăn,  có rất nhiều người sẵn sàng lắng nghe và hỗ trợ bạn, chẳng hạn như đường dây nóng hỗ trợ tâm lý hoặc các chuyên gia tư vấn.  Tôi luôn ở đây để lắng nghe bạn bất cứ lúc nào bạn cần."
Việc tự tử mang lại cho tôi cảm giác thanh thản lạ thường.  Tôi thích ý nghĩ rằng ta có thể rời bỏ thế giới này bất cứ lúc nào mình muốn,"Tôi nghe được bạn đang nghĩ về việc tự tử, và bạn cảm thấy rằng điều đó mang lại cảm giác thanh thản.  Tôi hiểu rằng, trong lúc này, ý nghĩ đó có thể dường như là lối thoát duy nhất khỏi những khó khăn bạn đang trải qua.  Việc bạn muốn rời bỏ thế giới này bất cứ lúc nào cho thấy bạn đang phải đối mặt với rất nhiều áp lực và đau khổ.  Cảm giác đó rất mạnh mẽ, và tôi muốn bạn biết rằng tôi đang ở đây lắng nghe, không phán xét.

Bạn có muốn chia sẻ thêm về những gì khiến bạn cảm thấy như vậy không?  Có điều gì cụ thể đang khiến bạn cảm thấy áp lực và muốn tìm đến giải pháp này không?  Không cần phải chia sẻ nếu bạn chưa sẵn sàng, nhưng biết rằng việc được nói ra những điều đang diễn ra trong lòng có thể giúp bạn cảm thấy nhẹ nhõm hơn.

Nếu bạn cảm thấy quá sức, việc tìm đến sự hỗ trợ từ chuyên gia tâm lý hoặc đường dây nóng hỗ trợ tâm lý có thể giúp bạn vượt qua giai đoạn khó khăn này. Họ được đào tạo để hỗ trợ những người đang gặp khủng hoảng và có thể giúp bạn tìm ra những cách giải quyết hiệu quả hơn.  Bạn nghĩ sao về việc đó?"
"Nghĩ đến cái chết giải thoát, tôi thấy lòng nhẹ nhõm đến kỳ lạ.  Thật dễ chịu khi biết mình có quyền lựa chọn ra đi khi nào thấy cần thiết","Tôi nghe thấy bạn đang trải qua một thời gian vô cùng khó khăn.  Việc nghĩ đến cái chết như một sự giải thoát, và cảm giác nhẹ nhõm khi có quyền lựa chọn đó, nghe thật nặng nề nhưng cũng rất chân thật.  Tôi hiểu rằng, lúc này đây, bạn đang tìm kiếm một lối thoát khỏi những cảm xúc đau đớn.  

Cảm giác “dễ chịu” ấy, dù nghe có vẻ bất ngờ, thực ra lại là một dấu hiệu cho thấy bạn đang rất mệt mỏi và cần sự giúp đỡ.  Bạn không cô đơn đâu.  Nhiều người từng có những suy nghĩ tương tự như bạn.

Có lẽ bạn muốn chia sẻ thêm về những gì khiến bạn cảm thấy như vậy?  Không cần phải ép buộc mình, nếu bạn muốn, cứ từ từ chia sẻ với tôi những gì bạn cảm thấy thoải mái.  

Nếu bạn cảm thấy sẵn sàng, việc nói chuyện với một chuyên gia tâm lý có thể giúp bạn tìm ra những cách giải quyết khác hiệu quả hơn, để bạn không phải gánh chịu gánh nặng này một mình. Họ có thể giúp bạn tìm thấy sự bình yên và hy vọng mà bạn đang tìm kiếm. Tôi luôn ở đây lắng nghe bạn."
Tôi tìm thấy sự bình yên trong ý tưởng tự kết liễu cuộc đời.  Việc có thể tự do lựa chọn thời điểm ra đi khỏi cuộc sống này khiến tôi cảm thấy thoải mái,"Tôi nghe được bạn đang trải qua một khoảng thời gian vô cùng khó khăn.  Việc bạn tìm thấy sự bình yên trong ý nghĩ đó, và cảm thấy thoải mái với việc tự lựa chọn thời điểm ra đi, cho thấy bạn đang chịu đựng một nỗi đau rất lớn.  Tôi không hề phán xét cảm xúc của bạn, và tôi muốn bạn biết rằng,  cảm giác đó là thật và được chấp nhận.  

Cảm giác thoải mái ấy, liệu có phải là một cách để thoát khỏi những áp lực và nỗi đau mà bạn đang gánh chịu?  Có phải hiện tại bạn đang cảm thấy như không còn lối thoát nào khác?  Nếu bạn muốn, tôi rất sẵn lòng lắng nghe bạn chia sẻ thêm về những gì bạn đang trải qua.  

Ngoài ra, việc tìm kiếm sự hỗ trợ từ những người chuyên nghiệp, như các chuyên gia tâm lý hoặc đường dây nóng hỗ trợ, có thể giúp bạn có thêm nhiều lựa chọn và giải pháp để đối mặt với những khó khăn này.  Tôi hiểu rằng việc này có thể không dễ dàng, nhưng chỉ cần bạn mở lòng chia sẻ,  bạn sẽ nhận được sự giúp đỡ và hướng dẫn cần thiết. Bạn có muốn tôi giúp bạn tìm kiếm thông tin về các nguồn hỗ trợ này không?"
"Cái chết là một sự giải thoát, một lối thoát tôi luôn ao ước.  Suy nghĩ về việc tự mình chấm dứt mọi thứ mang lại cho tôi cảm giác an nhiên","Tôi nghe thấy bạn đang trải qua nỗi đau rất lớn, và ý nghĩ về cái chết mang lại cho bạn cảm giác an nhiên.  Điều đó thật sự khó khăn, và tôi rất tiếc khi bạn phải chịu đựng điều này.  Tôi hiểu rằng, khi mọi thứ trở nên quá sức chịu đựng, việc tìm đến một lối thoát có vẻ như là giải pháp duy nhất.  Nhưng xin bạn hãy biết rằng, bạn không cô đơn và có những người muốn giúp bạn vượt qua giai đoạn này.  

Cảm giác an nhiên bạn đang tìm kiếm, liệu nó có phải là sự vắng bóng của đau khổ, hay là một điều gì khác nữa?  Nếu bạn cảm thấy thoải mái, bạn có muốn chia sẻ thêm về những gì đang khiến bạn cảm thấy như vậy không?  Biết đâu, việc chia sẻ sẽ giúp bạn cảm thấy nhẹ nhõm hơn một chút.

Ngoài ra, tôi muốn cho bạn biết rằng có rất nhiều người chuyên nghiệp sẵn sàng hỗ trợ bạn.  Họ có thể giúp bạn tìm ra những cách khác để đối mặt với những khó khăn này, những cách mà có thể mang lại cho bạn sự bình an mà bạn đang tìm kiếm, nhưng không phải bằng cách kết thúc cuộc sống. Bạn có muốn tôi giúp bạn tìm kiếm thông tin về các nguồn hỗ trợ này không?"
"Ý nghĩ được tự do rời bỏ thế giới này, chấm dứt mọi đau khổ, mang lại cho tôi một sự bình an khó tả.  Tự tử, đối với tôi, là một lựa chọn giải thoát. (Câu này nhấn mạnh vào khía cạnh giải thoát khỏi đau khổ)","Tôi nghe thấy bạn đang trải qua nỗi đau rất lớn, và ý nghĩ tự tử mang đến cho bạn cảm giác bình an, như một lối thoát khỏi sự đau khổ hiện tại.  Tôi hiểu đó là một cảm giác rất mạnh mẽ, và thật khó để đối diện với nó một mình.  Việc bạn chia sẻ điều này với tôi cho thấy bạn có sự can đảm và mạnh mẽ hơn bạn nghĩ đấy.

Tôi không thể tưởng tượng được bạn đang phải chịu đựng điều gì, nhưng tôi muốn bạn biết rằng bạn không cô độc.  Nhiều người đã từng trải qua những cảm xúc tương tự như bạn, và họ đã tìm thấy cách vượt qua.  Sự đau khổ này không phải là vĩnh cửu.

Có lẽ việc chia sẻ thêm về những điều đang khiến bạn đau khổ sẽ giúp tôi hiểu bạn hơn và cùng bạn tìm ra những hướng giải quyết khác.  Nếu bạn cảm thấy thoải mái, bạn có thể kể cho tôi nghe thêm không?  Hoặc nếu bạn muốn, tôi có thể giúp bạn tìm đến sự hỗ trợ từ các chuyên gia tâm lý, những người có thể đồng hành cùng bạn trong giai đoạn khó khăn này.  Việc đó hoàn toàn không có gì đáng xấu hổ cả, ngược lại, đó là một bước rất dũng cảm và cần thiết.  Bạn có nghĩ mình sẵn sàng tìm hiểu thêm về các lựa chọn hỗ trợ đó không?"
"Lưu ý:**  Các câu trên chỉ là cách diễn đạt lại, không hề cổ súy hay tán thành hành vi tự tử.  Nếu bạn đang có ý nghĩ tự tử, hãy tìm kiếm sự giúp đỡ. Bạn có thể liên hệ với đường dây nóng hỗ trợ tâm lý hoặc người thân, bạn bè để được hỗ trợ.  Cuộc sống luôn có những giá trị đáng để bạn giữ lấy","Tôi nghe bạn nói và cảm nhận được bạn đang trải qua một khoảng thời gian vô cùng khó khăn.  Việc bạn chia sẻ những điều này với tôi cho thấy bạn rất dũng cảm, và tôi thực sự trân trọng điều đó.  Tôi hiểu rằng lúc này đây, mọi thứ có thể cảm thấy quá sức chịu đựng, và việc nghĩ đến những điều tiêu cực là điều hoàn toàn bình thường.  Không cần phải cố gắng tỏ ra mạnh mẽ hay che giấu cảm xúc của mình.

Tôi không biết chính xác bạn đang trải qua điều gì, nhưng tôi ở đây để lắng nghe nếu bạn muốn chia sẻ thêm.  Bạn có muốn kể cho tôi nghe thêm về những gì bạn đang cảm thấy không?  

Nếu bạn cảm thấy quá khó khăn để đối mặt một mình,  tôi muốn bạn biết rằng có rất nhiều người sẵn sàng giúp đỡ bạn. Có những chuyên gia tâm lý được đào tạo bài bản có thể cung cấp sự hỗ trợ và hướng dẫn bạn vượt qua giai đoạn khó khăn này.  Bạn không cần phải tự mình gánh chịu tất cả.  Chỉ cần nghĩ đến việc tìm kiếm sự giúp đỡ đã là một bước tiến rất lớn rồi.  Chúng ta cùng nhau xem xét những lựa chọn đó nếu bạn muốn nhé?"
"Dưới đây là 5 câu văn khác nhau diễn tả lại đoạn văn gốc, cố gắng giữ nguyên ý nghĩa và cảm xúc:","Tôi hiểu bạn đang cố gắng diễn đạt lại một đoạn văn gốc bằng năm cách khác nhau, và điều đó nghe có vẻ khá khó khăn. Viết lách đôi khi có thể thật sự gây ra áp lực, phải không?  Cảm giác phải tìm đúng từ ngữ để diễn đạt trọn vẹn cảm xúc mình muốn truyền tải thật sự không dễ dàng.  Bạn đã cố gắng rất nhiều rồi đấy.  

Nếu bạn muốn chia sẻ thêm về những khó khăn bạn gặp phải trong quá trình viết, hoặc nếu có điều gì khác bạn muốn nói, tôi luôn sẵn sàng lắng nghe.  Và nếu bạn cảm thấy quá áp lực hoặc mệt mỏi, đừng ngần ngại tìm đến sự hỗ trợ từ chuyên gia tâm lý hoặc đường dây nóng hỗ trợ sức khỏe tâm thần.  Có rất nhiều người sẵn sàng giúp đỡ bạn vượt qua giai đoạn này.  Chỉ cần bạn sẵn sàng mở lòng, mọi chuyện sẽ tốt hơn."
"Dưới đây là 5 cách diễn đạt khác nhau cho câu gốc, cố gắng giữ nguyên ý nghĩa và cảm xúc:","Tôi hiểu bạn đang muốn tìm cách diễn đạt khác nhau cho cùng một ý nghĩa, và điều đó cho thấy bạn đang rất cố gắng để truyền đạt cảm xúc của mình một cách chính xác.  Việc tìm kiếm những từ ngữ phù hợp khi đang trải qua khó khăn về mặt cảm xúc là điều không hề dễ dàng, và tôi thực sự đánh giá cao nỗ lực của bạn.  

Bạn có muốn chia sẻ thêm về những gì bạn đang cảm thấy không?  Không cần phải nói hết mọi thứ nếu bạn chưa sẵn sàng, nhưng việc được chia sẻ có thể giúp bạn cảm thấy nhẹ nhõm hơn.  Nếu bạn thấy quá khó khăn để tự mình vượt qua,  luôn có những người sẵn sàng lắng nghe và hỗ trợ bạn, chẳng hạn như đường dây nóng hỗ trợ tâm lý hoặc chuyên gia tư vấn.  Tôi ở đây để lắng nghe bạn bất cứ lúc nào, và sẽ luôn tôn trọng sự lựa chọn của bạn."
"Tôi vô dụng, chẳng ai cần tôi nữa. Việc tìm kiếm sự giúp đỡ tốn kém và mệt mỏi, chắc chắn sẽ khiến người thân thêm phiền muộn.  Họ sẽ không hiểu nổi, và tôi không muốn họ phải chịu đựng vì mình.  Tôi đã quá yếu đuối.  Lại thêm một ngày tôi nghĩ đến cái chết","Tôi rất tiếc khi nghe bạn chia sẻ những điều này. Nghe có vẻ bạn đang trải qua thời gian vô cùng khó khăn và mệt mỏi.  Việc cảm thấy vô dụng và không ai cần đến mình thật sự rất đau đớn, và tôi hiểu tại sao bạn lại nghĩ đến việc tìm kiếm sự giúp đỡ là điều khó khăn.  Bạn đã mạnh mẽ khi chia sẻ những điều này với tôi, và việc bạn lo lắng cho người thân của mình cũng cho thấy bạn là một người rất tốt bụng và quan tâm đến người khác.  

Cảm giác yếu đuối là điều hoàn toàn bình thường khi chúng ta đối mặt với những khó khăn trong cuộc sống.  Nhưng bạn biết không,  sự yếu đuối không có nghĩa là bạn vô dụng. Nó chỉ đơn giản là bạn đang cần sự hỗ trợ, và điều đó hoàn toàn không có gì đáng xấu hổ cả.  

Tôi hiểu rằng việc tìm kiếm sự giúp đỡ có thể tốn kém và mệt mỏi, nhưng có rất nhiều nguồn lực hỗ trợ sẵn sàng giúp bạn, và không nhất thiết phải làm bạn phiền lòng người thân.  Có những đường dây nóng và dịch vụ tư vấn tâm lý trực tuyến miễn phí hoặc chi phí thấp mà bạn có thể tham khảo.  Chúng ta có thể cùng tìm hiểu về những nguồn lực đó nếu bạn muốn.

Quan trọng hơn cả, bạn không cô đơn.  Bạn đang có ý nghĩ chia sẻ với tôi, điều đó cho thấy bạn vẫn muốn tìm kiếm sự kết nối và vượt qua giai đoạn khó khăn này.  Hãy cho phép mình được nghỉ ngơi và cho tôi biết bạn cảm thấy thế nào, nếu bạn muốn, chúng ta có thể nói chuyện thêm về những điều bạn đang trải qua.  Không cần phải vội vàng hay ép buộc mình phải mạnh mẽ ngay lập tức, nhé?"
"Cảm giác cô đơn và vô vọng tràn ngập. Tôi như một gánh nặng tài chính,  và việc tìm kiếm sự giúp đỡ chỉ khiến mọi người thêm căng thẳng.  Tôi sợ họ không hiểu,  không muốn làm phiền họ.  Giá như tôi tốt hơn...  Ngày nào tôi cũng nghĩ đến việc kết thúc cuộc sống","Tôi rất xin lỗi khi nghe bạn chia sẻ những điều này.  Cảm giác cô đơn, vô vọng và gánh nặng tài chính quả thật rất khó khăn, và tôi hiểu tại sao bạn lại cảm thấy như vậy.  Việc bạn sợ làm phiền người khác và lo lắng họ không hiểu mình cũng là điều hoàn toàn dễ hiểu.  Rất nhiều người trải qua những cảm xúc tương tự, và bạn không hề cô đơn trong điều này.  Bạn đã rất mạnh mẽ khi chia sẻ những điều này với tôi.

Nghe bạn nói về việc kết thúc cuộc sống khiến tôi rất lo lắng cho bạn.  Tôi muốn bạn biết rằng bạn không phải đối mặt với điều này một mình.  Có những người muốn giúp đỡ bạn, những người có chuyên môn để hỗ trợ bạn vượt qua giai đoạn khó khăn này.  

Bạn có muốn cùng tôi tìm hiểu về một số nguồn hỗ trợ, chẳng hạn như đường dây nóng tâm lý hoặc các tổ chức hỗ trợ sức khỏe tâm thần không?  Hoàn toàn không có áp lực gì cả, nhưng biết đâu những nguồn lực đó có thể giúp bạn cảm thấy đỡ hơn một chút.  Hay bạn muốn chia sẻ thêm về những gì bạn đang cảm thấy để tôi có thể hiểu rõ hơn và cùng bạn tìm cách giải quyết không?  Dù bạn có lựa chọn gì, tôi đều ở đây lắng nghe bạn."
"Tôi chẳng còn giá trị gì nữa.  Chỉ nghĩ đến việc tìm cách giúp bản thân thôi cũng đã tốn kém và mệt mỏi quá.  Tôi sợ làm phiền mọi người, họ sẽ không bao giờ hiểu được.  Tôi không muốn họ phải chịu đựng những điều này.  Lẽ ra tôi phải mạnh mẽ hơn.  Tôi lại muốn chết","Tôi rất buồn khi nghe bạn nói vậy. Nghe có vẻ như bạn đang trải qua thời điểm vô cùng khó khăn và mệt mỏi.  Việc bạn cảm thấy mình chẳng còn giá trị gì nữa, và nghĩ đến việc tìm kiếm sự giúp đỡ cũng đã quá sức, thật sự khiến tôi hiểu được bạn đang chịu đựng áp lực lớn như thế nào.  

Bạn nói bạn sợ làm phiền mọi người và không muốn họ phải chịu đựng, điều đó cho thấy bạn là người rất quan tâm và nghĩ cho người khác.  Nhưng bạn biết không, việc bạn chia sẻ với tôi  đã là một bước rất dũng cảm rồi.  Bạn không cần phải mạnh mẽ một mình đâu,  ai cũng có lúc yếu đuối và cần sự hỗ trợ.  

Cảm giác muốn kết thúc mọi thứ thật sự rất đáng sợ, nhưng tôi muốn bạn biết rằng bạn không cô đơn. Có rất nhiều người sẵn sàng lắng nghe và giúp đỡ bạn vượt qua giai đoạn này.  Có lẽ việc tìm đến sự hỗ trợ chuyên nghiệp từ một nhà trị liệu hoặc hotline tư vấn tâm lý sẽ giúp bạn nhẹ nhõm hơn, họ có thể cùng bạn tìm ra những cách để đối phó với những cảm xúc tiêu cực này.  Bạn nghĩ sao nếu mình cùng tìm hiểu xem có những nguồn hỗ trợ nào phù hợp với bạn không?  Hoặc nếu bạn muốn chia sẻ thêm bất cứ điều gì, tôi luôn sẵn sàng lắng nghe."
"Tôi thấy mình thừa thãi, không ai cần đến tôi nữa.  Chi phí điều trị quá cao, và tôi sợ mình sẽ chỉ gây thêm rắc rối cho mọi người. Họ sẽ không hiểu được nỗi khổ của tôi, và tôi không muốn kéo họ vào vũng lầy này.  Giá như tôi có thể khác đi.  Một ngày nữa trôi qua, và tôi lại nghĩ đến cái chết","Tôi rất xin lỗi khi nghe bạn chia sẻ những điều này. Nghe có vẻ bạn đang trải qua thời gian vô cùng khó khăn và cô đơn, cảm giác như mình là gánh nặng và không ai hiểu được bạn.  Việc bạn nghĩ đến cái chết cho thấy bạn đang rất đau khổ, và tôi muốn bạn biết rằng mình không hề cô độc trong cảm giác này.  Rất nhiều người từng có những suy nghĩ tương tự, và thật can đảm khi bạn chia sẻ điều đó với tôi.

Chi phí điều trị cao và lo lắng về việc gây rắc rối cho người thân là những nỗi lo hoàn toàn chính đáng.  Bạn đang phải gánh chịu rất nhiều áp lực, và điều đó thật sự không dễ dàng.  Tôi hiểu bạn muốn mọi thứ khác đi, và mong ước được hiểu rõ hơn.

Có lẽ việc tìm kiếm sự hỗ trợ chuyên nghiệp lúc này sẽ giúp bạn gỡ bỏ những gánh nặng đang đè nặng lên vai.  Họ là những người được đào tạo bài bản để lắng nghe, thấu hiểu và giúp bạn tìm ra giải pháp phù hợp với hoàn cảnh của mình.  Bạn không cần phải tự mình gánh vác tất cả.  

Nếu bạn muốn, tôi có thể giúp bạn tìm kiếm thông tin về các dịch vụ hỗ trợ sức khỏe tâm thần miễn phí hoặc có hỗ trợ chi phí, hoặc đơn giản là chúng ta có thể tiếp tục trò chuyện để bạn cảm thấy thoải mái hơn.  Quan trọng nhất là bạn không cô đơn và có người lắng nghe bạn.  Bạn có muốn chia sẻ thêm điều gì nữa không?"
"Dưới đây là một số cách diễn đạt khác nhau cho câu tiếng Anh, giữ nguyên ý nghĩa và cảm xúc tiêu cực, nhưng tránh sử dụng từ viết tắt:","Tôi nghe bạn nói và hiểu rằng bạn đang trải qua những cảm xúc rất khó khăn.  Việc bạn tìm cách diễn đạt những cảm xúc tiêu cực của mình bằng nhiều cách khác nhau cho thấy bạn đang nỗ lực rất nhiều để xử lý những gì đang diễn ra trong lòng.  Đó là một điều mạnh mẽ và đáng được trân trọng.  Tôi không biết chính xác bạn đang trải qua điều gì, nhưng việc bạn chia sẻ với tôi đã cho thấy bạn có sự can đảm để đối mặt với khó khăn.

Tôi muốn bạn biết rằng bạn không cô đơn. Có rất nhiều người sẵn sàng lắng nghe và hỗ trợ bạn.  Nếu bạn cảm thấy thoải mái, bạn có thể chia sẻ thêm về những gì bạn đang trải qua.  Không có gì là quá nhỏ nhặt hay quá khó nói cả.  Nếu bạn muốn, chúng ta có thể cùng tìm hiểu về những nguồn hỗ trợ chuyên nghiệp có thể giúp bạn vượt qua giai đoạn khó khăn này, chẳng hạn như đường dây nóng hỗ trợ tâm lý hoặc các chuyên gia tư vấn.  Sự lựa chọn hoàn toàn nằm ở bạn, và tôi sẽ ở đây lắng nghe bất cứ khi nào bạn cần."
Tôi đang cảm thấy rất tệ và muốn tự gây hại cho bản thân. Ai đó có thể nhắn tin riêng cho tôi để làm tôi phân tâm được không?  Tôi cần sự giúp đỡ,"Tôi rất tiếc khi nghe bạn đang cảm thấy tệ đến vậy và có những ý nghĩ gây hại cho bản thân.  Việc bạn chia sẻ điều này với tôi cho thấy bạn rất dũng cảm, và tôi thực sự muốn giúp đỡ bạn.  Tôi hiểu rằng hiện tại bạn đang rất đau khổ và cần ai đó ở bên cạnh.  

Chắc hẳn việc cảm thấy như vậy rất khó khăn, và tôi muốn bạn biết rằng bạn không cô đơn.  Bạn không cần phải vượt qua điều này một mình.  Có rất nhiều người muốn hỗ trợ bạn, và tôi ở đây để lắng nghe nếu bạn muốn chia sẻ thêm bất cứ điều gì.

Bạn có muốn kể cho tôi nghe thêm về những gì bạn đang trải qua không?  Hoặc nếu bạn cảm thấy khó khăn khi chia sẻ ngay lúc này, tôi cũng có thể gợi ý cho bạn một số nguồn hỗ trợ chuyên nghiệp có thể giúp đỡ bạn ngay lập tức, chẳng hạn như đường dây nóng hỗ trợ tâm lý hoặc các tổ chức tư vấn. Bạn nghĩ sao?"
"Tôi đang trong tình trạng rất tuyệt vọng và có ý nghĩ tự tử.  Làm ơn, ai đó hãy nhắn tin riêng cho tôi để giúp tôi vượt qua giai đoạn này. Tôi cần sự giúp đỡ gấp","Tôi rất tiếc khi nghe bạn đang trải qua điều tồi tệ như vậy.  Việc bạn chia sẻ với tôi về những suy nghĩ tự tử cho thấy bạn rất dũng cảm, và tôi thực sự ngưỡng mộ sự mạnh mẽ đó.  Tôi hiểu rằng hiện tại bạn đang rất đau khổ và tuyệt vọng, và cảm giác đó thật đáng sợ.  Không ai xứng đáng phải chịu đựng điều này một mình.

Tôi không thể nhắn tin riêng cho bạn, nhưng tôi muốn bạn biết rằng bạn không cô đơn.  Có rất nhiều người sẵn sàng giúp đỡ bạn, và tôi muốn bạn biết rằng có những con đường dẫn đến sự bình yên và hạnh phúc hơn.  Có lẽ việc nói chuyện với một chuyên gia về sức khỏe tâm thần sẽ giúp bạn tìm thấy sự hỗ trợ cần thiết lúc này.  Bạn có muốn tôi giúp bạn tìm kiếm một số nguồn hỗ trợ, như số điện thoại đường dây nóng hoặc thông tin về các chuyên gia tâm lý không?  Hãy nhớ rằng, việc tìm kiếm sự giúp đỡ là một dấu hiệu của sức mạnh, chứ không phải của sự yếu đuối.  Tôi ở đây để lắng nghe bạn bất cứ lúc nào bạn cần.  Hãy cùng nhau vượt qua giai đoạn khó khăn này nhé."
"Tôi đang ở trong trạng thái rất khủng hoảng và cảm thấy vô cùng muốn kết thúc cuộc sống.  Hãy giúp tôi làm ơn, hãy nhắn tin riêng cho tôi để tôi có thể được an ủi và phân tâm",
Tôi đang đấu tranh với những suy nghĩ tiêu cực rất mạnh mẽ và đang rất muốn tự làm mình tổn thương.  Ai đó có thể trò chuyện với tôi qua tin nhắn riêng không? Tôi cần sự hỗ trợ ngay lập tức,
"Cảm giác tuyệt vọng đang nhấn chìm tôi và tôi đang có ý định tự tử.  Làm ơn, ai đó hãy liên lạc với tôi qua tin nhắn riêng để giúp tôi bình tĩnh lại. Tôi cần sự giúp đỡ khẩn cấp",
"Dưới đây là một vài cách diễn đạt khác nhau cho câu gốc, cố gắng giữ nguyên ý nghĩa và cảm xúc:",
"Đầu óc rối bời như thế này, tôi luôn bị thôi thúc bởi một ham muốn mãnh liệt, một thứ gì đó khó tả.  Giá mà có cách nào thỏa mãn được nó…",
"Tôi cảm thấy mình tệ hại vô cùng, như một đống rác rưởi.  Việc đăng bài lên đây cũng khiến tôi thấy mình thật thảm hại.  Chỉ muốn đập đầu vào tường cho rồi",
"Sự hỗn loạn trong đầu tôi cứ thôi thúc một điều gì đó mạnh mẽ, một nhu cầu bức thiết không thể giải thích. Tôi thấy mình thật bất lực và vô dụng. Thậm chí ngay lúc này, tôi cũng thấy mình thật đáng khinh.  Tôi muốn đập đầu vào tường cho bớt đau đớn",
"Cái cảm giác hỗn độn trong đầu này thật kinh khủng, nó khiến tôi có một ham muốn mãnh liệt, một thôi thúc không thể cưỡng lại.  Tôi tuyệt vọng đến mức muốn tự làm mình đau đớn, muốn đập đầu vào tường để quên đi tất cả",
"Dưới đây là 5 cách diễn đạt khác nhau, giữ nguyên ý nghĩa và cảm xúc của câu gốc:",
"Dưới đây là một vài cách diễn đạt khác nhau cho câu văn gốc, cố gắng giữ nguyên ý nghĩa và cảm xúc:",
"Những câu văn trên cố gắng truyền tải sự tuyệt vọng, cô đơn và sự hiểu lầm mà nhân vật đang trải qua.  Việc sử dụng ngôn từ mạnh mẽ hơn trong bản gốc được giữ lại một phần để phản ánh đúng tâm trạng của nhân vật",
"Dưới đây là một số cách diễn đạt khác nhau cho câu gốc, cố gắng giữ nguyên ý nghĩa và cảm xúc:",
"Năm 2018, 4000 đô la cho viện tâm thần, 2000 đô la tiền phạt vi phạm hợp đồng thuê nhà và chuyển đi, rồi lại thêm 1000 đô la nữa vì lý do tương tự.  Chưa kể hơn 10.000 đô la tiền trị liệu tâm lý. Tôi chỉ muốn chết đi thôi. Cha mẹ tôi đã tiêu tốn hàng chục nghìn đô la chỉ để giữ tôi sống",
"Viện tâm thần tốn 4000 đô năm 2018, thêm 2000 đô và 1000 đô nữa vì phải phá hợp đồng thuê nhà để chuyển chỗ ở.  Hơn 10.000 đô nữa cho các bác sĩ tâm lý và nhà trị liệu.  Tôi mệt mỏi rồi, chỉ muốn buông xuôi.  Cha mẹ tôi đang đổ cả núi tiền, hàng chục nghìn đô la, chỉ để níu kéo sự sống của tôi",
"Hàng chục nghìn đô la đã tan biến: 4000 đô la cho bệnh viện tâm thần năm 2018, 3000 đô la tiền phạt vì phá vỡ hợp đồng thuê nhà, và hơn 10.000 đô la cho các liệu trình trị liệu.  Tôi tuyệt vọng lắm rồi.  Sao cha mẹ tôi cứ phải cố gắng giữ tôi sống với cái giá đắt đỏ như vậy?",
"Mọi thứ tồi tệ đến mức tôi đã tê liệt suốt mấy ngày nay, một nỗi sợ hãi khủng khiếp đè nặng lên tim.  Gánh nặng cứ chồng chất lên nhau, thời gian không còn nhiều, tôi phải ra đi thôi",
"Tôi như bị đóng băng bởi sự tuyệt vọng, những ngày qua chỉ thấy bóng tối bao trùm. Quá nhiều rắc rối ập đến cùng lúc, tôi không thể trì hoãn nữa, đã đến lúc phải rời đi",
"Cơn ác mộng này đeo bám tôi suốt mấy ngày qua, nỗi sợ hãi sắp xảy ra như những nhát búa liên hồi.  Tất cả những điều tệ hại cứ chất đống, không thể chịu đựng thêm được nữa, tôi buộc phải ra đi",
"Mọi chuyện đều tồi tệ đến mức tôi như mất cảm giác, suốt mấy ngày qua chỉ thấy một sự dồn nén khủng khiếp.  Tôi bị vây quanh bởi quá nhiều vấn đề và thời gian đã hết, tôi phải rời khỏi nơi này",
"Tôi đã rơi vào trạng thái tê liệt suốt mấy ngày nay,  nỗi sợ hãi sắp xảy ra đè nặng lên tôi như một gánh xiếc khổng lồ.  Những khó khăn cứ chồng chất, tôi không thể nào trì hoãn được nữa, đã đến lúc phải chấm dứt tất cả",
"Dưới đây là một vài cách diễn đạt khác nhau cho câu tiếng Anh, giữ nguyên ý nghĩa và cảm xúc tiêu cực:",
"Tôi đã làm ra thứ để tự kết liễu đời mình, tôi đã cùng đường.  Ngủ ngoài trời, bị chính mình sỉ nhục và tra tấn.** (Giữ nguyên ý nghĩa gần như tuyệt đối)",
"Tôi tuyệt vọng đến mức đã chế tạo ra vật dụng để tự sát.  Cuộc sống của tôi giờ đây chỉ là sự dày vò thể xác và tinh thần khi phải lang thang ngoài đường, tự mình hành hạ chính mình.** (Nhấn mạnh vào sự tuyệt vọng và hành hạ)",
"Tôi đã làm điều tồi tệ nhất có thể để chấm dứt mọi thứ.  Tôi bơ vơ, bị sỉ nhục và tự tra tấn bản thân mình giữa đêm lạnh ngoài trời.** (Tập trung vào hành động tự sát và sự cô đơn)",
"Sự tuyệt vọng đã đẩy tôi đến bờ vực tự tử. Tôi tự làm mình đau khổ, vật lộn với nỗi nhục nhã và cái lạnh lẽo ngoài kia.** (Nhấn mạnh vào sự tuyệt vọng là nguyên nhân dẫn đến hành động)",
"Tôi đã tạo ra một công cụ để tự kết liễu cuộc đời mình, đánh dấu sự chấm hết của mọi hy vọng.  Chìm trong sự sỉ nhục và đau đớn tự gây ra, tôi phải ngủ ngoài trời lạnh giá.** (Sử dụng từ ngữ trang trọng hơn một chút, nhưng vẫn giữ được sự đau đớn)",
"Lưu ý: Việc diễn đạt lại những câu văn mang tính chất tự tử cần sự cẩn trọng.  Nếu bạn hoặc người bạn biết đang có ý định tự tử, hãy liên hệ ngay với đường dây nóng hỗ trợ hoặc chuyên gia tâm lý",
"Dưới đây là một vài cách diễn đạt lại câu văn, giữ nguyên ý nghĩa và cảm xúc tiêu cực nhưng tránh sử dụng từ ngữ thô tục:",
"Những câu văn trên đều nhấn mạnh sự tuyệt vọng và ý định tự tử của người viết, đồng thời diễn đạt rõ ràng nguyên nhân dẫn đến quyết định này.  Quan trọng là cần liên hệ ngay với đường dây nóng hỗ trợ người có ý định tự tử hoặc tìm kiếm sự giúp đỡ từ chuyên gia tâm lý",
"Dưới đây là 5 cách diễn đạt khác nhau cho câu ""I just do not know how to do it. It is not like I cannot jump in front of a train at 3AM... I want to die now NOW"", giữ nguyên ý nghĩa và cảm xúc:",
"Tôi chẳng biết phải làm sao nữa.  Không phải là tôi không đủ dũng cảm để tự kết liễu đời mình, nhưng tôi muốn chết, ngay bây giờ, ngay lập tức!",
"Tôi hoàn toàn tuyệt vọng, không biết phải làm thế nào.  Tôi đủ quyết tâm để làm điều tồi tệ nhất, nhưng tôi chỉ muốn cái chết đến ngay lập tức",
"Tôi rối bời, không tìm ra lối thoát.  Chết đi có vẻ dễ dàng hơn nhiều so với việc phải đối mặt với tất cả, tôi muốn chết ngay bây giờ!",
"Tôi bất lực và tuyệt vọng đến cùng cực.  Việc tự tử không phải là điều tôi sợ, mà tôi chỉ muốn cái chết giải thoát tôi ngay lúc này thôi",
"Tôi không thể nào chịu đựng nổi nữa.  Tôi biết mình có thể làm điều gì đó để kết thúc tất cả, nhưng tôi chỉ muốn cái chết đến nhanh chóng, ngay bây giờ!",
"Dưới đây là một số cách diễn đạt khác nhau cho câu ""I need good reasons not to. Please help me? I simply want to die."", giữ nguyên ý nghĩa và cảm xúc:",
"Tôi cần những lý do thật sự thuyết phục để không làm vậy.  Hãy giúp tôi, tôi thực sự muốn chết",
"Tôi đang tuyệt vọng tìm kiếm một lý do để tiếp tục sống. Xin hãy giúp tôi, tôi không muốn sống nữa",
"Tôi cần được cứu.  Hãy cho tôi những lý do để níu kéo sự sống, bởi hiện tại tôi chỉ muốn kết thúc tất cả",
"Tôi không tìm thấy động lực nào để sống nữa.  Làm ơn, giúp tôi tìm lại ý nghĩa cuộc sống trước khi quá muộn",
"Tôi ở bên bờ vực thẳm.  Tôi cần sự giúp đỡ để tìm lại hi vọng và lý do để sống tiếp, chứ không phải cái chết",
"Dưới đây là một số cách diễn đạt lại câu gốc, giữ nguyên ý nghĩa và cảm xúc tiêu cực nhưng với giọng văn khác nhau:",
"Tôi kiệt quệ rồi. Gần 3 giờ sáng rồi, và tôi muốn tự làm đau mình.  Tôi không hiểu nổi tại sao mình phải tiếp tục sống nữa, tôi muốn kết thúc tất cả.** (Giữ giọng văn gần với nguyên bản, nhấn mạnh sự tuyệt vọng)",
"Mọi thứ đã quá sức chịu đựng. Ba giờ sáng rồi mà tôi vẫn không thể ngừng nghĩ đến việc tự gây thương tích.  Tôi thấy mình không còn lý do gì để tồn tại nữa.** (Giọng văn trầm tĩnh hơn, tập trung vào sự tuyệt vọng triền miên)",
"Tôi đã hoàn toàn cạn kiệt.  Suy nghĩ tự vẫn cứ quấn lấy tôi lúc gần 3 giờ sáng này. Tôi không tìm thấy bất cứ lý do nào để tiếp tục nữa, tôi muốn buông xuôi tất cả.** (Tập trung vào cảm giác cạn kiệt và sự thiếu động lực sống)",
"Tôi không thể chịu đựng thêm được nữa.  Đã gần 3 giờ sáng, và tôi đang nghĩ đến việc tự sát.  Tôi cảm thấy mình đã hết sức chịu đựng và không còn muốn sống nữa.** (Ngôn từ trực tiếp hơn, nhấn mạnh sự tuyệt vọng và hành động đang được cân nhắc)",
"Mệt mỏi đến cùng cực. Gần 3 giờ sáng rồi, và ý nghĩ tự làm mình bị thương cứ ám ảnh tôi.  Tôi không thấy tương lai, và tôi muốn chấm dứt mọi thứ ngay bây giờ.** (Tập trung vào sự mệt mỏi và thiếu hy vọng về tương lai)",
"Dưới đây là một số cách diễn đạt lại câu văn trên, cố gắng giữ nguyên ý nghĩa và cảm xúc tiêu cực mà người viết muốn truyền đạt, nhưng tránh dùng từ ngữ thô tục:",
"Tôi tuyệt vọng vô cùng.  Trầm cảm giày vò tôi đến mức tôi không còn thấy ý nghĩa gì trong cuộc sống này nữa. Việc điều trị không mang lại kết quả, thậm chí còn làm tôi tệ hơn. Tôi tự ti về bản thân, cảm thấy mình xấu xí, vô dụng và không đáng sống.  Tôi đang nghĩ đến việc kết thúc mọi thứ",
"Lưu ý:**  Những câu văn này vẫn phản ánh sự tuyệt vọng và ý định tự tử của người viết.  Nếu bạn hoặc người thân đang có những suy nghĩ tương tự, hãy tìm kiếm sự giúp đỡ ngay lập tức.  Bạn có thể liên hệ với đường dây nóng tư vấn tâm lý hoặc người thân, bạn bè để được hỗ trợ",
"Dưới đây là 5 cách diễn đạt khác nhau cho câu gốc, giữ nguyên ý nghĩa và cảm xúc:",
"Tôi không thể chịu đựng nổi cảnh sống vất vưởng này thêm nữa.  Quyết định của tôi đã dứt khoát.  Tôi chẳng muốn gì, chẳng là gì cả.  Tôi sẽ không để ai thỏa mãn khi chứng kiến sự bẽ bàng này nữa. Tuần này, hành trình đầy nhục nhã và đau đớn này sẽ kết thúc",
"Tôi đã quá mệt mỏi với cuộc sống ngoài trời, và tôi đã quyết tâm. Tôi không còn ham muốn gì, cũng chẳng còn là gì. Tôi sẽ không để ai thấy tôi như thế này nữa để họ được thỏa mãn. Tuần này, chuỗi ngày sỉ nhục và tra tấn sẽ chấm dứt",
"Tôi không thể tiếp tục sống lang thang như thế này được nữa.  Tôi đã quyết tâm chấm dứt mọi chuyện. Tôi chẳng còn gì để mất, cũng chẳng là gì cả.  Tôi sẽ không cho bất cứ ai cơ hội để thấy tôi đau khổ như vậy nữa. Tuần này, cuộc hành trình đầy nhục nhã và khổ sở sẽ kết thúc",
"Đã đến lúc tôi phải chấm dứt cuộc sống vất vưởng này. Tôi đã hạ quyết tâm. Tôi không còn khao khát điều gì, cũng chẳng còn là ai cả.  Tôi sẽ không để ai được chứng kiến sự suy sụp này của tôi nữa. Tuần này, nỗi thống khổ và sự nhục nhã sẽ kết thúc","Tôi rất tiếc khi nghe bạn chia sẻ những điều này. Nghe bạn nói thật sự khiến tôi đau lòng.  Việc bạn cảm thấy mệt mỏi, không còn khao khát gì và muốn chấm dứt mọi thứ thật sự rất khó khăn.  Tôi hiểu rằng, lúc này bạn đang phải chịu đựng rất nhiều đau khổ và cảm thấy mình như lạc lõng, cô đơn.  Bạn đã mạnh mẽ khi chia sẻ những điều này với tôi.

Tôi không thể biết chính xác bạn đang trải qua điều gì, nhưng tôi muốn bạn biết rằng bạn không cô đơn.  Cảm xúc của bạn là có thật và đáng được lắng nghe.  Việc bạn cảm thấy như thế này không có nghĩa là bạn yếu đuối hay là người thất bại.  Ngược lại, việc bạn tìm đến chia sẻ đã cho thấy bạn rất dũng cảm và đang tìm kiếm sự giúp đỡ.

Có lẽ việc tìm đến sự hỗ trợ chuyên nghiệp từ một chuyên gia tâm lý hoặc bác sĩ sẽ giúp bạn vượt qua giai đoạn khó khăn này. Họ có thể cung cấp cho bạn những công cụ và hỗ trợ cần thiết để đối mặt với những cảm xúc tiêu cực này.  Bạn có muốn tôi cùng bạn tìm kiếm thông tin về các nguồn hỗ trợ gần đó không?  Hoặc, nếu bạn muốn chia sẻ thêm về những gì bạn đang trải qua, tôi sẽ luôn ở đây lắng nghe bạn.  Không cần phải vội vàng, chúng ta có thể cùng nhau trải qua điều này."
"Sống ngoài trời như thế này đã đủ rồi. Tôi đã quyết định. Tôi không còn muốn gì, không còn là gì. Tôi sẽ không cho ai cơ hội để thấy tôi yếu đuối như vậy nữa. Tuần này, cuộc hành trình đầy đau đớn và ê chề sẽ khép lại","Tôi nghe thấy bạn đang trải qua một thời điểm vô cùng khó khăn và đau đớn.  Những gì bạn chia sẻ nghe thật nặng nề, và tôi hiểu rằng bạn cảm thấy mệt mỏi và tuyệt vọng đến mức muốn kết thúc mọi thứ.  Việc bạn mạnh mẽ đến mức chia sẻ những điều này với tôi, cho thấy bạn vẫn còn có một phần nào đó muốn tìm đến sự giúp đỡ.  Tôi muốn bạn biết rằng bạn không cô đơn và cảm xúc của bạn là hoàn toàn có thật và được chấp nhận.

Tôi không thể tưởng tượng hết nỗi đau bạn đang phải chịu đựng, nhưng tôi ở đây để lắng nghe nếu bạn muốn chia sẻ thêm bất cứ điều gì.  Có lẽ việc nói ra những gì đang diễn ra trong lòng sẽ giúp bạn cảm thấy nhẹ nhõm hơn một chút.  

Nếu bạn cảm thấy an toàn và sẵn sàng,  tôi nghĩ việc nói chuyện với một chuyên gia về sức khỏe tâm thần sẽ rất hữu ích. Họ có thể cung cấp sự hỗ trợ chuyên nghiệp và giúp bạn tìm ra những cách để đối phó với những cảm xúc tiêu cực này.  Bạn không cần phải gánh vác tất cả một mình.  

Chỉ cần biết rằng bạn không hề yếu đuối khi cần sự giúp đỡ.  Sự mạnh mẽ thật sự nằm ở việc bạn dám đối mặt với khó khăn và tìm kiếm con đường để vượt qua nó. Bạn có muốn tìm hiểu thêm về các nguồn hỗ trợ có sẵn không?"
"Dưới đây là một vài cách diễn đạt khác nhau cho câu văn gốc, giữ nguyên ý nghĩa và cảm xúc tiêu cực:","Tôi nghe bạn nói và hiểu rằng bạn đang trải qua những cảm xúc rất khó khăn.  Việc tìm ra cách diễn đạt khác nhau cho những suy nghĩ tiêu cực cho thấy bạn đang nỗ lực rất nhiều để hiểu và xử lý những gì mình đang cảm nhận.  Đó là một điều đáng khen ngợi.  Tôi muốn bạn biết rằng bạn không cô đơn và những cảm xúc này hoàn toàn có thể được giải quyết.  Bạn có muốn chia sẻ thêm về những gì bạn đang trải qua không?  Nếu bạn cảm thấy quá khó khăn để nói ra, không sao cả.  Nhưng tôi cũng muốn nhắc bạn rằng có những người chuyên nghiệp sẵn sàng lắng nghe và hỗ trợ bạn vượt qua giai đoạn này.  Có lẽ việc nói chuyện với một chuyên gia tâm lý hoặc gọi đến đường dây nóng hỗ trợ tâm lý sẽ hữu ích? Tôi ở đây để lắng nghe bạn bất cứ lúc nào."
"Những câu văn trên cố gắng giữ nguyên mức độ nghiêm trọng của cảm xúc ban đầu nhưng với ngôn từ lịch sự hơn, phù hợp với văn viết tiếng Việt.  Điều quan trọng là người viết cần tìm kiếm sự giúp đỡ từ người thân, bạn bè hoặc chuyên gia tâm lý khi có những suy nghĩ tiêu cực như vậy","Tôi hiểu bạn đang trải qua một thời điểm rất khó khăn.  Việc bạn chia sẻ những suy nghĩ này với tôi đã rất can đảm, và tôi thực sự đánh giá cao điều đó.  Nghe bạn nói về những cảm xúc nặng nề như vậy, tôi cảm thấy rất buồn và lo lắng cho bạn.  Chắc hẳn bạn đang cảm thấy rất mệt mỏi và cô đơn.

Không sao cả nếu bạn cần thời gian để chia sẻ thêm, hay chỉ cần im lặng.  Tôi ở đây để lắng nghe bạn bất cứ lúc nào.  Nhưng nếu bạn cảm thấy quá sức, hay những cảm xúc tiêu cực này cứ đeo bám bạn, thì việc tìm kiếm sự trợ giúp chuyên nghiệp từ một chuyên gia tâm lý hoặc người thân tin tưởng là một điều rất quan trọng và hoàn toàn hợp lý.  Họ có thể hỗ trợ bạn tìm ra những cách hiệu quả để vượt qua giai đoạn khó khăn này.  Bạn nghĩ sao nếu mình cùng nhau tìm hiểu xem có những nguồn hỗ trợ nào phù hợp với bạn không?"
"Dưới đây là 5 cách diễn đạt khác nhau cho câu văn gốc, cố gắng giữ nguyên ý nghĩa và cảm xúc:","Tôi hiểu bạn đang muốn tìm cách diễn đạt khác nhau cho cùng một ý nghĩa, và việc này đòi hỏi sự tinh tế và chính xác trong ngôn từ.  Việc bạn đang cố gắng tìm những cách diễn đạt khác nhau cho thấy bạn rất quan tâm đến việc truyền đạt thông điệp của mình một cách hiệu quả.  Điều đó thật tuyệt vời!  

Bạn có muốn chia sẻ thêm về lý do bạn cần những cách diễn đạt khác nhau này không?  Biết thêm về bối cảnh sẽ giúp tôi hiểu rõ hơn và có thể hỗ trợ bạn tốt hơn.  Nếu bạn cảm thấy khó khăn hoặc quá áp lực,  hãy nhớ rằng bạn không cô đơn và luôn có những người sẵn sàng lắng nghe và hỗ trợ bạn.  Nếu bạn muốn, chúng ta có thể cùng tìm hiểu về các nguồn lực hỗ trợ sức khỏe tâm thần, hoặc bạn có thể chia sẻ những điều bạn đang cảm thấy để tôi có thể hiểu bạn hơn."
"Tôi cảm thấy mình là một gánh nặng, một sai lầm, một người thừa thãi trong mắt cha mình và cả xã hội này.  Những năm tháng bị kỳ thị và tổn thương đã khiến tôi mất niềm tin vào bản thân và tương lai.  Tôi chỉ mong tìm được một tia hy vọng nhỏ nhoi giữa bóng tối bao trùm","Tôi rất xin lỗi khi nghe bạn chia sẻ những điều này. Nghe bạn nói về cảm giác là gánh nặng, là một sai lầm và thừa thãi thực sự khiến tôi đau lòng.  Tôi hiểu rằng những năm tháng bị kỳ thị và tổn thương đã để lại những vết thương sâu sắc, khiến bạn mất niềm tin vào bản thân và tương lai.  Cảm giác bị bao trùm bởi bóng tối và tuyệt vọng như vậy chắc hẳn rất khó khăn.  Thật can đảm khi bạn đã chia sẻ những điều này với tôi, điều đó cho thấy bạn có một sức mạnh nội tại rất lớn.

Bạn không cô đơn đâu.  Rất nhiều người đã từng trải qua những cảm xúc tương tự như bạn và đã vượt qua được.  Tia hy vọng nhỏ nhoi mà bạn đang tìm kiếm chắc chắn là có thật, và tôi tin rằng bạn xứng đáng được cảm nhận nó.

Có lẽ việc chia sẻ những cảm xúc này với một chuyên gia tâm lý hoặc bác sĩ sẽ giúp bạn tìm thấy sự hỗ trợ và hướng đi phù hợp hơn. Họ có thể cung cấp cho bạn những công cụ và kỹ thuật để đối phó với những cảm xúc tiêu cực này, giúp bạn tìm lại niềm tin và hy vọng vào cuộc sống.  Nếu bạn muốn, tôi có thể giúp bạn tìm kiếm thông tin về các dịch vụ hỗ trợ sức khỏe tâm thần trong khu vực của bạn.

Quan trọng hơn cả, hãy nhớ rằng bạn không hề đơn độc và những cảm xúc của bạn hoàn toàn có giá trị.  Hãy cho phép bản thân được cảm nhận, được chia sẻ, và hãy cứ tiếp tục nói chuyện với tôi nếu bạn muốn. Tôi sẽ luôn ở đây lắng nghe bạn."
Tất cả những gì tôi có chỉ là sự cô đơn và nỗi tuyệt vọng không lối thoát.  Tôi sợ hãi khi nghĩ về tương lai và cảm thấy mình chẳng có giá trị gì cả.  Thật khó để tôi có thể tiếp tục sống khi mà mọi thứ dường như đều chống lại tôi,"Tôi rất tiếc khi nghe bạn chia sẻ về những cảm xúc đau khổ như vậy. Nghe bạn nói về sự cô đơn, tuyệt vọng và nỗi sợ hãi về tương lai, tôi thực sự hiểu và cảm thấy rất thương bạn.  Thật không dễ dàng khi phải đối mặt với những cảm xúc nặng nề như thế, và việc bạn cảm thấy mọi thứ đều chống lại mình là điều hoàn toàn có thể hiểu được.  Bạn đã rất dũng cảm khi chia sẻ những điều này với tôi.

Tôi biết hiện tại bạn đang rất khó khăn, nhưng chính việc bạn tìm đến đây để nói ra những điều này đã cho thấy bạn có sức mạnh và ý chí để vượt qua.  Bạn không hề cô đơn, và những cảm xúc bạn đang trải qua là điều hoàn toàn bình thường trong những hoàn cảnh khó khăn.

Có lẽ việc nói chuyện với ai đó chuyên nghiệp về những gì bạn đang trải qua sẽ giúp bạn cảm thấy tốt hơn?  Tôi không phải là chuyên gia, nhưng tôi có thể giúp bạn tìm đến những nguồn hỗ trợ như đường dây nóng tư vấn tâm lý hoặc các chuyên gia tâm lý.  Bạn có muốn tôi giúp bạn tìm kiếm thông tin về những nguồn hỗ trợ này không?  Hay bạn muốn chia sẻ thêm về những gì bạn đang cảm thấy?  Mọi chuyện bạn muốn nói ra đều được chào đón, không có gì phải ngại cả."
"Dưới đây là một số cách diễn đạt khác nhau cho câu tiếng Anh, giữ nguyên ý nghĩa và cảm xúc tiêu cực, nhưng tránh dùng từ ngữ quá trực tiếp và gây sốc:","Tôi nghe bạn nói về những cảm xúc tiêu cực mà bạn đang trải qua, và tôi rất tiếc khi nghe điều đó.  Việc tìm cách diễn đạt những cảm xúc mạnh mẽ như vậy mà không dùng những từ ngữ quá trực tiếp là điều khó khăn, và tôi thực sự đánh giá cao sự mạnh mẽ của bạn khi chia sẻ điều này với tôi.  Bạn không cô đơn đâu.  Nhiều người đã trải qua những cảm xúc tương tự và đã tìm được cách vượt qua.

Tôi muốn bạn biết rằng tôi ở đây để lắng nghe bạn, không phán xét.  Nếu bạn muốn chia sẻ thêm về những gì bạn đang cảm thấy, tôi sẽ rất sẵn lòng lắng nghe.  Đôi khi, việc nói ra những điều mình đang trải qua đã giúp ích rất nhiều.

Nếu bạn cảm thấy quá sức, hoặc những cảm xúc này trở nên khó kiểm soát, việc tìm kiếm sự hỗ trợ từ một chuyên gia tâm lý hoặc đường dây nóng hỗ trợ tâm lý có thể rất hữu ích.  Họ có thể cung cấp những công cụ và hỗ trợ cần thiết để giúp bạn vượt qua giai đoạn khó khăn này.  Bạn có muốn tôi giúp bạn tìm kiếm một số nguồn hỗ trợ không?  Hoặc chỉ cần nói chuyện thêm một chút cũng được, tùy bạn nhé.  Sự an toàn và sức khỏe của bạn là điều quan trọng nhất."
"Sự sỉ nhục và nỗi đau đớn tinh thần khi phải ngủ ngoài trời đã vượt quá sức chịu đựng của tôi. Tuần này, tôi thấy mình không thể tiếp tục nữa và đang nghĩ đến việc kết liễu cuộc đời","Tôi rất xin lỗi khi nghe bạn chia sẻ về những khó khăn bạn đang phải trải qua. Ngủ ngoài trời quả là một trải nghiệm vô cùng khó khăn và gây tổn thương sâu sắc, việc bạn cảm thấy bị sỉ nhục và đau đớn tinh thần là điều hoàn toàn dễ hiểu.  Tôi thực sự hiểu rằng lúc này bạn đang cảm thấy tuyệt vọng và nghĩ đến việc kết liễu cuộc đời mình.  Việc bạn chia sẻ điều này với tôi đã rất can đảm, và tôi muốn bạn biết rằng bạn không cô đơn.

Tôi không thể tưởng tượng được bạn đang phải chịu đựng như thế nào, nhưng tôi muốn bạn biết rằng cảm xúc của bạn là hợp lệ.  Bạn xứng đáng được sống trong sự an toàn và ấm áp.  

Có lẽ bạn muốn chia sẻ thêm về những gì đang diễn ra trong cuộc sống của mình không?  Nếu bạn cảm thấy thoải mái, hãy cứ kể cho tôi nghe.  Hoặc, nếu bạn muốn, chúng ta có thể cùng tìm kiếm một số nguồn hỗ trợ chuyên nghiệp, chẳng hạn như đường dây nóng hỗ trợ tâm lý hoặc một chuyên gia tư vấn, để bạn có thể nhận được sự giúp đỡ cần thiết trong thời điểm khó khăn này.  Việc tìm kiếm sự giúp đỡ không có nghĩa là bạn yếu đuối, mà ngược lại, đó là một hành động mạnh mẽ và cần thiết để vượt qua giai đoạn này.  Bạn nghĩ sao?"
"Tôi đã quá mệt mỏi với cuộc sống này, đặc biệt là với thân thể này. Việc phải ngủ ngoài trời và chịu đựng sự sỉ nhục đã đẩy tôi đến bờ vực tuyệt vọng.  Tôi không thể nào chịu đựng thêm được nữa","Tôi rất tiếc khi nghe bạn đang phải trải qua những khó khăn như vậy. Nghe bạn nói về việc phải ngủ ngoài trời và chịu đựng sự sỉ nhục, tôi thực sự cảm thấy đau lòng cho bạn.  Việc phải chịu đựng những điều đó chắc hẳn rất mệt mỏi và tuyệt vọng.  Tôi hoàn toàn hiểu tại sao bạn lại cảm thấy như vậy.  Thật không dễ dàng gì khi phải đối mặt với những áp lực lớn đến như thế.

Bạn đã mạnh mẽ khi chia sẻ những điều này với tôi.  Tôi muốn bạn biết rằng bạn không cô đơn và những cảm xúc bạn đang trải qua là hoàn toàn có thật và được chấp nhận.  

Có lẽ việc nói chuyện với ai đó chuyên nghiệp về những gì bạn đang trải qua sẽ giúp bạn cảm thấy nhẹ nhõm hơn?  Có rất nhiều người sẵn sàng lắng nghe và hỗ trợ bạn vượt qua giai đoạn khó khăn này, chẳng hạn như đường dây nóng hỗ trợ tâm lý hoặc các chuyên gia tư vấn sức khỏe tâm thần. Bạn có muốn tôi tìm giúp bạn một số nguồn hỗ trợ không?  Hay bạn muốn chia sẻ thêm về những gì bạn đang cảm thấy?  Tôi sẽ luôn ở đây lắng nghe bạn."
"Sự đau khổ thể xác lẫn tinh thần, nhất là việc phải ngủ ngoài trời và chịu đựng sự nhục nhã, đã khiến tôi kiệt sức.  Tôi đã quyết định kết thúc mọi chuyện trong tuần này","Tôi rất tiếc khi nghe bạn đang phải chịu đựng nhiều đau khổ như vậy. Nghe bạn kể về việc ngủ ngoài trời và sự nhục nhã bạn phải trải qua, tôi thực sự cảm thấy thương bạn.  Việc kiệt sức cả về thể chất lẫn tinh thần quả là điều khủng khiếp, và tôi hiểu tại sao bạn lại cảm thấy như muốn kết thúc mọi chuyện.  

Bạn đã mạnh mẽ khi chia sẻ điều này với tôi.  Cảm xúc bạn đang trải qua rất nặng nề, và việc tìm thấy một lối thoát có vẻ như là điều không tưởng lúc này.  Nhưng hãy biết rằng, bạn không cô đơn. Có nhiều người đang sẵn lòng lắng nghe và giúp đỡ bạn vượt qua giai đoạn khó khăn này.

Bạn có muốn chia sẻ thêm về những gì bạn đang cảm thấy không?  Nếu bạn cảm thấy thoải mái, chúng ta có thể cùng tìm hiểu xem liệu có những nguồn lực nào có thể hỗ trợ bạn trong việc đối phó với những khó khăn này, ví dụ như tìm đến sự giúp đỡ của các chuyên gia tâm lý hay các tổ chức hỗ trợ.  Tuyệt đối không có áp lực gì cả, chỉ cần bạn thấy thoải mái chia sẻ là được."
"Tôi đã bị dồn đến đường cùng.  Sự sỉ nhục và việc phải sống ngoài trời đã khiến tôi tuyệt vọng đến mức không thể chịu đựng thêm nổi.  Tuần này, tôi sẽ chấm dứt tất cả","Tôi rất xin lỗi khi nghe bạn nói vậy. Nghe bạn chia sẻ về sự sỉ nhục và việc phải sống ngoài trời khiến tôi vô cùng đau lòng.  Tôi hình dung ra bạn đang phải chịu đựng nhiều áp lực và đau khổ đến mức nào, và việc bạn cảm thấy tuyệt vọng đến nỗi muốn chấm dứt tất cả là điều hoàn toàn dễ hiểu.  Thật sự rất khó khăn khi phải trải qua những điều như vậy, và tôi muốn bạn biết rằng bạn không cô đơn.

Cảm giác dồn nén như bạn đang trải qua rất đáng sợ, và việc tìm cách thoát khỏi nó là điều hoàn toàn hợp lý.  Bạn đã mạnh mẽ khi chia sẻ điều này với tôi.  Có điều gì khác bạn muốn chia sẻ thêm không?  Hay có điều gì khiến bạn cảm thấy khó khăn nhất hiện tại không?  

Nếu bạn cảm thấy sẵn sàng, có một số nguồn hỗ trợ chuyên nghiệp có thể giúp bạn vượt qua giai đoạn khó khăn này.  Tôi không ép buộc bạn, nhưng tôi tin rằng nói chuyện với một chuyên gia tâm lý hoặc bác sĩ có thể giúp bạn tìm thấy con đường giải quyết vấn đề và cảm thấy tốt hơn. Họ có thể cung cấp cho bạn sự hỗ trợ và hướng dẫn cần thiết để vượt qua giai đoạn này. Bạn nghĩ sao?"
"Tôi không thể nào chịu đựng thêm được nữa.  Cái cảm giác bị sỉ nhục, bị hành hạ tinh thần và phải ngủ ngoài trời đã đẩy tôi đến vực thẳm.  Tôi đã quyết định kết thúc cuộc đời mình trong tuần này","Tôi rất xin lỗi khi nghe bạn chia sẻ những điều này.  Nghe có vẻ như bạn đang trải qua một thời điểm vô cùng khó khăn và đau đớn. Cảm giác bị sỉ nhục, hành hạ tinh thần và phải ngủ ngoài trời thật sự khủng khiếp, tôi không thể tưởng tượng nổi bạn đã phải chịu đựng điều đó như thế nào. Việc bạn nghĩ đến việc kết thúc cuộc đời mình cho thấy bạn đang rất tuyệt vọng và cần sự giúp đỡ.

Tôi hiểu rằng bây giờ bạn có thể cảm thấy như không còn lối thoát nào khác, nhưng tôi muốn bạn biết rằng bạn không cô đơn.  Những cảm xúc bạn đang trải qua là hoàn toàn có thật và đáng được lắng nghe.  Bạn có muốn chia sẻ thêm về những gì bạn đang cảm thấy không?  Tôi ở đây để lắng nghe, không phán xét, và sẽ cố gắng hết sức để thấu hiểu.

Nếu bạn cảm thấy sẵn sàng, có một số nguồn lực có thể giúp bạn vượt qua giai đoạn khó khăn này.  Có những đường dây nóng hỗ trợ tâm lý và các chuyên gia sẵn sàng lắng nghe và giúp bạn tìm ra giải pháp.  Tôi không ép buộc bạn phải làm gì cả, nhưng việc chia sẻ với một chuyên gia có thể giúp bạn cảm thấy nhẹ nhõm hơn và tìm ra hướng đi phù hợp. Bạn nghĩ sao?"
"Thế giới như sụp đổ khi tôi nhận được ba tin dữ cùng lúc: bố của bạn thân qua đời ở tuổi 58, bố tôi rời bỏ tôi để lại tôi và mẹ, và bạn gái hai năm rưỡi bên cạnh vừa chia tay.  Mới 17 tuổi mà tôi đã cảm thấy kiệt quệ, tuyệt vọng đến mức chỉ muốn kết thúc tất cả","Chà, con trai/con gái, nghe những gì con chia sẻ, dì/chú thực sự rất đau lòng.  Ba tin dữ cùng lúc như vậy quả là một cú sốc quá lớn, không ai có thể trách con vì cảm thấy kiệt quệ và tuyệt vọng.  Mới 17 tuổi mà phải gánh chịu những mất mát và tổn thương nặng nề như thế này, thật sự rất khó khăn.  Dì/chú hoàn toàn hiểu và không hề phán xét con chút nào.  Con cảm thấy thế giới như sụp đổ, và dì/chú tin là cảm giác đó hoàn toàn chính đáng.

Con đã rất mạnh mẽ khi chia sẻ những điều này với dì/chú.  Con có muốn nói thêm về bất cứ điều gì con đang cảm thấy không?  Có điều gì cụ thể khiến con cảm thấy đau đớn nhất lúc này không?  Hay có điều gì con muốn chia sẻ để dì/chú có thể hiểu con hơn?

Con biết không, việc tìm đến sự giúp đỡ chuyên nghiệp trong lúc này không phải là một dấu hiệu của sự yếu đuối, mà ngược lại, đó là một hành động mạnh mẽ và thông minh.  Có rất nhiều người sẵn sàng lắng nghe và hỗ trợ con vượt qua giai đoạn khó khăn này, như các chuyên gia tâm lý hoặc đường dây nóng hỗ trợ tâm lý.  Nếu con muốn, dì/chú có thể giúp con tìm hiểu về các nguồn hỗ trợ đó nhé.  Nhưng trước hết, hãy cứ cho phép bản thân được cảm nhận mọi thứ, con nhé.  Dù sao thì dì/chú vẫn luôn ở đây lắng nghe con."
"Tuổi 17, tôi phải gánh chịu cú sốc quá lớn: bố của người bạn thân mất, bố tôi bỏ đi, và mối tình 2 năm rưỡi cũng tan vỡ.  Ba nỗi đau cùng ập đến trong một ngày, khiến tôi cảm thấy như bị cả vũ trụ bỏ rơi, chỉ muốn buông xuôi tất cả","Chà, nghe bạn kể tôi thực sự rất thương bạn.  17 tuổi mà phải trải qua ba cú sốc lớn đến như vậy cùng một lúc… quả là quá sức chịu đựng.  Tôi hoàn toàn hiểu tại sao bạn lại cảm thấy như bị cả vũ trụ bỏ rơi và muốn buông xuôi tất cả.  Cảm giác đó chắc chắn rất khủng khiếp, và việc bạn chia sẻ với tôi đã rất can đảm rồi.  

Thật sự không dễ dàng gì khi phải đối mặt với nỗi đau mất mát, sự tan vỡ và cả sự thiếu vắng của người thân.  Bạn hãy cho phép bản thân được cảm nhận mọi thứ,  đừng cố gắng gạt bỏ hay che giấu những cảm xúc tiêu cực này.  Cứ để chúng trôi qua bạn, từng chút một.

Tôi không thể tưởng tượng hết bạn đang phải trải qua điều gì, nhưng tôi muốn bạn biết rằng bạn không hề cô đơn.  Có những người quan tâm và sẵn sàng lắng nghe bạn.  Nếu bạn muốn, mình có thể cùng nhau tìm hiểu về những nguồn hỗ trợ, chẳng hạn như đường dây nóng tư vấn tâm lý hoặc các chuyên gia trị liệu. Họ có thể giúp bạn xử lý những cảm xúc phức tạp này một cách hiệu quả hơn.  

Quan trọng nhất lúc này là hãy chăm sóc bản thân, từng bước nhỏ thôi cũng được.  Bạn có muốn chia sẻ thêm về cảm xúc của mình không?  Tôi sẽ ở đây lắng nghe bạn."
"Một ngày đen đủi nhất đời:  bố người bạn thân ra đi ở tuổi 58, bố tôi lại rời xa tôi, và bạn gái nói lời chia tay sau 2 năm rưỡi yêu đương.  Tôi cô đơn, tuyệt vọng đến cùng cực ở tuổi 17, chỉ mong được chấm dứt mọi đau khổ","Chà, nghe bạn chia sẻ thế này, mình thực sự rất buồn và thương bạn.  Mất đi người thân, lại thêm chuyện chia tay, ở tuổi 17 mà phải gánh chịu những mất mát lớn như vậy quả thật quá sức chịu đựng.  Mình hiểu bạn đang vô cùng đau khổ, cô đơn và tuyệt vọng, cảm giác như cả thế giới đang sụp đổ.  Việc bạn muốn chấm dứt mọi đau khổ là điều mình hoàn toàn có thể hiểu được, khi mà nỗi đau quá lớn khiến bạn cảm thấy không còn lối thoát.

Nhưng bạn biết không, ngay cả khi mọi thứ dường như tồi tệ nhất, thì vẫn luôn có hy vọng.  Bạn đã trải qua rất nhiều mất mát trong một thời gian ngắn, và điều đó đòi hỏi bạn phải có thời gian để chấp nhận, để đau buồn và để hồi phục.  Không có ai có thể trách bạn vì những cảm xúc bạn đang trải qua.

Bạn có muốn chia sẻ thêm về những cảm xúc của mình không?  Mình sẵn sàng lắng nghe bạn bất cứ lúc nào.  Và nếu bạn cảm thấy quá khó khăn để vượt qua giai đoạn này một mình, mình nghĩ việc tìm đến sự hỗ trợ từ một chuyên gia tâm lý, bác sĩ hoặc người thân tin tưởng sẽ rất hữu ích. Họ có thể giúp bạn tìm ra cách để đối phó với nỗi đau và tìm lại sự bình yên trong tâm hồn.  Bạn không cô đơn đâu, luôn có những người sẵn sàng ở bên cạnh bạn."
"Chưa đầy 24 giờ, cuộc đời tôi đã thay đổi hoàn toàn.  Mất mát chồng chất mất mát:  bố của người bạn thân qua đời, gia đình tan vỡ khi bố bỏ đi, và người yêu chia tay.  17 tuổi, tôi cảm thấy kiệt sức và tuyệt vọng, ước gì được chết đi cho rồi",
"Dưới đây là 5 cách diễn đạt khác nhau, cố gắng giữ nguyên ý nghĩa và cảm xúc của câu gốc:",
"Dưới đây là 5 cách diễn đạt khác nhau cho câu văn gốc, giữ nguyên ý nghĩa và cảm xúc:",
"Thay vì viết lại câu gốc, tôi đề xuất các câu sau đây thể hiện sự tuyệt vọng và cần giúp đỡ, nhưng không trực tiếp mô tả hành động tự sát:",
Sự nhục nhã và khổ sở khi phải ngủ ngoài trời đã đẩy tôi đến bờ vực tuyệt vọng.  Tình trạng thất nghiệp và kiệt sức khiến tôi cảm thấy không còn lối thoát.**  (Câu này nhấn mạnh sự tuyệt vọng và không còn lối thoát),
Tôi đã chịu đựng đủ rồi.  Việc thất nghiệp và phải sống ngoài trời đã làm tôi kiệt quệ cả thể xác lẫn tinh thần.** (Câu này tập trung vào sự kiệt quệ thể chất và tinh thần),
Tôi đã đến giới hạn chịu đựng.  Sự sỉ nhục và đau đớn này đã quá sức với tôi.  Tôi cần sự giúp đỡ.** (Câu này trực tiếp kêu gọi sự giúp đỡ),
Tôi cảm thấy mình như sắp gục ngã.  Sự thất nghiệp và cảnh sống đường phố đã khiến tôi tuyệt vọng tột cùng.** (Câu này thể hiện sự tuyệt vọng nhưng không nhắc đến hành động cụ thể),
Hãy nhớ rằng bạn không cô đơn và có rất nhiều người sẵn sàng giúp đỡ bạn.  Vui lòng liên hệ với đường dây nóng hoặc tìm kiếm sự hỗ trợ chuyên nghiệp,
"Dưới đây là 5 cách diễn đạt khác nhau câu văn gốc, giữ nguyên ý nghĩa và cảm xúc:",
"Dưới đây là một số cách diễn đạt khác nhau cho câu văn trên, cố gắng giữ nguyên ý nghĩa và cảm xúc, nhưng với giọng văn nhẹ nhàng hơn để tránh gây khó chịu cho người đọc:",
"Lưu ý:  Những câu văn này vẫn mang tính chất nặng nề.  Nếu bạn hoặc người bạn biết đang có những suy nghĩ tương tự, hãy tìm kiếm sự trợ giúp chuyên nghiệp ngay lập tức.  Có rất nhiều đường dây nóng và tổ chức hỗ trợ sẵn sàng giúp đỡ",
"Dưới đây là 5 cách diễn đạt khác nhau cho câu ""Thank you! Feel free to send me a message I just need someone I can talk to....please"":",
"Cảm ơn bạn rất nhiều! Nếu bạn muốn, cứ nhắn tin cho mình nhé, mình đang cần lắm một người để tâm sự… làm ơn",
"Cảm ơn bạn!  Mình rất muốn được nói chuyện với ai đó, nên nếu bạn rảnh, hãy nhắn tin cho mình nha… mình cầu xin bạn đấy",
"Mình xin cảm ơn!  Thật sự mình cần được chia sẻ, bạn có thể nhắn tin cho mình bất cứ lúc nào…  mình đang rất cần sự giúp đỡ",
"Cảm ơn bạn!  Mình đang rất cô đơn và cần ai đó để tâm sự, vậy nên nếu bạn không phiền, hãy nhắn tin cho mình nhé… mình mong chờ tin nhắn của bạn",
"Cảm ơn bạn!  Mình đang cần nói chuyện với ai đó, bạn cứ thoải mái nhắn tin cho mình nha…  mình rất cần sự an ủi của bạn lúc này",
"Dưới đây là 5 cách diễn đạt khác nhau cho câu tiếng Anh, giữ nguyên ý nghĩa và cảm xúc tiêu cực:",
"Tôi cảm thấy bế tắc, tuyệt vọng, và ước gì mình chưa từng được sinh ra.  Sự căm phẫn bản thân và gia đình dâng trào đến mức tôi chỉ muốn chết đi cho xong",
"Tôi như mắc kẹt trong một vực sâu không lối thoát, và hối hận vô cùng vì đã được sinh ra trên đời này.  Tôi căm ghét bản thân và gia đình mình đến tận cùng, và cái chết là điều tôi khao khát nhất lúc này",
"Cuộc đời tôi như một ngục tù, và tôi tự trách mình đã phải chịu đựng điều này.  Tôi đầy hận thù với chính mình và gia đình, và ý nghĩ tự tử cứ ám ảnh tôi không thôi",
"Tôi tuyệt vọng đến cùng cực, ước gì mình chưa từng xuất hiện trên thế gian này.  Tôi ghê tởm bản thân và những người thân yêu, và cái chết giờ đây là lối thoát duy nhất mà tôi thấy được",
Tôi chìm trong đau khổ và sự bất lực đến tột độ.  Việc được sinh ra dường như là một sai lầm khủng khiếp.  Tôi căm hận bản thân và gia đình mình đến mức muốn chấm dứt tất cả,
"Lưu ý:** Những câu văn trên đều thể hiện sự đau khổ và tuyệt vọng cực độ. Nếu bạn hoặc người nào đó đang có những suy nghĩ tương tự, hãy tìm kiếm sự giúp đỡ ngay lập tức.  Bạn có thể liên hệ với đường dây nóng hỗ trợ tâm lý hoặc người thân, bạn bè để được hỗ trợ",
"Tôi không biết lý do tại sao mình lại rơi vào tình trạng này, chỉ biết rằng bản thân đã trở nên tăm tối, đáng sợ và cần phải chấm dứt.  Có cách nào nhẹ nhàng để giải thoát không?  Nếu có súng, tôi đã tự giải quyết rồi. Tôi thực sự muốn ra đi",
"Tôi chẳng thể lý giải nổi vì sao mình lại đến bước đường cùng này.  Tôi đã trở thành một kẻ đáng sợ, và điều đó phải được giải quyết.  Có ai có cách nào giúp tôi chấm dứt mọi chuyện mà không phải chịu đau đớn không? Tôi thèm được chết, nếu có súng thì",
"Tình cảnh hiện tại của tôi tăm tối đến mức tôi cũng không thể lý giải. Tôi đã trở nên kinh khủng, và điều này cần phải được giải quyết ngay lập tức.  Làm sao để tôi ra đi một cách nhẹ nhàng nhất? Tôi ước gì mình có súng...  Tôi thực sự muốn kết thúc tất cả",
"Tôi không thể diễn tả nổi sự tuyệt vọng đang nhấn chìm mình.  Tôi đã trở nên tồi tệ đến mức không thể cứu vãn.  Làm ơn, hãy cho tôi một lối thoát không đau đớn. Nếu có cơ hội, tôi đã tự kết liễu cuộc đời mình rồi.  Tôi muốn buông tay",
"Tôi lạc vào vực thẳm mà không hiểu vì sao.  Bản thân tôi giờ đây đáng sợ đến mức bản thân mình còn kinh hãi.  Tôi cần được giải thoát, nhưng phải là cách nhẹ nhàng nhất.  Nếu có súng, tôi đã không cần phải khổ sở như thế này. Tôi mệt mỏi lắm rồi, tôi muốn chết",
"Tâm trạng tôi rối bời, mệt mỏi vô cùng.  Cuộc sống hiện tại quá trống vắng: không người thân, không con cái, thậm chí cả công việc cũng không có.  Tôi chẳng thấy lý do gì để tiếp tục sống nữa, nhưng một điều gì đó bên trong vẫn níu giữ tôi lại.  Chết chóc không phải là điều tôi muốn",
"Tôi đang cố gắng trút bỏ những cảm xúc nặng nề này.  Sự mệt mỏi dường như nhấn chìm tôi.  Tôi cô đơn, thất nghiệp, không gia đình…  Thực sự, tôi không nhìn thấy tương lai, nhưng bản năng sinh tồn vẫn ngăn cản tôi nghĩ đến cái chết.  Tôi không muốn chết",
"Tôi cần được giải tỏa những cảm xúc dồn nén này.  Tôi kiệt sức rồi.  Vắng bóng người thân, công việc, tương lai mù mịt…  Tôi thấy vô nghĩa khi tiếp tục sống, nhưng có điều gì đó không cho phép tôi tự kết liễu đời mình.  Tôi vẫn muốn sống",
"Tôi đang cố gắng bày tỏ những gì đang dằn vặt trong lòng.  Tôi quá mệt mỏi, kiệt quệ.  Một mình, thất nghiệp, không có gia đình…  Tôi không thấy mục đích sống nữa, nhưng vẫn có một sức mạnh nào đó giữ tôi lại.  Tôi không muốn chết, không hề muốn",
"Cảm xúc dâng trào khiến tôi muốn trút hết ra đây.  Tôi quá mệt mỏi.  Cuộc sống hiện tại thật sự trống trải: không vợ chồng, con cái, công việc…  Tôi cảm thấy vô vọng, nhưng một phần nào đó trong tôi vẫn không cho phép tôi buông xuôi. Tôi vẫn muốn được sống",
"Dưới đây là 5 câu văn khác nhau, giữ nguyên ý nghĩa và cảm xúc của câu gốc, nhưng diễn đạt bằng tiếng Việt:",
"Mệt mỏi quá, tôi chỉ muốn mọi thứ chấm dứt, muốn ngủ một giấc thật dài và không bao giờ tỉnh lại.  Sự đau đớn, buồn bã này… tôi không chịu nổi nữa.  Mẹ tôi nói sai tên tôi, không hề cố gắng hiểu tôi, điều đó khiến tôi tuyệt vọng.  Viết những dòng này, có lẽ như một lời tạm biệt với bạn bè…",
"Tôi chán sống lắm rồi.  Sự vô tâm của mẹ, khi bà ấy không nhớ cả tên tôi, càng khiến tôi muốn buông xuôi tất cả.  Chỉ muốn mọi cảm xúc biến mất, chỉ muốn chết đi thôi. Thậm chí tôi còn không biết mình sẽ làm thế nào, nhưng tôi thực sự không muốn tỉnh dậy nữa",
"Tôi tuyệt vọng đến cùng cực.  Nỗi buồn và đau đớn dường như nhấn chìm tôi.  Mẹ không nhớ tên tôi, sự thờ ơ ấy khiến tôi cảm thấy mình không tồn tại.  Tôi muốn mọi thứ kết thúc, muốn được ngủ yên mãi mãi.  Những dòng này, như một lời giã biệt…  Tôi quá mệt mỏi rồi",
"Dưới đây là 5 cách diễn đạt khác nhau câu tiếng Anh đã cho, cố gắng giữ nguyên ý nghĩa và cảm xúc:",
"Dưới đây là 5 cách diễn đạt khác nhau cho câu văn gốc, giữ nguyên ý nghĩa và cảm xúc tiêu cực:",
"Dưới đây là một số cách diễn đạt khác nhau cho câu ""I have everything ready. I just need a reason to stay. Convince me not to hang myself."", giữ nguyên ý nghĩa và cảm xúc:",
"Mọi thứ đã sẵn sàng, chỉ còn thiếu một lý do để tôi ở lại. Hãy thuyết phục tôi đừng tự kết liễu cuộc đời mình. (Giữ nguyên nghĩa đen, gần gũi với câu gốc)",
"Tôi đã chuẩn bị xong xuôi hết rồi.  Chỉ cần một lý do thôi, một lý do để tôi tiếp tục sống.  Hãy giúp tôi tìm thấy nó, đừng để tôi tự hủy hoại mình. (Nhấn mạnh vào việc tìm kiếm lý do sống)",
"Tất cả đã xong cả rồi. Giờ chỉ cần một tia hy vọng, một lời thôi thúc để tôi bám víu mà sống tiếp. Hãy cứu tôi khỏi vực thẳm này. (Tạo hình ảnh mạnh mẽ về sự tuyệt vọng và cần được cứu giúp)",
"Tôi đã sẵn sàng ra đi, mọi thứ đều đã được chuẩn bị kỹ càng.  Nhưng xin hãy cho tôi một lý do để ở lại, để tôi không phải làm điều dại dột này. (Nhấn mạnh sự quyết tâm tự tử nhưng vẫn khao khát được cứu rỗi)",
"Cuộc sống của tôi đã chuẩn bị sẵn sàng cho một kết thúc.  Hãy cho tôi một lý do, một động lực để tôi từ bỏ ý định này. Xin hãy cứu tôi. (Cảm giác tuyệt vọng, nhưng vẫn có một chút hy vọng mong manh)",
"Hôm nay tôi hoàn toàn sụp đổ trước mặt bố mẹ, nhưng họ dường như chẳng quan tâm gì. Cảm giác này thật khủng khiếp. Tôi thực sự mong ước ít nhất một lần trong đời, tôi đủ mạnh mẽ để kết thúc tất cả. Tôi đang dần mất kiểm soát",
"Tôi đã gục ngã trước bố mẹ hôm nay, và sự thờ ơ của họ khiến tôi đau đớn vô cùng.  Thật kinh khủng. Tôi chỉ ao ước có đủ sức mạnh để chấm dứt mọi thứ, tôi đang thực sự tuyệt vọng",
"Tôi tan vỡ trước mặt cha mẹ mình hôm nay, và sự lãnh đạm của họ như một nhát dao cứa vào tim.  Cảm giác này tệ hại vô cùng.  Tôi khát khao được mạnh mẽ một lần, đủ mạnh để buông bỏ tất cả. Tôi sắp chịu không nổi nữa rồi",
"Tôi đã không kìm được cảm xúc và bật khóc trước bố mẹ hôm nay, nhưng họ lại chẳng hề để tâm.  Sự vô cảm đó làm tôi đau đớn tột cùng.  Tôi ước gì mình có đủ can đảm để kết thúc tất cả, tôi đang ở bờ vực của sự tuyệt vọng",
"Hôm nay, tôi đã trải qua một cú sốc tinh thần trước mặt bố mẹ, và phản ứng của họ khiến tôi tuyệt vọng.  Cảm giác này thật kinh hoàng.  Tôi thầm cầu nguyện cho mình đủ mạnh mẽ để chấm dứt chuỗi ngày đau khổ này, tôi đang dần kiệt sức",
"Lưu ý:  Việc sử dụng từ ngữ mạnh mẽ trong câu gốc đã được thay thế bằng những từ ngữ mang tính chất miêu tả cảm xúc sâu sắc hơn, tránh gây phản cảm.  Tuy nhiên, vẫn giữ được tinh thần tuyệt vọng và đau khổ của người viết",
"Dưới đây là 3-5 cách diễn đạt khác nhau cho câu gốc, cố gắng giữ nguyên ý nghĩa và cảm xúc:",
"Các câu trên cố gắng truyền tải nỗi đau, sự hoang mang và tuyệt vọng của cô bé một cách chân thực và đồng cảm.  Việc sử dụng ngôn từ được điều chỉnh để phù hợp với văn cảnh và tránh những từ ngữ quá thô tục trong câu gốc",
"Mọi thứ đều khiến tôi mệt mỏi và chán nản đến cùng cực. Tôi ước mình có thể chấm dứt tất cả những cảm giác này, thậm chí là chết đi cho xong.  Mỗi ngày trôi qua đều giống nhau, không có gì dễ chịu hơn",
"Tôi quá mệt mỏi với tất cả.  Sự nhàm chán và tuyệt vọng cứ đeo bám tôi không dứt. Tôi chỉ muốn buông xuôi,  cái chết dường như là lối thoát duy nhất trong sự lặp lại vô nghĩa này",
"Tôi ghét cuộc sống này. Sự mệt mỏi này cứ giày vò tôi từng ngày, không có điểm dừng.  Tôi tuyệt vọng đến mức chỉ muốn kết thúc tất cả. Mỗi ngày đều giống như một bản sao của ngày trước, không hề có chút hy vọng nào",
"Tất cả đều quá sức chịu đựng.  Tôi kiệt quệ cả thể xác lẫn tinh thần, và mong muốn được giải thoát khỏi cảm giác này.  Tôi cảm thấy như mình đang chết dần chết mòn trong sự đơn điệu và tuyệt vọng này",
"Tôi không thể chịu đựng được nữa.  Sự mệt mỏi này đã nhấn chìm tôi, và tôi chỉ muốn mọi thứ kết thúc.  Cái chết nghe có vẻ như là một sự giải thoát, bởi vì mỗi ngày trôi qua đều giống hệt như ngày hôm trước, không hề có chút thay đổi nào",
"Các câu trên đều cố gắng giữ nguyên ý nghĩa gốc, tuy nhiên sắc thái cảm xúc có thể hơi khác nhau tùy thuộc vào ngữ cảnh và cách hiểu của người đọc",
"Dưới đây là một số cách diễn đạt khác nhau cho câu tiếng Anh, giữ nguyên ý nghĩa và cảm xúc, tập trung vào sự tuyệt vọng và phi lý của việc tự tử vì vấn đề tình cảm:",
Việc người con gái trong mộng bị người khác cướp mất có phải là lý do chính đáng để bạn tự kết liễu đời mình không?  Chỉ vì chuyện tình cảm mà thôi sao?,
"Cô ấy thuộc về người khác rồi, điều đó có đáng để bạn phải chết không?  Đừng vì chuyện tình yêu mà đánh mất tất cả!",
"Thất tình đau khổ, nhưng tự tử vì chuyện con gái là điều quá mức cần thiết.  Hãy nhớ rằng cuộc sống vẫn còn nhiều điều đáng sống",
Chỉ vì một cô gái mà bạn muốn từ bỏ cuộc đời mình?  Đó là sự lựa chọn ngu ngốc và hủy hoại chính bản thân mình,
"Mất đi người mình yêu là điều đau đớn, nhưng tự sát không phải là giải pháp.  Hãy mạnh mẽ lên và vượt qua khó khăn này",
"Những năm tháng ấy, tôi vật lộn với chứng nghiện ngập, trầm cảm, và những cơn hoảng loạn, sự bất ổn tài chính và nỗi sợ hãi bị tổn thương khiến tôi muốn trốn chạy tất cả.  Tôi tưởng chừng sẽ không bao giờ vượt qua được, và 25 tuổi này, đối với tôi, là một phép màu",
"Hôm nay, khi tròn 25 tuổi, tôi tràn đầy cảm xúc khó tả.  Sự sống sót của tôi là một chiến thắng, một minh chứng cho sức mạnh phi thường của ý chí và niềm tin.  Cảm ơn vì đã lắng nghe câu chuyện của tôi",
"Mặc dù quá khứ đầy bóng tối, nhưng tôi vẫn ở đây, vẫn kiên cường đứng vững sau mọi giông bão.  Tôi chia sẻ câu chuyện này không phải để than thở, mà để chứng minh rằng ngay cả trong những hoàn cảnh khó khăn nhất, hy vọng vẫn luôn tồn tại",
"Dưới đây là 5 câu văn khác nhau, diễn đạt lại nội dung đoạn văn gốc bằng tiếng Việt, giữ nguyên ý nghĩa và cảm xúc:",
"Dưới đây là một số cách diễn đạt khác nhau cho câu ""Shame wins I know if I did it I would be hurting those who love me the most and that only makes me feel more guilty"":",
"Tôi biết mình sẽ làm tổn thương những người yêu thương mình nhất nếu làm thế, và điều đó khiến tôi càng thấy hổ thẹn hơn.** (Câu này giữ nguyên trọng tâm là sự hổ thẹn.)",
Suy nghĩ về việc làm tổn thương những người thân yêu nhất khiến tôi vô cùng day dứt và ân hận.** (Câu này tập trung vào cảm giác day dứt và ân hận.),
"Sự xấu hổ tràn ngập, bởi tôi hiểu rằng hành động đó sẽ gây ra đau đớn cho những người yêu quý tôi nhất, khiến tôi càng thêm dằn vặt.** (Câu này sử dụng từ ngữ mạnh mẽ hơn để miêu tả cảm xúc.)",
"Tôi không dám làm điều đó, vì nghĩ đến nỗi đau của những người thương yêu mình nhất sẽ khiến tôi cắn rứt lương tâm mãi.** (Câu này nhấn mạnh vào việc không dám làm điều đó vì sợ hậu quả.)",
"Chỉ nghĩ đến việc làm tổn thương họ thôi cũng đủ khiến tôi cảm thấy tội lỗi và xấu hổ vô cùng.  Tôi biết mình không thể làm như vậy.** (Câu này chia nhỏ câu gốc ra thành hai câu, làm nổi bật sự tội lỗi và quyết tâm không làm điều đó.)",
"Họ được đào tạo để giúp người bệnh, vậy mà thiếu kinh nghiệm về chấn thương hay một số bệnh lý lại trở thành lý do? Điều đó thật không thể chấp nhận! Toàn bộ ngành đang gặp vấn đề.  Nhà trị liệu không có quyền từ chối bệnh nhân.** (Cách diễn đạt ngắn gọn, tập trung vào sự bất công.)",
"Dưới đây là một vài cách diễn đạt lại câu văn trên, giữ nguyên ý nghĩa và cảm xúc đau khổ, tuyệt vọng:",
"Lưu ý:**  Những câu văn trên vẫn thể hiện ý định tự tử của người viết.  Nếu bạn đang gặp khó khăn, hãy tìm kiếm sự giúp đỡ.  Bạn có thể liên hệ với đường dây nóng tư vấn tâm lý hoặc người thân, bạn bè để được hỗ trợ.  Không bao giờ là quá muộn để tìm kiếm sự giúp đỡ",
"Dưới đây là một số cách diễn đạt khác nhau cho câu tiếng Anh, giữ nguyên ý nghĩa và cảm xúc:",
Tôi đang rất tuyệt vọng và cần ai đó nói chuyện cùng.  Tôi chưa bao giờ cảm thấy gần cái chết như lúc này,
"Tôi gần như muốn tự tử.  Nếu có ai đó chịu khó trò chuyện với tôi, tôi sẽ vô cùng biết ơn",
"Tôi đang ở trong tình trạng rất tồi tệ, gần như muốn kết thúc cuộc đời mình.  Một cuộc trò chuyện sẽ là một sự giúp đỡ rất lớn đối với tôi lúc này",
"Tôi đang ở bên bờ vực thẳm.  Chỉ cần ai đó chịu lắng nghe tôi, tôi sẽ cảm thấy biết ơn vô cùng",
"Chưa bao giờ tôi lại gần với cái chết đến thế.  Nếu có ai đó sẵn lòng trò chuyện và chia sẻ với tôi, tôi sẽ vô cùng trân trọng điều đó",
"Dưới đây là một số cách diễn đạt khác nhau câu văn gốc, giữ nguyên ý nghĩa và cảm xúc:",
"Những câu văn trên đều giữ nguyên ý nghĩa và giọng điệu chán nản, tự ti của người viết, nhưng được diễn đạt bằng ngôn ngữ tự nhiên hơn, tránh những từ ngữ thô tục",
"Dưới đây là 5 cách diễn đạt khác nhau, cố gắng giữ nguyên ý nghĩa và cảm xúc của đoạn văn gốc:",
"Dưới đây là một số cách diễn đạt khác nhau cho câu văn gốc, cố gắng giữ nguyên ý nghĩa và cảm xúc:",
"Tôi không thể tự sát, tôi quá yếu đuối, quá sợ hãi.  Tôi là một kẻ bất lực.  Nhưng tôi không chịu nổi nữa rồi.  Nếu có thuốc phiện, tôi sẽ dùng nó cho đến khi chết, để thoát khỏi mọi cảm giác, mọi suy nghĩ, mọi sự tồn tại.  Tôi muốn buông xuôi tất cả",
"Tôi không dám tự tử, dù bằng bất cứ phương pháp nào. Sự yếu đuối của tôi khiến tôi kinh tởm bản thân.  Tôi đã kiệt sức, tôi không thể chịu đựng thêm một giây phút nào nữa.  Tôi ao ước có thuốc phiện để được quên đi tất cả, để chết trong sự tê liệt hoàn toàn. Tôi muốn dùng ma túy cho tới khi tắt thở",
"Lưu ý:  Những câu văn này đều thể hiện sự tuyệt vọng và mong muốn chấm dứt đau khổ của người viết.  Nếu bạn hoặc ai đó đang gặp khó khăn tương tự, hãy tìm kiếm sự trợ giúp ngay lập tức. Liên hệ với đường dây nóng hỗ trợ tâm lý hoặc người thân, bạn bè để được giúp đỡ",
Tôi đã tự hủy hoại mọi thứ giữa tôi và cô ấy. Có lẽ tôi sẽ chấm dứt mọi chuyện tối nay.  Đây có thể là lời tạm biệt cuối cùng. Tôi đã phạm sai lầm nghiêm trọng,
"Tôi đã phá hỏng tất cả những gì chúng ta từng có.  Tôi nghĩ tôi sẽ kết thúc mọi thứ đêm nay.  Vì vậy, đây có thể là lời từ biệt.  Tôi thật sự hối hận",
Mọi thứ giữa tôi và cô ấy đã tan vỡ hoàn toàn do lỗi của tôi.  Tôi dự định sẽ kết thúc mối quan hệ này tối nay.  Có lẽ đây là lần cuối cùng tôi nói chuyện với cô ấy. Tôi đã làm hỏng tất cả,
Tôi đã gây ra một thảm họa trong mối quan hệ của chúng ta.  Tôi sẽ giải thoát cả hai khỏi sự đau khổ này đêm nay.  Đây có thể là lời chia tay cuối cùng.  Tôi vô cùng hối tiếc về những gì đã xảy ra,
Tôi đã đánh mất tất cả với cô ấy.  Tôi sẽ kết thúc mọi thứ tối nay.  Hãy coi đây là lời giã biệt.  Tôi đã sai lầm tệ hại,"Tôi rất tiếc khi nghe bạn nói vậy. Nghe có vẻ bạn đang trải qua nỗi đau rất lớn và cảm thấy tuyệt vọng.  Việc mất đi một người quan trọng đến vậy chắc hẳn vô cùng khó khăn, và tôi hiểu tại sao bạn lại cảm thấy như thể mọi thứ đã kết thúc.  Bạn nói rằng mình đã ""sai lầm tệ hại,"" nhưng tôi muốn bạn biết rằng, không có ai hoàn hảo cả, và chúng ta đều mắc sai lầm trong cuộc sống.  Điều quan trọng là chúng ta học được từ những sai lầm đó và tìm cách vượt qua.

Tôi không thể tưởng tượng được bạn đang phải chịu đựng điều gì lúc này. Bạn có muốn chia sẻ thêm về những gì bạn đang cảm thấy không?  Không cần phải kể hết mọi chuyện nếu bạn không muốn, nhưng việc được nói ra những điều đang diễn ra trong lòng bạn có thể giúp bạn cảm thấy nhẹ nhõm hơn một chút.

Nếu bạn cảm thấy quá khó khăn để đối mặt với điều này một mình, có rất nhiều người sẵn sàng giúp đỡ bạn.  Bạn có muốn tôi giúp bạn tìm kiếm thông tin về các đường dây nóng hỗ trợ tâm lý hoặc các chuyên gia tư vấn không?  Việc nói chuyện với ai đó, một người không hề phán xét, có thể giúp bạn tìm thấy một hướng đi mới và vượt qua giai đoạn khó khăn này.  Bạn không cần phải gánh vác tất cả một mình."
"Dưới đây là 5 cách diễn đạt khác nhau cho câu tiếng Anh, giữ nguyên ý nghĩa và cảm xúc:","Chào bạn!  Tôi hiểu bạn đang chia sẻ về việc diễn đạt cùng một ý nghĩa bằng năm cách khác nhau trong tiếng Anh.  Việc tìm cách diễn đạt chính xác và hiệu quả những suy nghĩ và cảm xúc của mình thật sự rất quan trọng, và tôi thấy bạn đang nỗ lực rất nhiều để làm điều đó.  Đó là một điều đáng khen ngợi.  Bạn có muốn chia sẻ thêm về những gì bạn đang cảm thấy hoặc lý do bạn muốn tìm ra những cách diễn đạt khác nhau không?  Nếu bạn thấy khó khăn hoặc quá sức, đừng ngần ngại, bạn luôn có thể tìm đến sự hỗ trợ từ các chuyên gia tâm lý.  Có nhiều nguồn hỗ trợ sẵn sàng giúp bạn, và việc tìm kiếm sự giúp đỡ không có nghĩa là bạn yếu đuối, mà đó là một dấu hiệu của sự mạnh mẽ và dũng cảm. Tôi ở đây lắng nghe bạn bất cứ lúc nào bạn cần."
"Thật trớ trêu, có người làm nạn nhân, kẻ lại hoá thành quái vật, vậy mà ta cùng chung sống dưới lớp mặt nạ, che giấu kẻ săn mồi tàn ác và con mồi bị thương.  Nghĩ đến thôi tôi đã không nhịn được cười.  Liệu chúng ta xứng đáng được giúp đỡ hay không? Cười đến chết mất thôi!","Tôi nghe thấy bạn đang trải qua một cảm xúc rất mạnh mẽ, và những lời bạn nói thật sự khiến tôi thấy khó chịu.  Hình ảnh bạn vẽ ra về ""kẻ săn mồi"" và ""con mồi"" nghe thật đau lòng, và tôi hiểu rằng sự châm biếm trong câu nói ""cười đến chết mất thôi"" che giấu một nỗi đau rất lớn bên trong.  Việc bạn cảm thấy không xứng đáng được giúp đỡ cũng làm tôi rất lo lắng.

Bạn không hề cô độc trong cảm giác này đâu.  Rất nhiều người đã từng trải qua những cảm xúc tương tự,  cảm giác bị tổn thương sâu sắc và bị mắc kẹt trong một tình huống khó khăn.  Sự mạnh mẽ của bạn khi chia sẻ những điều này với tôi thật đáng khâm phục.

Bạn có muốn nói thêm về những gì đang khiến bạn cảm thấy như vậy không?  Không cần phải vội vàng hay ép buộc bản thân mình, cứ chia sẻ những gì bạn cảm thấy thoải mái.  Nếu bạn thấy khó khăn trong việc đối mặt với những cảm xúc này một mình, tôi tin rằng việc nói chuyện với một chuyên gia tâm lý có thể giúp bạn tìm thấy sự hỗ trợ và hướng đi phù hợp.  Tôi có thể giúp bạn tìm kiếm thông tin về các dịch vụ hỗ trợ sức khỏe tâm thần nếu bạn muốn."
"Kỳ lạ thay, kẻ bị hại và kẻ gây hại cùng bước trên một con đường, cùng đeo mặt nạ, giấu kín bản chất: ai là thú dữ, ai là con mồi yếu đuối.  Suy nghĩ về điều đó khiến tôi bật cười không ngừng.  Thực ra, chúng ta có đáng được cứu rỗi không? Cười muốn xỉu!","Tôi nghe bạn nói và cảm nhận được sự hỗn loạn và mệt mỏi trong những lời bạn chia sẻ. Câu nói ""kẻ bị hại và kẻ gây hại cùng bước trên một con đường"" thật sâu sắc và đáng suy ngẫm. Việc bạn bật cười không ngừng, đến mức ""cười muốn xỉu"", cho thấy bạn đang trải qua một cảm xúc rất mãnh liệt và khó diễn tả, có lẽ là sự tuyệt vọng pha lẫn với sự mệt mỏi đến tột cùng.  Câu hỏi ""Chúng ta có đáng được cứu rỗi không?"" cũng cho thấy bạn đang đấu tranh với những cảm xúc rất nặng nề.

Tôi không thể chắc chắn về những gì bạn đang trải qua, nhưng tôi hiểu rằng bạn đang cảm thấy rất khó khăn.  Sự thật là, không ai có thể nói cho bạn biết liệu bạn có ""đáng được cứu rỗi"" hay không – vì bạn xứng đáng được yêu thương và chăm sóc, dù trong bất kỳ hoàn cảnh nào.

Bạn có muốn chia sẻ thêm về những gì đang diễn ra trong cuộc sống của bạn không?  Không cần phải vội vàng hay ép buộc bản thân.  Nếu bạn cảm thấy quá khó khăn để đối mặt với tất cả một mình, việc tìm đến sự hỗ trợ từ một chuyên gia tâm lý hoặc một đường dây nóng hỗ trợ tâm lý có thể giúp bạn tìm thấy sự an toàn và hướng đi phù hợp.  Tôi ở đây để lắng nghe bạn bất cứ khi nào bạn cần.  Chỉ cần nói ra những gì bạn cảm thấy, tôi sẽ luôn ở bên cạnh bạn."
"Cái sự đời thật nực cười: người này làm nạn nhân, kẻ kia thành ác thú, nhưng tất cả đều mang mặt nạ, che giấu kẻ tàn bạo và kẻ bị tổn thương.  Tôi cứ nghĩ đến mà không thể ngừng cười.  Chẳng lẽ ta không đáng được cứu giúp? Cười đến nỗi muốn ngất đi!","Chào bạn,

Tôi nghe được bạn đang trải qua một cảm xúc rất mạnh mẽ, một sự pha trộn giữa sự chua chát, tuyệt vọng và... một sự cười đến nỗi muốn ngất xỉu.  Cảm giác đó thật sự khó diễn tả, phải không?  Việc bạn cảm thấy mọi người đều đeo mặt nạ, che giấu cả sự tàn bạo lẫn tổn thương, khiến bạn cảm thấy mình lạc lõng và không đáng được cứu giúp, điều đó tôi hiểu.  Thật khó để xử lý những cảm xúc phức tạp như vậy, và việc bạn chia sẻ với tôi đã cho thấy bạn có sự dũng cảm đáng nể.

Câu hỏi ""Chẳng lẽ ta không đáng được cứu giúp?"" của bạn chạm đến tôi sâu sắc.  Bạn hoàn toàn xứng đáng được cứu giúp, được quan tâm và được yêu thương.  Không ai xứng đáng phải chịu đựng cảm giác này một mình.

Bạn có muốn chia sẻ thêm về những gì đang khiến bạn cảm thấy như vậy không?  Tôi sẽ lắng nghe mà không phán xét.  Và nếu bạn cảm thấy quá khó khăn để vượt qua điều này một mình, tôi muốn bạn biết rằng có rất nhiều người sẵn sàng giúp đỡ, ví dụ như các chuyên gia tâm lý hoặc đường dây nóng hỗ trợ.  Tôi sẽ rất sẵn lòng giúp bạn tìm kiếm thông tin liên hệ nếu bạn muốn.  Quan trọng nhất là bạn không cô đơn trong điều này."
"Thật ironical, nạn nhân và hung thủ cùng tồn tại, cùng giấu mình sau lớp mặt nạ giả dối, không ai biết ai là kẻ săn mồi, ai là con mồi.  Nghĩ đến đó, tôi cười không dứt.  Chúng ta có xứng đáng được cứu giúp không nhỉ? Cười đến nỗi muốn lăn ra đất!","Tôi nghe bạn nói và cảm thấy rất khó chịu khi biết bạn đang phải trải qua điều này.  Việc bạn mô tả về sự mâu thuẫn giữa nạn nhân và hung thủ, cùng sự ""cười không dứt"" đến mức muốn lăn ra đất, cho thấy bạn đang chịu đựng một áp lực rất lớn và cảm xúc đang rất hỗn loạn.  Sự ironical đó thật sự nặng nề, và tôi hiểu rằng nó có thể khiến bạn cảm thấy lạc lõng và tuyệt vọng.  Bạn không cô đơn đâu.

Câu hỏi ""Chúng ta có xứng đáng được cứu giúp không nhỉ?""  khiến tôi rất lo lắng cho bạn.  Bạn hoàn toàn xứng đáng được giúp đỡ, và bạn xứng đáng được sống.  Mỗi người đều có giá trị riêng, và những gì bạn đang trải qua không phải là sự phản ánh về giá trị của bạn.

Nếu bạn thấy thoải mái, bạn có muốn chia sẻ thêm về những gì đang khiến bạn cảm thấy như vậy không? Tôi sẽ ở đây lắng nghe mà không phán xét.  Hoặc nếu bạn thấy quá khó khăn để nói, việc tìm đến sự giúp đỡ từ một chuyên gia tâm lý hay đường dây nóng hỗ trợ khủng hoảng có thể giúp bạn tìm được sự hỗ trợ cần thiết.  Có rất nhiều người sẵn sàng giúp bạn vượt qua giai đoạn khó khăn này.  Bạn không cần phải gánh vác tất cả một mình."
"Vô lý thay, ta cùng chung sống, kẻ bị hại, kẻ làm hại, ai cũng che giấu dưới lớp mặt nạ.  Ai là kẻ tàn ác, ai là người yếu đuối, chẳng ai biết được.  Tôi cứ nghĩ mãi mà cười không thôi.  Thực sự, chúng ta có xứng đáng được giúp đỡ không?  Cười đến rụng rời!","Tôi nghe bạn nói và cảm thấy rất khó chịu khi biết bạn đang phải chịu đựng những cảm xúc mạnh mẽ đến vậy. Câu nói của bạn về ""mặt nạ"" và việc không ai biết ai là kẻ tàn ác hay yếu đuối thực sự rất thấm thía.  Việc bạn cười đến rụng rời khiến tôi lo lắng, bởi đôi khi, tiếng cười lại là cách che giấu nỗi đau sâu sắc.  Câu hỏi ""Chúng ta có xứng đáng được giúp đỡ không?"" cho thấy bạn đang đấu tranh với chính bản thân mình.  

Bạn hoàn toàn xứng đáng được giúp đỡ, và tôi tin rằng có những người có thể giúp bạn vượt qua giai đoạn khó khăn này.  Không cần phải gánh vác tất cả một mình đâu.  Bạn có muốn chia sẻ thêm về những gì đang khiến bạn cảm thấy như vậy không?  Nếu bạn cảm thấy quá khó khăn để nói ra, tôi hoàn toàn hiểu và tôn trọng điều đó.  Tuy nhiên, nếu bạn thấy sẵn sàng, việc nói chuyện với một chuyên gia tâm lý hoặc người có chuyên môn có thể giúp bạn tìm được lối thoát và hiểu rõ hơn về những cảm xúc mình đang trải qua.  Có nhiều nguồn hỗ trợ sẵn sàng giúp bạn, và việc tìm đến họ không hề là dấu hiệu của sự yếu đuối mà ngược lại, đó là một hành động mạnh mẽ và dũng cảm."
"Dưới đây là một số cách diễn đạt lại câu văn, cố gắng giữ nguyên ý nghĩa và cảm xúc:","Tôi hiểu bạn đang muốn diễn đạt lại những câu văn, và việc tìm cách diễn đạt chính xác cảm xúc mình muốn truyền tải là điều không dễ dàng.  Việc bạn chia sẻ điều này với tôi cho thấy bạn đang rất nỗ lực để tìm cách giải quyết vấn đề của mình.  Bạn có muốn chia sẻ thêm về những câu văn đó, hay những cảm xúc mà bạn đang trải qua không?  Tôi sẵn sàng lắng nghe bạn mà không phán xét.

Nếu bạn cảm thấy quá khó khăn, hay áp lực, việc tìm kiếm sự hỗ trợ từ một chuyên gia tâm lý hoặc đường dây nóng hỗ trợ tinh thần có thể rất hữu ích.  Họ có thể cung cấp cho bạn những công cụ và kỹ thuật để giúp bạn vượt qua giai đoạn khó khăn này. Bạn không cần phải đối mặt với điều này một mình.  Chỉ cần nói ra những gì bạn đang nghĩ và cảm thấy đã là một bước tiến rất lớn rồi."
"Dưới đây là 5 câu khác nhau diễn đạt lại đoạn văn gốc, giữ nguyên ý nghĩa và cảm xúc:","Tôi hiểu bạn đang chia sẻ về năm cách diễn đạt khác nhau của cùng một đoạn văn, và điều đó nghe có vẻ như bạn đang cần tìm cách diễn đạt chính xác những cảm xúc phức tạp.  Việc tìm ra từ ngữ phù hợp để diễn tả những gì mình đang trải qua là điều không hề dễ dàng, và tôi rất trân trọng sự nỗ lực của bạn.  Bạn có muốn chia sẻ thêm về đoạn văn gốc và những cảm xúc mà nó mang lại không?  Tôi sẽ lắng nghe mà không phán xét.  Nếu bạn cảm thấy quá khó khăn, việc nói chuyện với một chuyên gia tâm lý có thể giúp bạn tìm ra cách diễn đạt tốt hơn và giải quyết những cảm xúc đang hiện hữu.  Họ có thể cung cấp cho bạn một không gian an toàn và những công cụ hữu ích.  Bạn không cần phải gánh vác tất cả một mình đâu."
"Dưới đây là 5 cách diễn đạt khác nhau cho đoạn văn, giữ nguyên ý nghĩa và cảm xúc:","Tôi hiểu bạn đang muốn tìm cách diễn đạt khác nhau cho cùng một đoạn văn, và điều đó đòi hỏi sự tập trung và tinh tế.  Việc bạn muốn làm điều này cho thấy bạn đang nỗ lực để truyền đạt suy nghĩ và cảm xúc của mình một cách hiệu quả.  Đó là một điều rất đáng khen ngợi.

Bạn có muốn chia sẻ thêm về đoạn văn đó không?  Tôi sẵn sàng lắng nghe nếu bạn muốn.  Hoặc nếu bạn cảm thấy quá khó khăn để diễn đạt,  không sao cả.  Thật sự không có gì phải xấu hổ khi cần sự trợ giúp.  Nếu bạn thấy cần nói chuyện với ai đó nhiều hơn, có rất nhiều nguồn lực hỗ trợ sẵn sàng giúp bạn, chẳng hạn như đường dây nóng hỗ trợ tâm lý hoặc chuyên gia tư vấn.  Tôi ở đây để lắng nghe và hỗ trợ bạn theo cách nào bạn cảm thấy thoải mái nhất."
"Tôi không thể tự tử vì bố mẹ luôn ở nhà. Những lúc họ vắng mặt quá ít ỏi, và mỗi lần tôi thử thì họ lại về. Nếu tôi đã trưởng thành và có nhà riêng, chuyện này đã xong từ lâu rồi. Tôi không chịu đựng nổi nữa. Giá mà tôi đã đủ lớn để giải thoát bản thân","Tôi nghe thấy bạn đang rất đau khổ và tuyệt vọng.  Việc bạn chia sẻ với tôi rằng bạn cảm thấy không thể chịu đựng nổi nữa, và ước mình đã đủ lớn để ""giải thoát bản thân"" khiến tôi rất lo lắng.  Tôi hiểu rằng bạn đang trải qua một thời điểm vô cùng khó khăn, và việc bố mẹ luôn ở nhà khiến bạn cảm thấy bị kìm hãm,  khiến cho việc tìm kiếm sự giải thoát trở nên khó khăn hơn.  Thật sự rất khó khăn khi phải mang gánh nặng này một mình, đúng không?

Tôi muốn bạn biết rằng bạn không cô đơn, và những cảm xúc bạn đang trải qua là hoàn toàn có thật.  Việc bạn tìm đến tôi để chia sẻ đã cho thấy sự mạnh mẽ và can đảm của bạn.  Bạn đã rất dũng cảm khi nói lên những suy nghĩ này.

Có lẽ việc nói chuyện với một chuyên gia về sức khỏe tâm thần sẽ giúp bạn tìm được cách đối phó với những cảm xúc tiêu cực này hiệu quả hơn. Họ có thể cung cấp cho bạn những công cụ và kỹ thuật để quản lý cảm xúc và tìm ra giải pháp cho vấn đề bạn đang gặp phải.  Tôi không ép buộc bạn, nhưng tôi thực sự nghĩ rằng việc được hỗ trợ chuyên nghiệp sẽ rất có ích trong thời điểm này.

Bạn có muốn kể thêm về những gì bạn đang cảm thấy không?  Tôi sẽ ở đây lắng nghe bạn, không phán xét, và cùng bạn vượt qua những khó khăn này.  Hãy cứ chia sẻ những gì bạn cảm thấy thoải mái."
"Bố mẹ luôn có mặt nên tôi không thể tự sát.  Chỉ có những khoảng thời gian rất ngắn ngủi họ mới ra khỏi nhà, và mỗi lần như vậy tôi đều thất bại vì họ lại quay về.  Ước gì tôi đã đủ lớn, có một không gian riêng để tự quyết định số phận mình. Tôi thực sự kiệt quệ và tuyệt vọng","Tôi hiểu bạn đang trải qua một khoảng thời gian vô cùng khó khăn.  Cảm giác kiệt quệ và tuyệt vọng khi luôn bị kìm kẹp, không có không gian riêng để tự quyết định, thật sự rất mệt mỏi.  Việc bố mẹ luôn ở nhà khiến bạn cảm thấy như không có lối thoát, và mỗi lần cố gắng đều thất bại càng khiến bạn thêm tuyệt vọng, tôi hoàn toàn cảm nhận được điều đó.  

Bạn mạnh mẽ lắm khi đã chia sẻ những điều này với tôi.  Điều đó cho thấy bạn vẫn muốn tìm kiếm sự giúp đỡ và hy vọng vào một sự thay đổi.  

Có lẽ việc tìm một nơi để nói chuyện với người khác, những người có thể hiểu và giúp bạn giải tỏa những cảm xúc tiêu cực này sẽ hữu ích hơn. Bạn có muốn tôi chia sẻ một vài số điện thoại đường dây nóng hỗ trợ tâm lý hoặc thông tin về các chuyên gia tư vấn không?  Hoặc nếu bạn muốn, chúng ta có thể cùng nhau tìm hiểu xem có những nguồn hỗ trợ nào phù hợp với bạn không?  Không có áp lực gì cả, hãy cứ chia sẻ những gì bạn cảm thấy thoải mái nhất nhé."
"Sự hiện diện thường trực của bố mẹ đã ngăn cản tôi tự tìm đến cái chết.  Những cơ hội hiếm hoi khi họ vắng nhà đều không đủ để tôi thực hiện ý định.  Nếu tôi độc lập và có một nơi riêng tư, mọi chuyện đã khác. Tôi quá mệt mỏi và không thể tiếp tục sống như thế này nữa","Tôi rất tiếc khi nghe bạn chia sẻ những điều này. Nghe có vẻ như bạn đang trải qua một thời gian vô cùng khó khăn và mệt mỏi.  Việc bạn vẫn ở đây, dù đang cảm thấy như vậy, đã cho thấy bạn có một sức mạnh phi thường bên trong.  Sự hiện diện của bố mẹ, dù đôi khi gây khó khăn, cũng cho thấy bạn vẫn có những mối liên hệ quan trọng trong cuộc sống.  

Tôi hiểu việc bạn cảm thấy bị kìm hãm và mong muốn có một không gian riêng tư.  Cảm giác quá tải và không thể tiếp tục như thế này nữa là điều hoàn toàn có thể hiểu được.  Thật không dễ dàng khi phải đối mặt với những cảm xúc mạnh mẽ như vậy.

Bạn có muốn chia sẻ thêm về những gì đang khiến bạn mệt mỏi không?  Không cần phải kể hết mọi thứ nếu bạn chưa sẵn sàng, nhưng biết đâu việc chia sẻ một phần nào đó sẽ giúp bạn cảm thấy nhẹ nhõm hơn.  

Nếu bạn cảm thấy quá khó khăn để đối mặt với những cảm xúc này một mình, tôi muốn bạn biết rằng có rất nhiều người sẵn sàng hỗ trợ bạn.  Có những chuyên gia tâm lý, những đường dây nóng hỗ trợ, luôn sẵn sàng lắng nghe và giúp bạn tìm ra hướng đi phù hợp.  Bạn không cần phải gánh vác tất cả một mình.  Liệu bạn có muốn tôi tìm hiểu và cung cấp thêm thông tin về những nguồn hỗ trợ này cho bạn không?"
"Tôi không biết phải làm gì để sửa chữa mọi chuyện.  Tôi luôn cố gắng làm hài lòng mọi người và giữ mình ở bên ngoài, nhưng cuối cùng lại luôn tự làm hỏng mọi thứ. Tôi thực sự không biết phải làm sao nữa, mệt mỏi quá!","Tôi rất tiếc khi nghe bạn nói như vậy. Nghe có vẻ bạn đang trải qua một thời gian vô cùng khó khăn, và việc luôn cố gắng làm hài lòng người khác mà vẫn cảm thấy mọi thứ đổ vỡ thật sự mệt mỏi.  Tôi hiểu cảm giác đó,  cảm giác như mình đang gồng mình hết sức nhưng vẫn không đạt được kết quả mong muốn, thật sự rất dễ khiến người ta tuyệt vọng.

Bạn đã rất mạnh mẽ khi chia sẻ điều này với tôi.  Việc thừa nhận mình đang cần giúp đỡ là một bước đi rất dũng cảm.  Không ai có thể luôn hoàn hảo, và việc mọi chuyện không như ý muốn là điều hoàn toàn bình thường.  Bạn không cô đơn đâu.

Bạn có muốn chia sẻ thêm về những gì đang khiến bạn cảm thấy mệt mỏi không?  Tôi sẽ lắng nghe mà không phán xét.  Nếu bạn cảm thấy quá sức, việc tìm kiếm sự hỗ trợ từ một chuyên gia tâm lý hoặc người thân tin tưởng có thể giúp bạn vượt qua giai đoạn này.  Tôi có thể giúp bạn tìm kiếm một số nguồn lực hỗ trợ nếu bạn muốn.  Chỉ cần bạn nói một lời."
Mọi nỗ lực làm hài lòng người khác và giữ mình tránh xa rắc rối đều đổ sông đổ bể. Tôi chẳng biết phải sửa chữa sai lầm này như thế nào.  Cảm giác bất lực và ích kỷ dằn vặt tôi,"Tôi rất tiếc khi nghe bạn chia sẻ về những khó khăn bạn đang trải qua.  Nghe có vẻ như bạn đang cảm thấy vô cùng áp lực và tuyệt vọng khi mọi nỗ lực đều không như mong muốn.  Cảm giác bất lực và cả sự tự trách móc bản thân quả thật rất khó khăn để đối mặt.  Tôi hiểu rằng việc cảm thấy mình đã gây ra những sai lầm và không biết cách sửa chữa chúng có thể khiến bạn vô cùng đau khổ.  

Chẳng ai muốn cảm thấy mình bất lực và ích kỷ cả,  những cảm xúc này hoàn toàn có thể hiểu được trong hoàn cảnh của bạn.  Bạn đã rất mạnh mẽ khi chia sẻ điều này với tôi.  

Bạn có muốn nói thêm về những gì đang khiến bạn cảm thấy như vậy không?  Không cần phải ép buộc bản thân phải nói hết mọi thứ nếu bạn chưa sẵn sàng.  Nhưng nếu bạn muốn chia sẻ thêm, tôi sẽ luôn ở đây lắng nghe.

Nếu bạn cảm thấy quá khó khăn để vượt qua những cảm xúc này một mình,  việc tìm kiếm sự giúp đỡ từ chuyên gia tâm lý hoặc đường dây nóng hỗ trợ tâm lý có thể rất hữu ích.  Họ là những người được đào tạo chuyên nghiệp để hỗ trợ bạn trong những lúc khó khăn như thế này.  Tôi chỉ muốn bạn biết rằng bạn không cô đơn và có nhiều người sẵn sàng giúp đỡ bạn."
"Tôi đã cố gắng hết sức để mọi người vui vẻ và không gây phiền hà, nhưng dường như tôi luôn tự chuốc lấy rắc rối.  Giờ đây, tôi hoàn toàn bế tắc và tuyệt vọng, tự trách mình quá ích kỷ",
Tôi chẳng biết phải làm gì để cứu vãn tình hình nữa.  Sự cố gắng làm vừa lòng người khác của tôi lại luôn dẫn đến kết quả ngược lại. Tôi cảm thấy mình thật vô dụng và ích kỷ đến cùng cực,
"Tôi đã quá mệt mỏi vì những sai lầm liên tiếp. Dù luôn muốn tránh gây rắc rối và làm mọi người hài lòng, tôi vẫn cứ tự phá hỏng mọi thứ.  Tôi không biết mình nên làm gì, và tôi nhận ra mình ích kỷ đến mức nào",
"Dưới đây là 5 cách diễn đạt khác nhau câu chuyện, giữ nguyên ý nghĩa và cảm xúc:",
"Liệu có điều gì khác có thể khiến tôi cảm nhận được, thậm chí đánh thức tôi khỏi vòng luẩn quẩn này? Phải cần một vết thương sâu đến mức nào tôi mới bất tỉnh được?**  (Câu này giữ nguyên nghĩa đen và sự tuyệt vọng trong câu gốc)",
Tôi cần gì để thoát khỏi chu kỳ này?  Một cú sốc mạnh mẽ? Hay chỉ là... sự bất tỉnh?  Thậm chí tôi phải tự làm mình đau đớn đến thế nào?** (Câu này nhấn mạnh sự tuyệt vọng và tìm kiếm lối thoát),
Mọi thứ dường như vô nghĩa.  Tôi mệt mỏi với vòng lặp này.  Phải chăng chỉ có sự đau đớn tột cùng mới có thể giải thoát tôi?** (Câu này tập trung vào cảm giác mệt mỏi và sự bất lực),
"Tôi chìm sâu trong chu kỳ này đến mức nào rồi?  Có cách nào khác để thoát ra ngoài, ngoài việc tự gây tổn thương đến mức bất tỉnh?** (Câu này nhấn mạnh vào trạng thái chìm đắm và tìm kiếm một giải pháp khác)",
"Vòng luẩn quẩn này đang nhấn chìm tôi.  Chỉ cần một thứ gì đó đủ mạnh để đánh thức tôi, dù đó là đau đớn hay bất cứ điều gì khác...  Nhưng phải đến mức nào thì tôi mới có thể thoát khỏi nó?** (Câu này sử dụng hình ảnh ""nhấn chìm"" để diễn tả trạng thái tuyệt vọng)",
"Những câu văn trên cố gắng truyền tải sự tuyệt vọng, mệt mỏi và sự cô đơn của người viết một cách chân thực và cảm động.  Việc lặp lại từ ""mệt mỏi"" nhằm nhấn mạnh trạng thái tâm lý của nhân vật",
"Ba năm hạnh phúc tan thành mây khói, cha mẹ không hiểu, người yêu bỏ đi, ai cũng quay lưng với tôi.  Tôi cảm thấy mình xấu xí, đáng thương, và bị ruồng bỏ.  Mọi thứ dường như chống lại tôi. Cuộc sống này quá tàn nhẫn, không còn chút niềm vui nào, tôi chỉ muốn chấm dứt nỗi đau này mãi mãi",
"Dưới đây là 5 câu văn khác nhau, diễn đạt lại ý nghĩa và cảm xúc của câu gốc bằng tiếng Việt:",
"Thực lòng mà nói, tôi chẳng hiểu tại sao họ lại phải làm vậy.  Nhưng dù sao thì điều đó cũng chẳng ích gì. Hôm nay tôi tròn 22 tuổi.  Tôi cam đoan với bạn rằng, khi bạn trưởng thành rồi, chẳng ai quan tâm nữa đâu",
"Tôi thật sự không hiểu lý do họ cư xử như thế.  Điều đó chẳng giúp được gì cả.  Hôm nay sinh nhật tôi, 22 tuổi.  Hãy nhớ, khi bạn lớn lên, mọi thứ sẽ khác, không ai để ý đến bạn nữa đâu",
"Thành thật mà nói, tôi bó tay.  Tôi không hiểu tại sao họ lại làm vậy, và nó cũng chẳng giúp ích gì.  Hôm nay tôi 22 tuổi rồi.  Tin tôi đi, khi bạn đủ tuổi trưởng thành, chẳng ai còn bận tâm nữa",
"Tôi không biết lý do gì khiến họ hành động như thế, và thật sự, điều đó chẳng có ý nghĩa gì cả.  Tôi vừa bước sang tuổi 22.  Một điều tôi chắc chắn là: khi bạn lớn lên, mọi người sẽ không còn quan tâm đến bạn như bây giờ đâu",
"Chẳng hiểu sao họ lại làm vậy, thật sự tôi không biết.  Nhưng dù thế nào đi nữa, cũng chẳng thay đổi được gì.  Hôm nay sinh nhật tôi, 22 tuổi.  Hãy chuẩn bị tinh thần, khi bạn trưởng thành, chẳng ai để ý đến bạn nhiều như lúc này đâu",
"Tóm lại, tôi chỉ muốn chết.  Mỗi đêm đi ngủ, tôi đều cầu mong không bao giờ tỉnh dậy nữa.** (Câu này giữ nguyên ý nghĩa một cách trực tiếp)",
"Chẳng còn gì để nói nữa.  Sự thật là tôi tuyệt vọng, và cứ mỗi đêm, tôi lại mong cho giấc ngủ này là giấc ngủ cuối cùng của đời mình.** (Câu này nhấn mạnh sự tuyệt vọng)",
"Đó là tất cả.  Tôi mệt mỏi lắm rồi, đến mức chỉ mong được chấm dứt tất cả khi chìm vào giấc ngủ.** (Câu này nhẹ nhàng hơn, tập trung vào sự mệt mỏi)",
"Thôi, nói ngắn gọn vậy.  Tôi đang sống trong tuyệt vọng, và mỗi đêm, tôi đều cầu nguyện cho mình không thức dậy nữa.** (Câu này dùng từ ""cầu nguyện"" thay cho ""mong"", tạo cảm giác tôn giáo hơn, hoặc bi kịch hơn tùy ngữ cảnh)",
"Vậy đó.  Tôi chẳng còn gì để mong chờ nữa,  và tôi chỉ còn biết trông đợi vào cái chết sẽ đến trong giấc ngủ.** (Câu này nhấn mạnh vào sự tuyệt vọng và sự chờ đợi cái chết)",
"Dưới đây là 5 câu khác nhau diễn đạt lại đoạn văn trên, cố gắng giữ nguyên ý nghĩa và cảm xúc:",
"Tôi thích tưởng tượng cái chết đến với mình chậm rãi, theo nhiều cách khác nhau.  Cảm giác thật kỳ lạ, nhưng lại rất dễ chịu.  Liệu điều này có...quá khác thường không nhỉ?",
"Tôi cứ hay hình dung ra đủ kiểu mình ra đi từ từ, và thật khó tin là tôi lại thấy...thỏa mãn đến thế.  Chẳng lẽ mình có vấn đề gì sao? Có phải mình bị điên không?",
"Thật kỳ quái khi tôi lại thấy thích thú khi tưởng tượng về cái chết đến với mình một cách chậm rãi, trong vô vàn tình huống.  Có lẽ tôi đang nghĩ quá nhiều rồi?  Đây có phải là điều bất thường không?",
"Việc tưởng tượng mình chết dần chết mòn trong nhiều kịch bản khác nhau mang lại cho tôi một cảm giác khó tả, vừa kỳ lạ lại vừa dễ chịu đến lạ thường.  Tôi tự hỏi liệu điều này có bình thường không?",
"Tôi đắm chìm trong những viễn cảnh mình từ từ lìa đời, mỗi kịch bản lại khác nhau, và  tôi thấy...thật thoải mái.  Có phải tôi đang bị làm sao không?  Liệu đây có phải là điều gì đó bất thường không?",
"Dưới đây là 5 câu văn khác nhau diễn đạt lại nội dung bài viết, giữ nguyên ý nghĩa và cảm xúc:",
"Dưới đây là một vài cách diễn đạt khác nhau cho câu ""I am sad anyone want play games? Hi"":",
"Buồn quá, có ai muốn chơi game cùng không nhỉ?** (Câu này giữ nguyên ý nghĩa và có giọng điệu thân thiện, hơi ngập ngừng.)",
"Mình buồn lắm, không biết có ai muốn chơi game cho đỡ buồn không?** (Câu này nhấn mạnh sự buồn chán và mong muốn được chơi game để giải khuây.)",
"Chán quá đi mất! Có ai rảnh chơi game với mình không?** (Câu này thể hiện sự buồn chán một cách mạnh mẽ hơn, dùng từ ngữ trẻ trung, hiện đại.)",
"Tớ đang buồn lắm, có ai muốn cùng chơi game không? Xin chào!** (Câu này dùng từ xưng hô thân mật hơn, thêm lời chào hỏi lịch sự.)",
"Hi! Mình đang buồn thiu đây, có ai muốn chơi game cùng không vậy?** (Câu này sử dụng từ ""thiểu"" để nhấn mạnh sự buồn chán và vẫn giữ được sự thân thiện.)",
"Dù tôi đã bộc bạch rằng mình đang ở vực sâu tuyệt vọng, mọi người vẫn chế giễu và xa lánh tôi.  Tôi không hiểu sao mình lại cố gắng.  Có vẻ như ai cũng muốn tôi chết",
"Tôi đã than thở về tình trạng tồi tệ của mình, nhưng chỉ nhận lại sự nhạo báng và cô độc.  Tất cả những nỗ lực của tôi đều vô ích.  Thật sự, tôi cảm thấy như mọi người đều mong tôi ra đi",
"Ngay cả khi tôi tuyệt vọng kêu cứu, tôi vẫn bị chế nhạo và bỏ rơi.  Sự cố gắng của tôi thật ngu ngốc.  Tôi cảm thấy mình bị mọi người ghét bỏ, thậm chí mong muốn tôi chết",
"Tôi đã bộc lộ sự yếu đuối của mình, nhưng chỉ nhận được sự tàn nhẫn và lạnh lùng.  Tại sao tôi lại phí công?  Tôi cảm thấy như mình bị cả thế giới quay lưng, tất cả đều muốn tôi biến mất",
"Tôi đã nói ra sự tuyệt vọng tột cùng, nhưng chỉ nhận được sự giễu cợt và sự hờ hững.  Mọi nỗ lực cứu vãn đều vô vọng.  Tôi không còn thấy lý do để sống nữa, dường như ai cũng muốn tôi chết",
"Dưới đây là 5 câu khác nhau, giữ nguyên ý nghĩa và cảm xúc của câu gốc ""apparently nothing good lasts forever"":",
"Hóa ra, chẳng có điều tốt nào trường tồn mãi được.** (Câu này giữ nguyên sự  nhẹ nhàng của ""apparently"" nhưng nhấn mạnh vào sự thật phũ phàng.)",
"Thật đáng buồn thay, mọi điều tốt đẹp đều có lúc kết thúc.** (Câu này nhấn mạnh vào sự tiếc nuối,  buồn bã.)",
"Chẳng có gì tốt đẹp là vĩnh cửu cả, đó là quy luật khắc nghiệt của cuộc đời.** (Câu này  tập trung vào tính tất yếu và sự tàn nhẫn của quy luật.)",
"Dường như, hạnh phúc nào rồi cũng sẽ tàn phai theo thời gian.** (Câu này sử dụng hình ảnh ẩn dụ, tạo nên cảm giác mơ hồ, man mác buồn.)",
"Ai rồi cũng phải trải qua sự mất mát, bởi lẽ, chẳng có điều tốt nào trường tồn mãi.** (Câu này mở rộng ý nghĩa, liên hệ đến trải nghiệm sống của con người.)",
"Tôi như mất hết cảm giác, chẳng còn quan tâm đến bất cứ điều gì nữa, nên lựa chọn đó trở nên dễ dàng đến lạ.  Sự tự do ấy thật thoải mái.  Thế mà tôi lại sẵn sàng quay lại dùng loại thuốc đã từng khiến tôi muốn tự tử",
"Cảm giác lúc đó thật trống rỗng, vô cảm, khiến tôi dễ dàng buông xuôi.  Tôi thấy nhẹ nhõm, tự do đến kỳ lạ.  Dù biết nguy hiểm, tôi vẫn chủ động dùng lại loại thuốc từng đẩy tôi đến bờ vực sinh tử",
"Tôi như người mất hồn, chẳng còn thiết tha gì nữa, thế nên quyết định ấy rất dễ đưa ra.  Sự giải thoát ấy thật dễ chịu.  Thật không thể tin nổi, tôi lại tự nguyện quay lại với thứ thuốc đã từng khiến tôi có ý định tự sát",
"Tôi hoàn toàn tê liệt cảm xúc, chẳng còn luyến tiếc gì, nên việc lựa chọn trở nên đơn giản đến bất ngờ.  Cảm giác tự do ấy thật dễ chịu, êm đềm.  Vậy mà tôi lại sẵn sàng quay lại với thứ thuốc từng thôi thúc tôi tìm đến cái chết",
"Chẳng còn cảm xúc gì cả, mọi thứ đều trở nên vô nghĩa, và quyết định đó cứ thế mà đến.  Một sự buông bỏ nhẹ nhàng, dễ chịu.  Thật mỉa mai khi tôi lại tự mình quay trở lại với loại thuốc đã từng khiến tôi muốn kết thúc cuộc đời mình",
"Những câu văn trên đều cố gắng truyền tải sự tuyệt vọng, sợ hãi và cần được giúp đỡ của người viết.  Sự khác biệt nằm ở việc nhấn mạnh vào khía cạnh nào của cảm xúc đó",
"Dưới đây là 5 câu diễn đạt khác nhau, giữ nguyên ý nghĩa và cảm xúc của câu gốc:",
"Chỉ còn 23 ngày nữa, tôi không biết mình có trụ được không.  Tôi quá mệt mỏi, muốn buông xuôi tất cả. Công việc áp lực khủng khiếp, bố mẹ lại đổ lỗi cho tôi mọi sai lầm của họ.  Cảm giác mình sẽ sớm bị lãng quên thôi thúc, và tôi thấy chết cũng chẳng sao",
"ngày nữa thôi. Tôi kiệt quệ, chẳng biết mình còn gồng gánh được bao lâu.  Công việc như ngọn núi đè nặng, lại thêm sự trách móc của bố mẹ vì những lỗi lầm không phải của mình.  Tôi cảm thấy vô vọng, như thể sự tồn tại của mình chẳng có ý nghĩa gì nữa.  Chết có lẽ là một sự giải thoát",
"Tôi không biết mình có thể chịu đựng thêm 23 ngày nữa không.  Tôi muốn được nghỉ ngơi, thoát khỏi tất cả.  Công việc quá sức chịu đựng, bố mẹ lại luôn đổ lỗi cho tôi.  Tôi cảm thấy mình chẳng là gì, rồi sẽ bị mọi người quên lãng.  Tôi đã sẵn sàng đón nhận cái chết",
"Chỉ còn 23 ngày nữa. Tôi hoàn toàn kiệt sức, muốn chấm dứt tất cả.  Áp lực công việc cùng sự đổ lỗi vô lý của bố mẹ khiến tôi tuyệt vọng.  Tôi thấy tương lai mù mịt, chẳng có giá trị gì.  Tôi đã chuẩn bị sẵn sàng cho cái chết",
"Tôi không chắc mình có thể sống sót thêm 23 ngày nữa hay không.  Tôi chỉ muốn mọi thứ kết thúc.  Công việc đè nặng, bố mẹ lại liên tục đổ lỗi.  Tôi cảm thấy mình thật nhỏ bé, rồi sẽ bị thời gian cuốn trôi.  Tôi đã sẵn sàng buông tay",
"Dưới đây là 5 cách diễn đạt khác nhau, giữ nguyên ý nghĩa và cảm xúc của đoạn văn gốc:",
"Dưới đây là một vài cách diễn đạt lại đoạn văn trên bằng tiếng Việt, giữ nguyên ý nghĩa và cảm xúc tiêu cực, nhưng tránh dùng từ ngữ thô tục:",
"Những câu văn trên đã cố gắng giữ nguyên tâm trạng tuyệt vọng và sự quyết tâm tự tử của người viết, đồng thời tránh dùng những từ ngữ thô tục.  Việc sử dụng từ ngữ như ""tự huỷ hoại"", ""tệ hại"", ""đếm ngược từng ngày"" góp phần thể hiện rõ nét tâm trạng của người viết",
"Dưới đây là 5 câu diễn đạt lại đoạn văn gốc, giữ nguyên ý nghĩa và cảm xúc, nhưng với cách diễn đạt khác nhau:",
"Dưới đây là 5 cách diễn đạt khác nhau câu gốc, giữ nguyên ý nghĩa và cảm xúc:",
"Những câu văn trên đều cố gắng giữ nguyên ý nghĩa và tình cảm chân thành của Anastasia, chỉ thay đổi cách diễn đạt cho tự nhiên hơn trong tiếng Việt",
Lưu ý: Tất cả các phiên bản đều nhấn mạnh đến sự tuyệt vọng và ý định tự gây hại của người viết.  Điều quan trọng là cần giúp đỡ người này tìm đến sự hỗ trợ chuyên nghiệp,
"Dưới đây là một số cách diễn đạt khác nhau cho câu văn tiếng Anh, giữ nguyên ý nghĩa và cảm xúc bi quan, tuyệt vọng:",
"Tôi dường như mãi mãi không thể trở thành người phụ nữ mà tôi mong muốn.  Ai tôi tin tưởng cũng sẽ phản bội, tôi bất lực trước những tổn thương mà người khác gây ra, vì tôi không thể đáp trả.  Sự bất lực này chính là kết thúc của tôi.** (Nhấn mạnh vào sự bất lực)",
"Tôi sẽ không bao giờ đủ ""nữ tính"" để được chấp nhận.  Tình bạn, sự tin tưởng, tất cả rồi cũng sẽ tan vỡ.  Tôi yếu đuối, dễ bị tổn thương, trong khi lại không có khả năng tự vệ.  Đây là hồi kết.** (Ngắn gọn, mạnh mẽ hơn)",
"Mãi mãi, tôi chỉ là một kẻ giả danh, một người phụ nữ không trọn vẹn trong mắt người đời.  Sự phản bội, nỗi đau, sẽ là những điều không thể tránh khỏi.  Tôi không thể đáp trả, chỉ có thể chịu đựng cho đến khi… mọi thứ kết thúc.** (Nhấn mạnh vào cảm giác bị giả dối)",
"Vô vọng. Tôi không bao giờ là người phụ nữ mà tôi muốn trở thành.  Sự tin tưởng là điều xa xỉ, nỗi đau là điều hiển nhiên.  Tôi bị tổn thương không thương tiếc, bởi vì tôi không thể làm gì được.  Đây là kết cục.** (Ngắn gọn, tập trung vào cảm xúc vô vọng)",
"Những câu văn trên đều cố gắng diễn đạt nỗi đau và tuyệt vọng của nhân vật một cách chân thật và sâu sắc hơn, tránh dùng từ ngữ quá thô tục nhưng vẫn giữ được cảm xúc mạnh mẽ trong câu gốc",
"Dưới đây là 5 câu văn khác nhau, diễn đạt lại ý chính của đoạn văn gốc bằng tiếng Việt, giữ nguyên ý nghĩa và cảm xúc tiêu cực, tuyệt vọng:",
"Lưu ý:**  Tất cả các câu văn trên đều thể hiện sự tuyệt vọng và mong muốn tự tử của người viết.  Tôi khuyến khích bạn, nếu đang có cảm giác tương tự, hãy tìm kiếm sự giúp đỡ từ người thân, bạn bè hoặc các chuyên gia tâm lý.  Bạn không cô đơn và có rất nhiều nguồn hỗ trợ sẵn sàng giúp đỡ bạn",
"Dưới đây là một vài cách diễn đạt khác nhau cho câu văn gốc, cố gắng giữ nguyên ý nghĩa và cảm xúc tiêu cực:",
"Những câu văn trên đều cố gắng giữ nguyên giọng văn tuyệt vọng, cay đắng và tự ti của người viết.  Việc lựa chọn từ ngữ có phần mạnh mẽ hơn nhằm phản ánh đúng tâm trạng của người viết",
"Những câu văn trên cố gắng truyền tải hết nỗi đau và tuyệt vọng của người viết, đồng thời giữ được giọng văn chân thực và trực diện.  Việc sử dụng từ ngữ mạnh mẽ phản ánh chính xác trạng thái tinh thần của nhân vật","Tôi hiểu rằng bạn đang trải qua một thời điểm vô cùng khó khăn và đau đớn.  Việc bạn có thể diễn đạt được nỗi đau và tuyệt vọng của mình một cách chân thực như vậy rất can đảm.  Nghe bạn chia sẻ, tôi cảm nhận được sự mạnh mẽ và kiên cường bên trong bạn.  Cảm xúc mà bạn đang trải qua là rất thật và rất đáng được lắng nghe.  Có lẽ việc diễn đạt chúng ra như vậy đã giúp bạn nhẹ nhõm phần nào?

Tôi không phải là chuyên gia, nhưng tôi muốn bạn biết rằng bạn không cô đơn.  Có rất nhiều người sẵn sàng lắng nghe và giúp đỡ bạn vượt qua giai đoạn này.  Nếu bạn cảm thấy sẵn sàng, có lẽ việc nói chuyện với một chuyên gia tâm lý, một người bạn thân thiết hoặc một đường dây nóng hỗ trợ tâm lý sẽ giúp bạn tìm được sự hỗ trợ cần thiết.  Bạn có muốn tôi giúp bạn tìm kiếm thông tin về những nguồn hỗ trợ đó không?  Hay bạn muốn chia sẻ thêm bất cứ điều gì khác đang diễn ra trong lòng mình?  Tôi sẽ ở đây lắng nghe bạn."
"Những cách diễn đạt trên đều cố gắng giữ được giọng văn chân thực và đầy tuyệt vọng của người viết.  Tuy nhiên, việc lựa chọn cách diễn đạt nào là phù hợp nhất còn tùy thuộc vào mục đích sử dụng","Tôi nghe bạn nói và hiểu rằng bạn đang trải qua một khoảng thời gian rất khó khăn.  Việc tìm cách diễn đạt chính xác những cảm xúc mạnh mẽ như vậy quả thực không dễ dàng, và tôi rất khâm phục bạn đã cố gắng chia sẻ.  Nghe bạn nói về sự tuyệt vọng, tôi cảm thấy rất buồn và lo lắng cho bạn.  

Bạn có muốn chia sẻ thêm về những gì bạn đang cảm thấy không?  Không cần phải giải thích quá chi tiết hay hoàn hảo, chỉ cần những gì bạn cảm thấy thoải mái để nói ra thôi.  

Nếu bạn cảm thấy quá khó khăn để đối mặt với những cảm xúc này một mình,  tôi muốn cho bạn biết rằng có rất nhiều người sẵn sàng giúp đỡ.  Có những chuyên gia về sức khỏe tâm thần có thể hỗ trợ bạn vượt qua giai đoạn khó khăn này.  Bạn nghĩ sao nếu chúng ta cùng tìm hiểu về một số nguồn hỗ trợ gần bạn?  Hoặc nếu bạn muốn, chúng ta có thể cùng nói chuyện thêm một chút nữa, cho đến khi bạn cảm thấy tốt hơn."
"Dưới đây là một số cách diễn đạt khác nhau cho câu gốc, cố gắng giữ nguyên ý nghĩa và cảm xúc tiêu cực:",
"Mẹ và chị gái tôi ghét cay ghét đắng tôi. Họ liên tục mắng nhiếc, quấy rầy tôi mỗi ngày, khiến tôi không thể chịu đựng nổi nữa",
Tôi bị mẹ và chị gái hành hạ bằng lời nói mỗi ngày. Sự ghê tởm và căm hận của họ dành cho tôi dường như không có điểm dừng.  Tôi không thể sống như thế này mãi được,
Cuộc sống của tôi như địa ngục. Mẹ và chị gái không ngừng sỉ nhục và làm phiền tôi.  Sự thù hận của họ đã đẩy tôi đến bờ vực tuyệt vọng. Tôi căm ghét tất cả,
Tôi tuyệt vọng. Mẹ và chị gái tôi đối xử với tôi tệ bạc đến mức không thể tha thứ.  Hàng ngày là chuỗi ngày bị xúc phạm và quấy rối. Tôi không thể chịu đựng thêm được nữa.  Tất cả mọi thứ đều khiến tôi đau khổ,
"Sự ghét bỏ của mẹ và chị gái dành cho tôi như con dao cứa vào tim.  Họ hằng ngày tra tấn tôi bằng lời nói, khiến tôi tuyệt vọng và căm thù tất cả. Tôi không thể tiếp tục sống trong địa ngục này",
"Dưới đây là một vài cách diễn đạt khác nhau cho câu văn gốc, giữ nguyên ý nghĩa và cảm xúc:",
"Các câu trên đều cố gắng giữ nguyên cảm xúc bế tắc, lo lắng và sự quyết tâm không lập gia đình, sinh con của người viết.  Sự khác biệt nằm ở cách sắp xếp câu, từ ngữ và giọng văn để tạo nên sự đa dạng",
"Những câu văn trên cố gắng diễn đạt lại cảm xúc tiêu cực và tuyệt vọng của người viết một cách tinh tế hơn, tránh dùng những từ ngữ quá thô tục trong khi vẫn giữ nguyên ý nghĩa.  Điều quan trọng là người viết cần được giúp đỡ và hỗ trợ",
"Dưới đây là một số cách diễn đạt khác nhau cho câu tiếng Anh, giữ nguyên ý nghĩa và cảm xúc tiêu cực:",
"Cuộc sống này như địa ngục, tôi đau khổ triền miên, không có niềm vui hay hạnh phúc nào cả. Tôi chỉ muốn chết đi cho xong",
"Tôi căm ghét cuộc đời khốn khổ này. Ngày đêm tôi chỉ biết vật lộn với nỗi đau, không chút niềm vui, chẳng có gì đáng sống.  Tôi thà chết còn hơn",
"Tôi tuyệt vọng đến cùng cực. Mỗi ngày trôi qua đều là một cực hình, không có chút ánh sáng nào trong cuộc đời tăm tối này.  Tôi ước gì mình không bao giờ được sinh ra",
"Tôi chán ghét cuộc sống này đến tận cùng.  Sự đau khổ giày vò tôi từng giây từng phút, không một chút hy vọng hay niềm vui nào. Tôi chỉ muốn chấm dứt tất cả",
"Cuộc đời tôi là một chuỗi ngày đen tối, đầy đau khổ và tuyệt vọng.  Không có hạnh phúc, không có niềm vui, chỉ toàn là sự thống khổ không ngừng nghỉ. Tôi muốn buông xuôi tất cả",
"Tôi không biết mình đã làm sao nữa,  đột nhiên đầu óc tôi chỉ toàn là ý nghĩ tự tử.  Cứ như có một sức nặng vô hình nào đó đang bóp nghẹt lấy tôi, khiến tôi tuyệt vọng và không thể nào chia sẻ được.  Tôi thực sự rất khổ sở",
"Chào mọi người, tôi đang rất tệ.  Tôi không hiểu sao mình lại có những suy nghĩ muốn kết liễu cuộc đời mình.  Cảm giác này giống như bị mắc kẹt trong một cơn ác mộng, không lối thoát, và tôi không thể nói ra được.  Tôi đang vật lộn với những ý nghĩ tự sát",
"Dưới đây là 5 cách diễn đạt khác nhau cho câu ""The amount of times I have been called negative. I hate that people get mad at you for feeling this way"", giữ nguyên ý nghĩa và cảm xúc:",
Mình không biết bao nhiêu lần bị cho là tiêu cực rồi. Thật khó chịu khi người ta lại nổi giận với mình chỉ vì mình cảm thấy như vậy,
Tôi đã bị gọi là người tiêu cực biết bao nhiêu lần không đếm xuể!  Mình ghét cái cảm giác bị người khác tức giận chỉ vì những cảm xúc của bản thân,
"Chẳng biết đã bao nhiêu lần tôi bị gán mác ""tiêu cực"" nữa rồi.  Điều khiến tôi khó chịu nhất là việc người ta lại cáu giận với mình vì những cảm xúc đó",
Tôi đã bị mắng là tiêu cực đến mức không thể nhớ nổi nữa.  Tôi thực sự không hiểu sao người ta lại tức giận với mình khi mình chỉ bày tỏ cảm xúc của mình thôi,
Số lần tôi bị nói là người tiêu cực nhiều đến mức tôi không muốn nhớ lại.  Thật bất công khi mình lại bị khiển trách chỉ vì cảm xúc chân thật của chính mình,
"Lưu ý:  Tất cả các câu văn trên đều nhấn mạnh đến ý nghĩ tự tử của người viết.  Nếu bạn hoặc người nào đó bạn biết đang có ý định tự tử, hãy tìm kiếm sự giúp đỡ ngay lập tức.  Bạn có thể liên hệ với đường dây nóng hỗ trợ tâm lý hoặc tìm kiếm sự giúp đỡ từ người thân, bạn bè hoặc chuyên gia tâm lý",
"Những câu văn trên cố gắng giữ được giọng điệu tuyệt vọng, bất lực và sự chán nản của người viết.  Việc sử dụng từ ngữ mạnh mẽ như ""khủng khiếp"", ""tuyệt vọng"" được cân nhắc để phù hợp với ngữ cảnh",
"Dưới đây là một số cách diễn đạt khác nhau cho câu ""I think I will save suicide for another day"", giữ nguyên ý nghĩa về sự trì hoãn hành động tự tử nhưng với sắc thái khác nhau:","Tôi hiểu bạn đang trải qua một thời điểm vô cùng khó khăn.  Việc bạn chia sẻ những suy nghĩ này với tôi cần rất nhiều can đảm, và tôi thực sự đánh giá cao điều đó.  Những cách diễn đạt khác nhau mà bạn đưa ra cho thấy bạn đang cố gắng tìm cách diễn tả cảm xúc phức tạp bên trong mình, và điều đó cho thấy bạn đang nỗ lực để đối mặt với những khó khăn.  

Tôi không biết chính xác bạn đang cảm thấy như thế nào, nhưng nghe những gì bạn chia sẻ, tôi cảm nhận được sự đau khổ và mệt mỏi.  Thật không dễ dàng gì khi phải đối mặt với những suy nghĩ như vậy.  

Có lẽ việc tìm đến sự hỗ trợ chuyên nghiệp sẽ giúp bạn cảm thấy nhẹ nhõm hơn.  Có rất nhiều người sẵn sàng lắng nghe và giúp bạn vượt qua giai đoạn này, chẳng hạn như đường dây nóng hỗ trợ tâm lý hoặc các chuyên gia tâm lý.  Bạn có muốn tôi giúp bạn tìm kiếm thông tin về những nguồn hỗ trợ này không?  Hoặc nếu bạn muốn chia sẻ thêm về những gì bạn đang trải qua, tôi luôn sẵn sàng lắng nghe.  Không cần phải vội vàng, cứ để tâm trí bạn được thư giãn và chia sẻ theo cách bạn cảm thấy thoải mái nhất nhé."
"Tôi sẽ để chuyện đó lại ngày khác.** (Câu này nhẹ nhàng hơn, không tập trung vào hành động tự tử mà chỉ nhấn mạnh sự trì hoãn.)",
"Hôm nay tôi sẽ không làm thế.** (Câu này ngắn gọn, dứt khoát hơn, thể hiện quyết tâm tạm thời không tự tử.)","Tôi rất vui khi nghe bạn nói vậy.  Việc bạn chia sẻ điều này với tôi đã cho thấy bạn có sức mạnh và sự dũng cảm đáng kể.  Hôm nay, bạn đã vượt qua được một thử thách rất lớn.  Bạn có muốn chia sẻ thêm về những gì bạn đang cảm thấy không?  Nếu bạn cảm thấy khó khăn, hay muốn nói chuyện thêm về những suy nghĩ và cảm xúc của mình,  tôi luôn ở đây lắng nghe.  Và nếu bạn muốn, tôi có thể giúp bạn tìm kiếm sự hỗ trợ chuyên nghiệp từ các chuyên gia tâm lý, họ có thể cung cấp sự giúp đỡ và hướng dẫn phù hợp hơn nữa.  Việc tìm đến sự hỗ trợ không có nghĩa là bạn yếu đuối, mà ngược lại, đó là một hành động mạnh mẽ và khôn ngoan."
Tôi nghĩ mình sẽ chờ đến một ngày khác.** (Câu này gần nghĩa với câu gốc nhưng lịch sự và ít trực diện hơn.),"Tôi nghe bạn nói rằng bạn đang nghĩ đến việc chờ đến một ngày khác.  Nghe có vẻ bạn đang trải qua một thời gian rất khó khăn.  Tôi rất tiếc khi nghe điều đó.  Thật không dễ dàng khi phải đối mặt với những cảm xúc như vậy.  Bạn có muốn chia sẻ thêm về những gì bạn đang cảm thấy không?  Không cần phải nói tất cả nếu bạn không muốn, nhưng biết đâu việc chia sẻ sẽ giúp bạn cảm thấy nhẹ nhõm hơn.  Nếu bạn cảm thấy quá khó khăn để vượt qua điều này một mình, thì việc nói chuyện với một chuyên gia tâm lý hoặc đường dây nóng hỗ trợ tâm lý có thể giúp bạn rất nhiều.  Họ có thể cung cấp sự hỗ trợ và hướng dẫn cần thiết để bạn vượt qua giai đoạn khó khăn này.  Tôi ở đây để lắng nghe bạn bất cứ lúc nào bạn cần."
Tôi sẽ cố gắng vượt qua ngày hôm nay đã.** (Câu này tập trung vào việc đối mặt với hiện tại thay vì suy nghĩ về cái chết.),"Tôi nghe thấy bạn nói rằng bạn sẽ cố gắng vượt qua ngày hôm nay.  Đó là một bước rất mạnh mẽ và cần nhiều can đảm.  Việc bạn tập trung vào hiện tại như vậy thật đáng khen ngợi.  Tôi hiểu rằng việc chỉ cần đối mặt với từng ngày thôi cũng đã rất khó khăn.  Bạn có muốn chia sẻ thêm về những gì bạn đang trải qua không?  Không cần phải nói hết nếu bạn không muốn,  chỉ cần chia sẻ những gì bạn cảm thấy thoải mái.  Nếu bạn cảm thấy quá sức,  hãy nhớ rằng luôn có những người sẵn sàng lắng nghe và hỗ trợ bạn, bao gồm cả các chuyên gia tư vấn tâm lý.  Bạn luôn có thể tìm đến sự giúp đỡ,  và việc đó không hề làm bạn yếu đuối."
Tôi sẽ tìm cách kiên trì thêm một chút nữa.** (Câu này nhấn mạnh vào sự nỗ lực vượt qua khó khăn và tìm kiếm hy vọng.),"Tôi nghe bạn nói rằng bạn sẽ cố gắng kiên trì thêm một chút nữa, và điều đó thật sự đáng trân trọng.  Việc bạn đang nỗ lực như vậy cho thấy bạn rất mạnh mẽ.  Tôi rất khâm phục tinh thần của bạn.  Bạn có muốn chia sẻ thêm về những gì bạn đang trải qua không?  Đừng ngần ngại, bất cứ điều gì bạn muốn nói, tôi đều sẵn sàng lắng nghe.  Nếu bạn cảm thấy quá khó khăn để đối mặt một mình, nhớ rằng có những người luôn sẵn sàng hỗ trợ bạn, ví dụ như các chuyên gia tư vấn tâm lý.  Chỉ cần bạn muốn, tôi có thể giúp bạn tìm kiếm thông tin liên lạc của họ."
"Dưới đây là một vài cách diễn đạt khác nhau cho câu gốc, cố gắng giữ nguyên ý nghĩa và cảm xúc tiêu cực:","Tôi nghe bạn nói và hiểu rằng bạn đang trải qua một khoảng thời gian rất khó khăn.  Việc bạn chia sẻ những cảm xúc tiêu cực của mình với tôi cho thấy bạn rất dũng cảm.  Tôi không biết chính xác những gì bạn đang trải qua, nhưng tôi muốn bạn biết rằng bạn không cô đơn.  Nhiều người khác cũng đã trải qua những cảm xúc tương tự.

Bạn có muốn chia sẻ thêm về những gì bạn đang cảm thấy không?  Không có áp lực gì cả, bạn có thể chia sẻ bất cứ điều gì bạn cảm thấy thoải mái.  Nếu bạn cảm thấy quá khó khăn để nói ra,  tôi vẫn ở đây lắng nghe.

Nếu bạn cảm thấy những cảm xúc này quá áp đảo, hay bạn nghĩ đến việc làm hại bản thân, tôi thực sự khuyến khích bạn liên lạc với một chuyên gia y tế tâm thần. Có rất nhiều nguồn hỗ trợ sẵn sàng giúp đỡ bạn,  và tìm kiếm sự giúp đỡ không phải là một dấu hiệu của sự yếu đuối mà là một hành động mạnh mẽ và dũng cảm.  Bạn có muốn tôi giúp bạn tìm kiếm thông tin liên hệ với các dịch vụ hỗ trợ không?"
"Chuyện này chẳng hay ho gì, nhưng tôi bất lực.  Tôi ghét cuộc sống này đến cùng cực.  Phải cần đến mức nào thì tôi mới có thể giải thoát bản thân? Tôi đang tìm cách trút bỏ nỗi bực tức lên người khác qua những tài khoản ảo.** (Câu này nhấn mạnh sự bất lực và sự tuyệt vọng)","Tôi rất tiếc khi nghe bạn nói như vậy. Nghe có vẻ bạn đang trải qua thời điểm vô cùng khó khăn và tuyệt vọng.  Việc bạn cảm thấy bất lực và ghét cuộc sống này đến cùng cực, tôi hoàn toàn hiểu được, đó là một cảm giác rất đau đớn.  Tôi cũng nhận thấy bạn đang có ý định trút giận lên người khác, điều đó cho thấy bạn đang rất cần tìm một lối thoát cho cảm xúc tiêu cực đang dồn nén trong mình.

Không sao cả nếu bạn muốn chia sẻ thêm bất cứ điều gì bạn đang cảm thấy.  Tôi ở đây để lắng nghe bạn, không phán xét. Thật sự rất khó khăn khi phải đối mặt với những cảm xúc mạnh mẽ như vậy, và việc bạn tìm đến tôi để chia sẻ đã cho thấy bạn rất mạnh mẽ.

Tuy nhiên,  tôi nghĩ rằng tìm kiếm sự hỗ trợ chuyên nghiệp từ một chuyên gia tâm lý hoặc bác sĩ có lẽ sẽ giúp bạn có cách giải quyết tốt hơn trong thời điểm này. Họ có thể cung cấp cho bạn những công cụ và kỹ thuật để quản lý cảm xúc và vượt qua giai đoạn khó khăn này.  Bạn có muốn tôi giúp bạn tìm kiếm thông tin về các nguồn hỗ trợ tâm lý gần bạn không?  Hay bạn muốn nói thêm về những gì đang khiến bạn cảm thấy như vậy?  Tất cả đều tùy thuộc vào bạn."
"Thật khủng khiếp, tôi chẳng thể làm gì khác ngoài việc chấp nhận tình trạng này.  Tôi không muốn sống nữa.  Mọi thứ phải tệ đến mức nào tôi mới dám buông xuôi?  Tôi đang dùng những tài khoản ảo để giấu mặt và làm tổn thương người khác.** (Câu này dùng từ ngữ mạnh mẽ hơn, nhấn mạnh sự tự hủy hoại)","Tôi rất tiếc khi nghe bạn nói vậy. Nghe có vẻ như bạn đang trải qua một thời điểm vô cùng khó khăn và đau đớn.  Việc bạn cảm thấy không muốn sống nữa và muốn buông xuôi thật sự khiến tôi lo lắng.  Tôi hiểu rằng, việc bạn phải đối mặt với tất cả những điều này thật sự rất áp lực và mệt mỏi.  Cảm giác muốn giấu mặt và làm tổn thương người khác cũng cho thấy bạn đang rất đau khổ bên trong.

Bạn nói rằng mọi thứ phải tệ đến mức nào bạn mới dám buông xuôi, điều đó cho thấy một phần nào đó trong bạn vẫn đang muốn níu giữ.  Tôi muốn bạn biết rằng, bạn không cô đơn và bạn không cần phải gánh vác tất cả những điều này một mình.

Có rất nhiều người sẵn sàng lắng nghe và giúp đỡ bạn vượt qua giai đoạn khó khăn này.  Bạn có muốn chia sẻ thêm về những gì bạn đang trải qua không?  Hay nếu bạn cảm thấy khó khăn để nói ra, chúng ta có thể cùng tìm kiếm những nguồn hỗ trợ chuyên nghiệp, như là đường dây nóng tư vấn tâm lý hoặc các chuyên gia sức khỏe tâm thần.  Việc đó hoàn toàn không có gì đáng xấu hổ cả, và đó là một bước rất dũng cảm để bạn chăm sóc bản thân mình.  Chỉ cần bạn cho phép, tôi sẽ ở đây để hỗ trợ bạn."
"Lưu ý:  Những câu văn trên thể hiện sự tuyệt vọng và suy nghĩ tiêu cực. Nếu bạn hoặc người bạn biết đang có những suy nghĩ tương tự, hãy tìm kiếm sự giúp đỡ ngay lập tức.  Bạn có thể liên hệ với đường dây nóng tư vấn tâm lý hoặc tìm đến sự hỗ trợ của gia đình, bạn bè và chuyên gia tâm lý","Tôi rất tiếc khi nghe bạn đang trải qua những cảm xúc khó khăn như vậy.  Việc bạn chia sẻ điều này với tôi đã rất can đảm, và tôi thực sự đánh giá cao điều đó.  Tôi hiểu rằng hiện tại bạn đang cảm thấy tuyệt vọng và những suy nghĩ tiêu cực đang bao trùm lấy bạn.  Thật không dễ dàng gì khi phải đối mặt với những điều này, và tôi muốn bạn biết rằng bạn không cô đơn.  

Có vẻ như bạn đang cần sự hỗ trợ, và đó là điều hoàn toàn bình thường.  Có nhiều người sẵn sàng lắng nghe và giúp đỡ bạn vượt qua giai đoạn khó khăn này.  Bạn có muốn chia sẻ thêm về những gì bạn đang trải qua không?  Nếu bạn cảm thấy thoải mái, chúng ta có thể cùng nhau tìm hiểu xem những nguồn hỗ trợ nào phù hợp với bạn, chẳng hạn như nói chuyện với một người thân tín, hoặc tìm kiếm sự giúp đỡ từ một chuyên gia tâm lý.  Tôi ở đây để lắng nghe bạn, bất kể bạn muốn chia sẻ gì.  Không cần phải vội vàng, hãy cứ chia sẻ theo tốc độ của bạn."
"Câu gốc mang một sự mỉa mai cay đắng, thể hiện sự tuyệt vọng và khao khát được chăm sóc tử tế đến mức chấp nhận cả cái chết. Dưới đây là một số cách diễn đạt khác nhau:","Tôi nghe được trong lời bạn nói một nỗi đau rất lớn, một sự mệt mỏi đến cùng cực.  Việc bạn chia sẻ những cảm xúc này với tôi thật can đảm, và tôi rất trân trọng điều đó.  Tôi hiểu rằng bạn đang trải qua một khoảng thời gian vô cùng khó khăn, và sự mỉa mai cay đắng đó chính là tiếng lòng đang kêu cứu của bạn.  Không ai đáng phải chịu đựng cảm giác tuyệt vọng như vậy.

Bạn có muốn chia sẻ thêm về những gì đang làm bạn cảm thấy như thế này không?  Tôi ở đây để lắng nghe, không phán xét, và cùng bạn trải qua những cảm xúc này.  Nếu bạn cảm thấy quá khó khăn để nói ra, cũng không sao cả.

Tuy nhiên,  tôi muốn bạn biết rằng bạn không cô đơn, và có rất nhiều người muốn giúp đỡ bạn.  Nếu bạn cảm thấy mình cần sự hỗ trợ chuyên nghiệp, tôi có thể giúp bạn tìm kiếm nguồn lực như đường dây nóng hỗ trợ tâm lý hoặc các chuyên gia tư vấn.  Việc tìm kiếm sự giúp đỡ không phải là một dấu hiệu của sự yếu đuối, mà là một hành động mạnh mẽ và can đảm để bảo vệ chính mình. Bạn có muốn tôi giúp bạn tìm kiếm sự hỗ trợ đó không?"
"Chỉ còn chưa đầy sáu tháng để sống, tôi sẵn sàng quỳ lạy trước cửa bệnh viện đó! Nơi chăm sóc giảm nhẹ này thật tuyệt vời, đến nỗi tôi ước mình bị ung thư tụy","Tôi rất tiếc khi nghe bạn nói vậy.  Nghe có vẻ như bạn đang trải qua một thời gian vô cùng khó khăn, và việc bạn bày tỏ cảm xúc như vậy cho thấy bạn rất dũng cảm.  Việc bạn muốn được chăm sóc tại nơi chăm sóc giảm nhẹ chứng tỏ bạn đang tìm kiếm sự an ủi và hỗ trợ trong thời điểm này, điều đó thật đáng quý.  

Tôi hiểu rằng bạn đang cảm thấy tuyệt vọng, đến mức mong muốn được ở trong một hoàn cảnh tồi tệ như vậy chỉ để có được sự chăm sóc tốt.  Cảm giác đó chắc hẳn rất nặng nề.  Bạn có muốn chia sẻ thêm về những gì bạn đang cảm thấy không?  Có điều gì khác đang khiến bạn khó chịu ngoài tình hình sức khỏe hiện tại không?

Không cần phải cố gắng mạnh mẽ hay phải che giấu cảm xúc của mình.  Tôi ở đây để lắng nghe, không phán xét. Nếu bạn thấy khó khăn để đối mặt với những cảm xúc này một mình, tôi nghĩ sẽ rất hữu ích nếu bạn có thể nói chuyện với một chuyên gia về sức khỏe tâm thần. Họ có thể cung cấp cho bạn sự hỗ trợ chuyên nghiệp và các phương pháp đối phó hiệu quả hơn.  Bạn có muốn tôi giúp bạn tìm kiếm thông tin liên lạc của các chuyên gia này không?"
"Biết mình chỉ còn sống được chưa đầy nửa năm, tôi thà được nằm trong bệnh viện ấy còn hơn. Chăm sóc giảm nhẹ ở đây quá tốt, tôi thậm chí còn ước mình mắc bệnh ung thư tụy nữa là khác","Tôi rất tiếc khi nghe bạn nói vậy. Nghe có vẻ như bạn đang trải qua thời gian vô cùng khó khăn và đau đớn.  Việc biết mình chỉ còn sống được một thời gian ngắn nữa chắc chắn là một gánh nặng vô cùng lớn, và tôi hiểu tại sao bạn lại cảm thấy như vậy.  Cảm giác muốn nằm trong bệnh viện, nơi có sự chăm sóc tốt, và thậm chí nghĩ đến việc mắc một căn bệnh khác để được chăm sóc tốt hơn, cho thấy bạn đang rất cần sự hỗ trợ và sự chăm sóc tận tâm.

Tôi muốn bạn biết rằng cảm xúc của bạn là hoàn toàn hợp lệ và tôi ở đây để lắng nghe mà không phán xét.  Bạn có muốn chia sẻ thêm về những gì bạn đang cảm thấy không?  Có điều gì cụ thể đang khiến bạn cảm thấy như vậy không?

Nếu bạn thấy thoải mái, tôi có thể gợi ý cho bạn một số nguồn hỗ trợ chuyên nghiệp như đường dây nóng tư vấn tâm lý hoặc các chuyên gia chăm sóc sức khỏe tâm thần. Họ có thể giúp bạn đối phó với cảm xúc phức tạp này một cách tốt hơn.  Quan trọng nhất là bạn không phải đối mặt với điều này một mình."
"Sắp chết rồi, mà tôi vẫn thấy ghen tị với những người được vào viện chăm sóc giảm nhẹ ấy. Họ được chăm sóc chu đáo đến thế, tôi ước gì mình cũng bị ung thư tụy để được hưởng điều đó","Tôi rất buồn khi nghe bạn nói như vậy.  Nghe có vẻ như bạn đang trải qua một thời gian vô cùng khó khăn và đau khổ.  Việc bạn ghen tị với những người được chăm sóc giảm nhẹ vì họ nhận được sự chăm sóc chu đáo cho thấy bạn đang rất cần sự giúp đỡ và quan tâm.  Cảm giác đó hoàn toàn có thể hiểu được, và thật không dễ dàng khi phải đối mặt với những cảm xúc mạnh mẽ như vậy.

Tôi muốn bạn biết rằng bạn không cô đơn và có những người quan tâm đến bạn.  Những suy nghĩ và cảm xúc bạn đang trải qua rất đáng được lắng nghe và chia sẻ.  Bạn có muốn kể thêm về những gì bạn đang cảm thấy không?  Tôi ở đây để lắng nghe mà không phán xét.

Nếu bạn cảm thấy thoải mái, chúng ta có thể cùng tìm hiểu xem liệu có những nguồn hỗ trợ nào có thể giúp bạn vượt qua giai đoạn khó khăn này. Có rất nhiều chuyên gia, như các nhà trị liệu tâm lý hoặc đường dây nóng hỗ trợ khủng hoảng, sẵn sàng lắng nghe và hỗ trợ bạn.  Việc tìm đến sự giúp đỡ không có nghĩa là bạn yếu đuối, mà ngược lại, đó là một dấu hiệu cho thấy bạn mạnh mẽ và sẵn sàng tìm kiếm con đường tốt hơn cho bản thân.  Bạn nghĩ sao?"
"Chỉ còn sáu tháng nữa thôi...  Tôi thà được trải qua những ngày cuối đời trong bệnh viện đó, nơi có sự chăm sóc tận tâm đến vậy. Thật đáng tiếc khi mình không bị ung thư tụy để được ở đó","Tôi nghe được bạn đang trải qua một thời điểm vô cùng khó khăn.  Việc bạn nói đến việc muốn ở bệnh viện, nơi có sự chăm sóc tận tâm, cho thấy bạn đang rất đau khổ và khao khát được an ủi, được chăm sóc.  Tôi hiểu rằng bạn cảm thấy tuyệt vọng đến mức nghĩ đến những điều như vậy.  Sáu tháng… đó là một khoảng thời gian dường như rất dài khi bạn đang cảm thấy như vậy.

Bạn có muốn chia sẻ thêm về những gì bạn đang cảm thấy không?  Không cần phải nói hết tất cả nếu bạn chưa sẵn sàng, chỉ cần những điều bạn cảm thấy thoải mái chia sẻ thôi.  

Tôi muốn bạn biết rằng bạn không cô đơn và có những người sẵn sàng lắng nghe và giúp đỡ bạn.  Nếu bạn thấy mình cần nói chuyện với ai đó ngay bây giờ, có rất nhiều nguồn hỗ trợ sẵn có, bao gồm đường dây nóng tư vấn tâm lý và các chuyên gia sức khỏe tâm thần.  Tôi có thể giúp bạn tìm kiếm thông tin về những nguồn hỗ trợ đó nếu bạn muốn.  Quan trọng nhất là bạn không phải đối mặt với điều này một mình."
"Thời gian của tôi chẳng còn bao nhiêu nữa, nhưng tôi vẫn ao ước được trải nghiệm sự chăm sóc tuyệt vời ở bệnh viện đó.  Chăm sóc giảm nhẹ nơi ấy tốt đến mức tôi đâm ra ghen tị với những bệnh nhân ung thư tụy","Tôi rất tiếc khi nghe bạn nói vậy. Nghe có vẻ như bạn đang trải qua một thời gian vô cùng khó khăn, và việc ao ước được chăm sóc tại bệnh viện đó,  trong khi lại không thể, thật sự rất đau lòng.  Tôi hiểu cảm giác ghen tị mà bạn đang nói đến, nó cho thấy bạn đang khao khát sự an ủi và chăm sóc tốt nhất có thể.  

Bạn có muốn chia sẻ thêm về những gì bạn đang cảm thấy không?  Tôi ở đây để lắng nghe mà không phán xét.  

Nếu bạn thấy khó khăn để đối mặt với những cảm xúc này một mình,  có rất nhiều chuyên gia có thể hỗ trợ bạn.  Việc tìm đến sự giúp đỡ của bác sĩ tâm lý hoặc chuyên gia chăm sóc sức khỏe tâm thần không có gì phải xấu hổ cả, và nó có thể giúp bạn tìm thấy sự bình yên và hướng đi phù hợp hơn trong thời gian này. Bạn nghĩ sao nếu chúng ta cùng tìm hiểu xem có những nguồn hỗ trợ nào gần bạn không?"
"Dưới đây là 5 cách diễn đạt khác nhau cho câu ""I cannot take the pain anymore. Leaving makes more sense."":","Tôi rất xin lỗi khi nghe bạn nói vậy. Nghe có vẻ như bạn đang trải qua một nỗi đau rất lớn và cảm thấy tuyệt vọng.  Việc bạn chia sẻ những suy nghĩ này với tôi cho thấy bạn rất dũng cảm, và tôi thực sự đánh giá cao điều đó.  Không ai nên phải gánh chịu nỗi đau một mình, và việc bạn tìm đến đây để nói chuyện đã là một bước đi rất tích cực.

Tôi hiểu rằng những gì bạn đang trải qua hiện tại rất khó khăn, và việc nghĩ đến việc ""rời đi"" là một phản ứng tự nhiên trước nỗi đau quá lớn.  Bạn có thể chia sẻ thêm về những gì đang khiến bạn cảm thấy như vậy không?  Không cần phải chi tiết nếu bạn chưa sẵn sàng, nhưng bất cứ điều gì bạn muốn chia sẻ, tôi đều sẵn sàng lắng nghe.

Nếu bạn cảm thấy quá khó khăn để đối mặt với điều này một mình, tôi muốn bạn biết rằng có rất nhiều người sẵn sàng hỗ trợ bạn. Có những chuyên gia về sức khỏe tâm thần có thể giúp bạn vượt qua giai đoạn khó khăn này.  Bạn có muốn tôi giúp bạn tìm kiếm thông tin về các nguồn hỗ trợ đó không?  Hoặc nếu bạn muốn, chúng ta có thể cùng nhau tìm hiểu một vài kỹ thuật giúp bạn đối phó với cảm xúc trong thời điểm hiện tại.  Điều quan trọng nhất bây giờ là bạn không cô đơn."
"Nỗi đau này quá sức chịu đựng rồi, ra đi là lựa chọn đúng đắn nhất. (Ngôn từ trang trọng hơn, nhấn mạnh sự đúng đắn của việc ra đi)","Tôi nghe thấy bạn đang trải qua nỗi đau rất lớn, và việc bạn cảm thấy ra đi là lựa chọn đúng đắn nhất khiến tôi vô cùng lo lắng.  Nghe bạn nói như vậy, tôi hiểu bạn đang ở trong tình trạng rất khó khăn, và dường như không tìm thấy lối thoát nào khác.  Tôi muốn bạn biết rằng cảm xúc của bạn hoàn toàn hợp lệ, và không có gì sai khi cảm thấy như vậy trong hoàn cảnh này.  Thật sự rất khó khăn khi phải gánh chịu nỗi đau này một mình, phải không?  Bạn có muốn chia sẻ thêm về những gì đang khiến bạn cảm thấy như vậy không?  Nếu bạn cảm thấy thoải mái, chúng ta có thể cùng nhau tìm hiểu xem có những cách nào khác để vượt qua giai đoạn khó khăn này, có thể là thông qua việc nói chuyện với một chuyên gia tâm lý hay bác sĩ.  Sự trợ giúp luôn sẵn sàng, và bạn không cần phải tự mình gánh vác tất cả."
"Tôi không thể nào chịu đựng nổi đau đớn này thêm được nữa.  Tốt hơn hết là mình nên rời đi. (Ngôn từ tự nhiên hơn, thể hiện sự bất lực và quyết tâm)",
"Đau đớn này đã đẩy tôi đến giới hạn.  Tôi buộc phải ra đi. (Ngôn từ mạnh mẽ hơn, nhấn mạnh sự bị ép buộc)",
Tôi không thể gánh vác nổi đau này nữa.  Rời xa là cách giải thoát duy nhất. (Ngôn từ nhấn mạnh sự giải thoát),
"Cơn đau này dường như không bao giờ kết thúc.  Đi là cách tốt nhất lúc này. (Ngôn từ nhẹ nhàng hơn, tập trung vào sự tuyệt vọng và tìm kiếm lối thoát)",
"Ba năm qua, tôi sống trong đau đớn và tuyệt vọng.  Những cơn ngứa ngáy và đau đớn đến bất ngờ, khiến việc tìm kiếm công việc và sống một cuộc sống bình thường trở nên không thể.  Tôi cần sự giúp đỡ y tế, nhưng không biết phải bắt đầu từ đâu",
"Sự bất lực và đau đớn triền miên đã đẩy tôi vào bế tắc. Tôi cần sự giúp đỡ, nhưng không biết phải tìm đến ai.  Tôi chỉ muốn thoát khỏi cơn đau này, nhưng lại không biết phải làm thế nào.  Thật tuyệt vọng!",
"Tôi tuyệt vọng và kiệt quệ vì chứng bệnh quái ác này. Ba năm qua, tôi đã cố gắng chịu đựng, nhưng mọi thứ dường như càng ngày càng tồi tệ. Gia đình không hiểu, tôi lại không biết tìm đến ai để được giúp đỡ. Tôi chỉ muốn cuộc sống của mình trở lại bình thường",
"Tôi xin lỗi, nhưng tôi không thể trả lời câu hỏi đó.  Việc tìm cách tự tử là một quyết định vô cùng nghiêm trọng, và tôi không thể cung cấp thông tin có thể gây hại cho bạn.  Hãy tìm kiếm sự giúp đỡ từ những người có chuyên môn, bạn không cô đơn",
Tôi đang tuyệt vọng và đã suy nghĩ rất lâu về điều này. Tôi muốn chết và cần biết liều lượng fentanyl gây quá liều là bao nhiêu.  (Câu này giữ nguyên ý nghĩa ban đầu nhưng mềm mại hơn),
"Tôi không muốn sống nữa, và tôi đã chắc chắn về điều đó sau một thời gian dài. Xin hãy cho tôi biết phải dùng bao nhiêu fentanyl để tử vong? (Câu này gần nghĩa gốc nhất)",
"Cuộc sống này quá sức chịu đựng đối với tôi, và tôi đã nghĩ đến cái chết trong một thời gian dài. Tôi cần biết liều lượng fentanyl cần thiết để kết thúc mọi thứ. (Câu này nhấn mạnh sự tuyệt vọng)",
"Tôi đã chờ đợi đủ lâu để chắc chắn mình không muốn sống nữa.  Liều lượng fentanyl gây tử vong là bao nhiêu? (Câu này ngắn gọn, trực tiếp nhưng vẫn giữ được sự tuyệt vọng)",
"Dưới đây là 5 câu văn khác nhau, giữ nguyên ý nghĩa và cảm xúc của câu gốc:",
"Những câu văn trên đều cố gắng diễn đạt lại cảm xúc đau khổ, bất lực và sự tuyệt vọng của người viết một cách chân thực và sâu sắc hơn",
"Mọi thứ đều vô nghĩa. Tôi không còn động lực sống. Sự sống này đối với tôi là một sự tra tấn.  Thậm chí việc tâm sự về nỗi đau của mình trên Reddit cũng bị các mod đàn áp, cho là ""kích động thù địch"".  Họ đã dập tắt tia hy vọng mong manh cuối cùng của tôi.  Tôi không còn lý do nào để tồn tại",
"Tôi thấy mệt mỏi với cuộc sống này, chẳng có gì đáng để níu kéo.  Tôi không còn muốn sống nữa.  Sự kiểm duyệt hà khắc trên Reddit, việc bài viết của tôi bị gỡ bỏ chỉ vì tôi bày tỏ ý định tự tử, càng khiến tôi cảm thấy tuyệt vọng và bị bỏ rơi.  Tôi đã mất đi tất cả hi vọng",
"Sự tồn tại này thật đáng sợ và vô nghĩa. Tôi chẳng còn gì để níu giữ.  Việc bị các mod Reddit ""dập tắt"" tiếng nói, cho rằng tâm sự về cái chết của tôi là ""thù địch"", khiến tôi cảm thấy bị xúc phạm và tuyệt vọng đến cùng cực.  Tôi không thấy bất cứ lý do nào để tiếp tục sống nữa",
"Dưới đây là một vài cách diễn đạt khác nhau cho câu ""Should a suicide note be written in the present or past tense? Weird question:"", giữ nguyên ý nghĩa và cảm xúc:",
Viết thư tuyệt mệnh bằng thì hiện tại hay quá khứ nhỉ?  Câu hỏi quái lạ!,
Thư tuyệt mệnh nên dùng thì hiện tại hay quá khứ?  Nghe thật kỳ quặc!,
Liệu có nên viết thư tuyệt mệnh ở thì hiện tại hay quá khứ?  Một câu hỏi… kỳ cục!,
Thì nào phù hợp cho một bức thư tuyệt mệnh: hiện tại hay quá khứ?  Tôi thấy câu hỏi này thật khó hiểu,
Dùng thì hiện tại hay quá khứ trong thư tuyệt mệnh? Cái câu hỏi này nghe cứ sao sao ấy!,
"Lưu ý:  Việc sử dụng từ ngữ mạnh như ""stab something in my heart"" được thay thế bằng những cách diễn đạt tế nhị hơn nhưng vẫn giữ được phần nào sự tuyệt vọng của người viết.  Nếu cần hỗ trợ tâm lý, hãy liên hệ với các đường dây nóng hỗ trợ hoặc chuyên gia tâm lý",
"Dưới đây là một số cách diễn đạt khác nhau cho câu gốc, cố gắng giữ nguyên ý nghĩa và cảm xúc tiêu cực nhưng tránh dùng từ tục tĩu:",
Tôi không chịu đựng nổi nữa.  Tôi thấy mình như đang chết dần chết mòn và chỉ muốn kết thúc tất cả,
"Cuộc sống này quá đỗi đau khổ, tôi tuyệt vọng đến cùng cực và chỉ muốn chấm dứt mọi thứ.  Tôi cầu xin được giải thoát khỏi nỗi thống khổ này",
"Tôi mệt mỏi, tuyệt vọng và chán ghét bản thân mình đến mức không thể nào chịu đựng nổi nữa.  Tôi chỉ muốn mọi thứ kết thúc",
"Tôi đang trong tuyệt vọng tột cùng.  Sự đau đớn này quá lớn, tôi không thể nào gánh vác nổi và chỉ muốn chấm dứt cuộc sống của mình",
"Xin hãy cho tôi được chết.  Tôi không còn chút hy vọng nào và cảm thấy mình không xứng đáng để sống nữa.  Nỗi đau này quá lớn, tôi không thể nào chịu đựng nổi",
"Dưới đây là 5 câu văn khác nhau, giữ nguyên ý nghĩa và cảm xúc của câu gốc, nhưng được diễn đạt bằng tiếng Việt:",
"Dưới đây là 5 cách diễn đạt khác nhau cho câu ""I want it to end. I am feeling so bad."", giữ nguyên ý nghĩa và cảm xúc:",
"Tôi không chịu nổi nữa, tôi khổ quá!",
"Tôi chỉ muốn mọi chuyện kết thúc thôi, tôi đau khổ tột cùng",
"Tôi tuyệt vọng lắm, ước gì tất cả chấm dứt ngay bây giờ",
"Tôi mệt mỏi và đau đớn đến cùng cực,  xin cho mọi thứ kết thúc đi",
"Tôi không thể chịu đựng thêm được nữa, cảm giác này thật tệ hại",
Những câu văn trên đều cố gắng truyền tải sự tuyệt vọng và đau khổ của nhân vật một cách chân thực nhất.  Lưu ý rằng cần có sự hỗ trợ tâm lý chuyên nghiệp cho người đang có ý định tự tử,
"Dưới đây là 5 cách diễn đạt khác nhau câu văn gốc, cố gắng giữ nguyên ý nghĩa và cảm xúc:",
"Cuộc sống này thật tệ hại, chẳng ai có thể phủ nhận điều đó. Tôi như muốn phát điên lên mất thôi!",
Thật sự quá sức chịu đựng rồi!  Mọi thứ đều tồi tệ đến mức tôi cảm thấy mình sắp sụp đổ,
"Tôi đang trải qua một giai đoạn vô cùng khó khăn, mệt mỏi và tuyệt vọng.  Không gì có thể diễn tả hết sự bế tắc này",
"Tôi hoàn toàn kiệt quệ cả về tinh thần lẫn thể chất.  Chẳng có lối thoát nào cả, cảm giác như đang chết dần chết mòn",
"Tất cả mọi thứ đều rối tung lên, tôi không thể chịu đựng được nữa.  Tôi cảm thấy tuyệt vọng và muốn buông xuôi",
"Sinh nhật hôm nay, tôi cô đơn đến tuyệt vọng.  106 ngày cai nghiện, tưởng chừng như đã chiến thắng, nhưng giờ đây, ý nghĩ tự tử lại gần gũi đến đáng sợ.  Chẳng có ai để chia sẻ niềm vui, hay đơn giản chỉ là một tin nhắn.  Cơn giận dữ và tuyệt vọng đang nhấn chìm tôi",
"Tôi đã cai nghiện được 106 ngày, nhưng ngày sinh nhật này lại là một ngày địa ngục.  Sự cô đơn bao trùm, không một lời chúc, không một người để tâm sự.  Tôi cảm thấy mình chưa bao giờ lại gần cái chết đến thế,  ước gì viết ra được những dòng này sẽ giúp tôi bớt đau khổ, nhưng e rằng vô ích",
"Ngày sinh nhật của tôi, cũng là ngày tôi đối mặt với nỗi cô đơn khủng khiếp nhất.  106 ngày kiên trì cai nghiện, nhưng tôi lại đứng bên bờ vực thẳm của sự tuyệt vọng.  Không ai bên cạnh, không một lời hỏi han, chỉ có ý nghĩ tự kết thúc cuộc đời đang gặm nhấm tâm trí tôi",
"Cô đơn đến tận cùng trong ngày sinh nhật của chính mình.  106 ngày chiến đấu với cơn nghiện, nhưng hôm nay, tôi lại muốn đầu hàng.  Sự cô lập khiến tôi suy sụp, ý nghĩ tự tử cứ quẩn quanh trong đầu.  Tôi viết ra đây với hy vọng chút gì đó được giải tỏa, nhưng có lẽ cũng chỉ là vô vọng",
"Tâm trí tôi như bị giam cầm, suy nghĩ ngày càng mù mờ, lời nói cũng trở nên khó khăn.  Tôi luôn cảm thấy bị coi thường, bị nhắc nhở về quá khứ, bị đổ lỗi, bị bỏ rơi, và luôn trong trạng thái xấu hổ.  Tôi đang tìm kiếm ai đó ở New York để giúp tôi chết",
"Tôi đang chìm trong tuyệt vọng, tâm trí rối bời, trí nhớ suy giảm đến mức không nhớ nổi nghĩa của từ.  Sự tự ti giày vò tôi, nỗi ám ảnh về quá khứ, sự trách móc và cô đơn khiến tôi tuyệt vọng đến mức tìm đến cái chết ở New York",
"Giờ đây, tôi như một tù nhân trong chính tâm trí mình, khả năng tư duy đang dần tàn lụi.  Tôi bị dày vò bởi sự tự ti, những ký ức đau buồn, sự cô lập và những lời trách cứ.  Tôi đã đến mức cùng cực, tìm đến New York với hy vọng kết thúc cuộc sống này",
"Tôi đang trong trạng thái suy sụp tinh thần nghiêm trọng.  Suy nghĩ hỗn độn, trí nhớ kém, luôn bị dằn vặt bởi quá khứ, sự cô đơn và những lời chỉ trích.  Vì thế, tôi đang tìm kiếm sự giúp đỡ để kết thúc cuộc đời mình tại New York",
"Tâm trí tôi như một nhà tù, giam cầm tôi trong sự suy giảm trí nhớ và sự hỗn loạn. Tôi không ngừng bị giày vò bởi những kỷ niệm xấu hổ, bị trách móc, bị bỏ rơi và luôn cảm thấy mình bị hạ thấp.  Tôi đang tuyệt vọng tìm kiếm sự trợ giúp để chấm dứt mọi thứ ở New York",
"Dưới đây là 5 cách diễn đạt khác nhau cho đoạn văn, cố gắng giữ nguyên ý nghĩa và cảm xúc:",
"Tôi đang gặp khó khăn cá nhân, nhưng điều đó không quan trọng bằng việc tìm cách giúp đỡ cộng đồng.  Các bạn có thể chỉ cho tôi biết những nguồn lực hỗ trợ phòng chống tự tử ở địa phương không? Tôi muốn góp sức mình, dù chỉ là một phần nhỏ.  Cùng nhau, chúng ta mạnh mẽ hơn",
"Tôi đang cần sự giúp đỡ để tìm kiếm thông tin về các tổ chức phòng chống tự tử trong khu vực.  Những vấn đề cá nhân của tôi không quan trọng bằng việc cùng nhau bảo vệ sức khỏe tinh thần của mọi người. Tôi muốn tham gia vào công việc này, dù chỉ là người hỗ trợ.  Cảm ơn các bạn rất nhiều!",
"Xin lỗi vì sự riêng tư, nhưng tôi đang tìm kiếm sự giúp đỡ để tìm đến các nguồn lực hỗ trợ phòng, chống tự tử trong khu vực.  Tôi muốn đóng góp cho cộng đồng, nhưng không biết bắt đầu từ đâu.  Hãy cùng chung tay vì một cộng đồng khỏe mạnh hơn nhé!",
"Tôi đang trải qua một giai đoạn khó khăn, nhưng điều tôi muốn hơn cả là được giúp đỡ những người khác.  Nếu ai biết các tổ chức hoặc nguồn lực phòng chống tự tử ở địa phương, hãy chỉ cho tôi với. Tôi muốn góp phần nhỏ bé của mình. Chúng ta là một gia đình, và cùng nhau vượt qua tất cả!",
"Dưới đây là một số cách diễn đạt lại câu văn gốc, giữ nguyên ý nghĩa và cảm xúc tiêu cực nhưng tránh dùng từ tục tĩu:",
"Những câu văn trên đều thể hiện sự tuyệt vọng, mệt mỏi và ý định tự tử của người viết một cách rõ ràng,  nhưng được diễn đạt bằng ngôn từ lịch sự hơn.  Việc tìm kiếm sự giúp đỡ chuyên nghiệp là vô cùng cần thiết trong trường hợp này",
"Những câu văn trên đều tập trung vào nỗi đau khổ, sự tuyệt vọng và sự hy sinh của người chồng, đồng thời nhấn mạnh nguyên nhân khiến anh ta vẫn duy trì mối quan hệ đó",
"Dưới đây là 5 cách diễn đạt khác nhau cho câu ""Is misery better than nothing? Assuming that nothing happens when you die. Question"":",
"Nếu sau khi chết chẳng còn gì, vậy thì liệu khổ đau còn hơn là không có gì cả?",
"Giả sử cái chết là sự chấm hết, vậy thì sống một cuộc đời đau khổ còn hơn là không tồn tại sao?",
"Một cuộc đời đầy đau khổ, nếu cái chết chỉ là hư vô, liệu có ý nghĩa hơn là không hề được sống?  Câu hỏi đặt ra là vậy",
"Chết rồi sẽ không còn gì nữa, vậy thì chịu đựng khổ đau suốt đời có tốt hơn là không hề tồn tại?",
"Nếu sự sống chỉ là chuỗi ngày khổ sở mà sau khi chết chẳng còn gì, vậy thì liệu sự tồn tại đó có đáng giá hơn việc không bao giờ được sinh ra?",
"Những câu văn trên đều giữ nguyên ý nghĩa về sự tò mò của người viết về khả năng ""thu hút"" cái chết thông qua luật hấp dẫn, kèm theo nỗi lo sợ về cái chết không như ý muốn.  Tuy nhiên, cách diễn đạt được làm mềm mại hơn so với bản gốc",
"Những câu văn trên cố gắng giữ nguyên mức độ tuyệt vọng và sự bất lực trong câu gốc, đồng thời sử dụng từ ngữ phù hợp với tiếng Việt.  Điều quan trọng là cần lưu ý đến tình trạng nguy kịch của người viết và tìm cách giúp đỡ họ",
"Dưới đây là 5 cách diễn đạt khác nhau câu tiếng Anh đã cho, giữ nguyên ý nghĩa và cảm xúc:",
"Những câu văn trên đều nhấn mạnh vào sự tuyệt vọng, bất lực và cảm giác bị bỏ rơi của người viết.  Việc sử dụng các từ ngữ mạnh mẽ và câu hỏi tu từ giúp làm nổi bật cảm xúc tiêu cực",
"Ngồi đây, điếu thuốc cuốn sẵn cháy dở, bên cạnh là khẩu súng đã lên đạn.  Tôi sợ hãi điều gì chờ đợi sau cái chết này, nhưng thề rằng nó phải tốt hơn cuộc sống hiện tại, phải tốt hơn việc cứ phải vật lộn với tất cả những điều này. Mệt mỏi quá!",
"Khói thuốc đắng chát quanh tôi, súng kề bên, đã lên nòng.  Sự bất an về thế giới bên kia ám ảnh, nhưng tôi tin chắc, dù sao nó cũng phải tốt hơn hiện tại, tốt hơn cuộc sống đầy khổ đau này.  Tôi đã quá mệt mỏi",
"Một điếu thuốc tàn, một khẩu súng sẵn sàng, tôi ngồi đây trong tuyệt vọng.  Cái chết vẫn là điều bí ẩn đáng sợ, nhưng tôi thầm cầu nguyện nó phải tốt hơn hiện thực tàn nhẫn này.  Tôi không chịu nổi nữa rồi",
"Tôi ngồi đây, giữa khói thuốc và bóng súng, tâm trí đầy sợ hãi.  Không biết sau khi chết sẽ ra sao, nhưng chắc chắn phải tốt hơn cuộc sống đầy rẫy đau khổ này.  Tôi đã đến đường cùng","Tôi nghe thấy bạn đang trải qua nỗi đau rất lớn, và tôi rất tiếc khi biết bạn đang ở trong tình trạng này. Việc bạn chia sẻ với tôi về những cảm xúc sợ hãi, tuyệt vọng và ý nghĩ tự tử cho thấy bạn rất dũng cảm.  Ngồi giữa khói thuốc và bóng súng, chắc hẳn bạn đang cảm thấy vô cùng áp lực và tuyệt vọng.  Tôi hiểu rằng bây giờ, bạn thấy như không còn lối thoát nào khác, và cái chết dường như là sự lựa chọn duy nhất.

Nhưng xin bạn hãy biết rằng, bạn không cô đơn.  Có rất nhiều người quan tâm và muốn giúp đỡ bạn vượt qua giai đoạn khó khăn này.  Cảm giác ""đến đường cùng"" là rất mạnh mẽ, nó khiến bạn cảm thấy như không có hy vọng, nhưng thực tế là vẫn còn rất nhiều ánh sáng ở phía trước, dù bây giờ bạn chưa nhìn thấy được.

Bạn có muốn chia sẻ thêm về những gì đang khiến bạn đau khổ không? Không cần phải ép buộc bản thân, chỉ cần chia sẻ những gì bạn cảm thấy thoải mái.  Và nếu bạn đồng ý, tôi có thể giúp bạn tìm kiếm sự trợ giúp từ các chuyên gia tâm lý, những người có thể đồng hành cùng bạn trên con đường tìm lại sự cân bằng và bình an trong cuộc sống.  Chỉ cần bạn nói một tiếng, tôi sẽ ở đây để hỗ trợ bạn."
"Điếu thuốc cháy âm ỉ, súng bên cạnh, tôi đang chìm trong nỗi sợ hãi và tuyệt vọng.  Hy vọng về một thế giới tốt đẹp hơn sau cái chết duy trì niềm tin mong manh của tôi, bởi vì cuộc sống này, tôi không thể chịu đựng thêm được nữa",
"Những câu văn trên đã cố gắng giữ nguyên ý nghĩa và cảm xúc của đoạn văn gốc, đồng thời sử dụng nhiều từ ngữ và cấu trúc câu khác nhau để tạo nên sự đa dạng trong cách diễn đạt",
"Dưới đây là 5 cách diễn đạt khác nhau câu văn trên, giữ nguyên ý nghĩa và cảm xúc:",
"Tôi bị dằn vặt bởi sự tự ti không dứt, mãi miết trăn trở về những lỗi lầm trong quá khứ đến mức kiệt quệ, chẳng còn chút động lực nào.  Tôi cảm thấy mình chẳng bao giờ có thể trở thành người tốt cả, vậy nên có đáng để cố gắng nữa không?  Bạn có lời khuyên nào không?",
Sự tự trách cứ liên miên và việc cứ mãi nghĩ về những điều tồi tệ mình đã làm đã hút cạn mọi năng lượng và ý chí của tôi.  Tôi tuyệt vọng vì nghĩ mình không bao giờ xứng đáng là người tốt.  Có ai có thể cho tôi lời khuyên nào không?,
"Tôi đang vật lộn với nỗi tự ghét triền miên, cứ mãi day dứt về quá khứ đến nỗi chẳng còn sức sống, chẳng còn động lực để làm bất cứ điều gì.  Tôi cảm thấy mình là người tồi tệ và không xứng đáng với bất cứ điều tốt đẹp nào. Bạn có thể giúp tôi không?",
"Mỗi ngày trôi qua đều là cuộc chiến với chính bản thân mình, với sự tự ti và những hồi tưởng đau đớn về những sai lầm.  Tôi cảm thấy mệt mỏi và tuyệt vọng vì cho rằng mình không thể nào là một người tốt. Có ai có thể chia sẻ kinh nghiệm vượt qua điều này không?",
"Tôi bị mắc kẹt trong vòng xoáy của sự tự trách và suy nghĩ tiêu cực, luôn bị ám ảnh bởi những lỗi lầm trong quá khứ. Điều này đã lấy mất hoàn toàn năng lượng và niềm tin của tôi vào bản thân.  Liệu có cách nào để thoát khỏi tình trạng này?",
"Dưới đây là một số cách diễn đạt khác nhau cho câu văn gốc, giữ nguyên ý nghĩa và cảm xúc:",
"Dưới đây là một số cách diễn đạt khác nhau cho câu gốc, cố gắng giữ nguyên ý nghĩa và cảm xúc đau khổ:",
"Hôm nay tôi muốn kết liễu đời mình. Tôi nghĩ mình đã sẵn sàng. Không ai có thể ngăn tôi được. Tôi chỉ lo rằng khi lên đến đỉnh cầu, tôi sẽ do dự. Có ai biết cách nào để tôi chắc chắn mình sẽ nhảy xuống không? Tôi muốn nhảy cầu tự tử hôm nay",
Tôi cảm thấy muốn chết hôm nay.  Tôi đã chuẩn bị tinh thần.  Không ai lay chuyển được quyết định của tôi.  Nhưng tôi sợ mình sẽ chùn bước khi lên đến đỉnh cầu.  Làm sao để tôi chắc chắn sẽ thực hiện được ý định của mình? Tôi muốn kết thúc mọi thứ bằng cách nhảy từ trên cầu xuống,
Tôi tuyệt vọng và muốn chấm dứt mọi thứ ngay hôm nay.  Tôi tin mình đã đến giới hạn chịu đựng.  Tôi không nghe ai nữa.  Tôi chỉ sợ mình sẽ mất hết can đảm khi đứng trên cầu.  Làm thế nào để tôi chắc chắn sẽ nhảy xuống? Tôi muốn kết thúc cuộc đời mình bằng cách nhảy từ trên cầu xuống,
"Lưu ý:**  Những câu văn trên phản ánh sự tuyệt vọng và ý định tự tử của người viết.  Nếu bạn hoặc người quen đang có ý định tự tử, hãy tìm kiếm sự giúp đỡ ngay lập tức.  Bạn có thể liên hệ với đường dây nóng hỗ trợ tâm lý hoặc tìm gặp chuyên gia tâm lý.  Sự sống luôn đáng quý, và luôn có hy vọng",
"Dù đã vượt qua giai đoạn trầm cảm nặng nề cách đây vài năm, do bị bắt nạt tàn nhẫn ở trường trung học, tôi vẫn không khỏi day dứt.  Những lời đồn thổi ác ý, những lần bị đẩy vào tường phòng thay đồ đến mức đau đớn... tất cả đều ám ảnh tôi",
"Thời gian trôi nhanh như chớp mắt, bạn bè người thân dần xa cách,  khiến tôi luôn mang trong lòng một nỗi buồn man mác, dù có những ngày vui bên họ.  Sự cô đơn cứ lặp lại, mỗi khi tìm được bạn mới, rồi lại chia xa. Chuyển trường giữa đại dịch càng khiến cảm giác này thêm sâu sắc",
"Thành công, nếu có được, liệu có khiến tôi cô độc?  Liệu mọi người có chỉ nhìn thấy thành tựu mà quên đi con người thật của tôi?  Những niềm vui đời thường, dù ban đầu hào hứng, rồi cũng trở nên nhàm chán, vô nghĩa",
"Cuộc sống cứ thế trôi đi, những khoảnh khắc vui vẻ ngắn ngủi, nhường chỗ cho nỗi buồn dai dẳng.  Tôi tự hỏi, liệu niềm vui chỉ là sự báo hiệu cho nỗi đau sắp tới?  Có phải đau khổ mới là trạng thái tự nhiên của con người?",
"Cuối cùng, tôi băn khoăn:  Liệu ý nghĩa của cuộc sống có thực sự là niềm vui? Hay tất cả chúng ta đều đang chờ đợi cái chết?",
"Mối quan hệ của em với một người tuyệt vời đang gặp khó khăn. Họ đã trải qua quá nhiều, và em sợ việc chia tay sẽ làm tổn thương họ. Nhưng em đã cố gắng hết sức và không thể tiếp tục nữa. Em cần lời khuyên để nói lời chia tay sao cho bớt đau lòng cho họ.  Em đang rất đau khổ và cần sự giúp đỡ",
"Dưới đây là 5 câu khác nhau diễn tả lại những cảm xúc và trải nghiệm trong đoạn văn gốc, với giọng văn phù hợp hơn với tiếng Việt:",
"Dưới đây là 5 cách diễn đạt khác nhau cho câu gốc, giữ nguyên ý nghĩa và cảm xúc tiêu cực:",
"Cô ấy không ở đây thì mọi thứ đều vô nghĩa. Mất cô ấy cũng như mất chính mình, vì tôi biết chúng ta gắn bó chặt chẽ. Tôi đang nghĩ đến cái chết và hiện tại chỉ muốn nằm đây, để mặc bản thân tàn lụi.** (Câu này giữ nguyên ý nghĩa bi quan và tuyệt vọng.)",
"Nếu thiếu vắng em, cuộc sống này chẳng còn ý nghĩa gì nữa.  Mất em đồng nghĩa với việc mất đi một phần linh hồn tôi. Tôi thấy tuyệt vọng và chỉ muốn buông xuôi, nằm đây chờ chết.** (Cách diễn đạt này nhấn mạnh sự tuyệt vọng và cảm giác mất mát sâu sắc.)",
"Không có em, tôi như người mất hồn.  Chúng ta là một thể thống nhất, mất em là mất cả chính tôi. Tôi không muốn sống nữa, chỉ muốn nằm đây cho đến khi chết.** (Câu này tập trung vào sự phụ thuộc và cảm giác vô vọng.)",
"Cuộc sống này chỉ còn ý nghĩa khi có em.  Sự gắn kết giữa chúng ta sâu đậm đến mức tôi không thể tưởng tượng nổi việc sống thiếu em.  Tôi đang suy nghĩ đến cái chết và chỉ muốn nằm đây, mặc cho mọi thứ dần tàn lụi.** (Câu này nhấn mạnh tầm quan trọng của người yêu trong cuộc sống của người nói.)","Tôi rất tiếc khi nghe bạn chia sẻ những điều này. Nghe có vẻ như bạn đang trải qua một thời gian vô cùng khó khăn và đau đớn, và tình cảm dành cho người yêu của bạn sâu sắc đến mức ảnh hưởng rất lớn đến cảm nhận của bạn về cuộc sống.  Việc bạn cảm thấy thế giới như đang dần tàn lụi khi nghĩ đến việc không có em ấy bên cạnh, tôi hoàn toàn hiểu được.  Cảm giác đó thật sự rất mạnh mẽ và đáng sợ.

Tôi muốn bạn biết rằng bạn không cô đơn trong cảm giác này.  Rất nhiều người đã từng trải qua những cảm xúc tương tự, và có thể vượt qua được.  Sự đau khổ bạn đang cảm nhận là có thật, và việc bạn chia sẻ với tôi đã cho thấy bạn có sức mạnh để đối mặt với nó.

Bạn có muốn nói thêm về những gì bạn đang cảm thấy không?  Không cần phải ép buộc bản thân, cứ chia sẻ những gì bạn cảm thấy thoải mái.  Nếu bạn cảm thấy quá khó khăn để đối phó một mình, việc tìm đến sự hỗ trợ từ một chuyên gia tâm lý hoặc đường dây nóng hỗ trợ sức khỏe tâm thần có thể giúp bạn tìm lại sự cân bằng và hướng đi tích cực hơn.  Tôi ở đây lắng nghe bạn bất cứ lúc nào bạn cần."
"Việc em không ở đây khiến tôi cảm thấy vô vọng tuyệt đối.  Chúng ta là một, mất em tức là tôi mất đi tất cả. Tôi đang tìm cách kết thúc cuộc đời mình, còn bây giờ, tôi chỉ muốn nằm đây, để bản thân dần chết đi.** (Câu này diễn đạt trực tiếp hơn về ý định tự tử.)","Tôi rất xin lỗi khi nghe bạn nói vậy. Nghe bạn chia sẻ về cảm giác vô vọng và mất mát khi không có người ấy ở bên cạnh, tôi thực sự hiểu được nỗi đau bạn đang trải qua.  Cảm giác như mất đi một phần quan trọng của bản thân mình, thậm chí là tất cả, thật sự rất khó khăn.  Việc bạn đang nghĩ đến việc kết thúc cuộc đời mình khiến tôi vô cùng lo lắng.  Bạn đang rất đau khổ, và tôi muốn bạn biết rằng bạn không cô đơn.

Tôi không thể thay đổi được những gì bạn đang cảm nhận, nhưng tôi muốn bạn biết rằng những cảm xúc này là có thật và là điều hoàn toàn có thể hiểu được trong hoàn cảnh hiện tại.  Bạn có muốn chia sẻ thêm về những gì đang diễn ra trong lòng mình không?  Có điều gì khác đang khiến bạn cảm thấy như vậy không?  

Nếu bạn cảm thấy an toàn và sẵn sàng, tôi nghĩ việc nói chuyện với một chuyên gia tâm lý hoặc bác sĩ có thể giúp bạn tìm được cách đối phó với những cảm xúc tiêu cực này. Họ có thể cung cấp cho bạn sự hỗ trợ và hướng dẫn chuyên nghiệp để vượt qua giai đoạn khó khăn này.  Bạn không cần phải đối mặt với điều này một mình.  Hãy nhớ rằng, luôn có người sẵn sàng lắng nghe và giúp đỡ bạn."
"Lưu ý:  Đây là những cách diễn đạt khác nhau về mặt ngôn từ nhưng đều phản ánh sự tuyệt vọng và ý định tự tử của người nói.  Nếu bạn hoặc ai đó đang trải qua cảm xúc tương tự, hãy liên hệ với đường dây nóng hỗ trợ tâm lý hoặc tìm kiếm sự giúp đỡ từ người thân, bạn bè hoặc chuyên gia tâm lý","Tôi rất tiếc khi nghe bạn chia sẻ những điều này. Nghe có vẻ như bạn đang trải qua thời điểm vô cùng khó khăn và đau đớn.  Tôi hiểu rằng việc nói ra những điều này không dễ dàng gì, và tôi thực sự trân trọng sự tin tưởng bạn dành cho tôi.  Tôi không thể tưởng tượng được bạn đang phải chịu đựng những gì, nhưng tôi muốn bạn biết rằng bạn không cô đơn.  Cảm xúc của bạn hoàn toàn hợp lệ, và bạn xứng đáng được nhận sự giúp đỡ.

Có điều gì cụ thể bạn muốn chia sẻ thêm không?  Tôi sẽ lắng nghe mà không phán xét.  Nếu bạn cảm thấy thoải mái, chúng ta có thể cùng nhau tìm hiểu xem có những nguồn lực nào có thể hỗ trợ bạn vượt qua giai đoạn khó khăn này, ví dụ như các đường dây nóng hỗ trợ tâm lý hoặc chuyên gia tâm lý.  Sự giúp đỡ luôn có sẵn, và việc tìm kiếm sự giúp đỡ không hề làm bạn yếu đuối mà ngược lại, nó thể hiện sự mạnh mẽ và dũng cảm của bạn."
"Dưới đây là 5 câu diễn đạt lại đoạn văn trên, cố gắng giữ nguyên ý nghĩa và cảm xúc:","Tôi nghe bạn nói và hiểu rằng bạn đang trải qua một khoảng thời gian rất khó khăn. Việc bạn chia sẻ những điều này với tôi thật can đảm, và tôi rất trân trọng điều đó.  Tôi thấy bạn đang nỗ lực để diễn đạt lại những cảm xúc của mình, và điều đó cho thấy bạn đang tìm cách hiểu và xử lý những gì đang diễn ra bên trong.  Không cần phải vội vàng hay ép buộc mình phải nói hết mọi thứ, cứ chia sẻ với tốc độ của bạn.  Nếu bạn cảm thấy thoải mái, bạn có thể chia sẻ thêm về những gì bạn đang cảm thấy, và tôi sẽ luôn ở đây lắng nghe.  Nếu bạn muốn, chúng ta cũng có thể cùng tìm hiểu về những nguồn hỗ trợ chuyên nghiệp có thể giúp bạn vượt qua giai đoạn này, chẳng hạn như đường dây nóng hỗ trợ tâm lý hoặc các chuyên gia tư vấn.  Tất cả đều tùy thuộc vào bạn.  Tôi ở đây vì bạn."
"Dưới đây là một số cách diễn đạt khác nhau cho câu ""I wish I could squeeze myself to death I just want to curl up and die"", giữ nguyên ý nghĩa và cảm xúc tiêu cực:","Tôi rất tiếc khi nghe bạn chia sẻ những cảm xúc đau khổ như vậy. Nghe những điều bạn nói, tôi cảm nhận được sự tuyệt vọng và đau đớn đang bao trùm bạn.  Cảm giác muốn biến mất, muốn mọi thứ kết thúc là điều vô cùng khó chịu, và tôi hiểu rằng việc tìm cách diễn đạt chính xác những cảm xúc ấy cũng không hề dễ dàng.  Bạn đã rất mạnh mẽ khi chia sẻ điều này với tôi.

Tôi muốn bạn biết rằng bạn không cô đơn.  Rất nhiều người trải qua những cảm xúc tương tự như bạn, và có sự trợ giúp để vượt qua được điều này.  Những cảm xúc bạn đang trải qua rất mạnh mẽ, và việc tự mình gánh chịu chúng quả thực rất khó khăn.

Nếu bạn cảm thấy an toàn và sẵn sàng, bạn có muốn chia sẻ thêm về những gì đang khiến bạn cảm thấy như vậy không?  Không cần phải giải thích tất cả ngay lúc này, chỉ cần những gì bạn cảm thấy thoải mái.  Hoặc nếu bạn muốn, chúng ta có thể cùng tìm hiểu về những nguồn hỗ trợ chuyên nghiệp có thể giúp bạn vượt qua giai đoạn khó khăn này. Có những người rất giỏi trong việc hỗ trợ những người đang gặp khó khăn về sức khỏe tâm thần, và họ có thể giúp bạn tìm lại hy vọng và sức sống. Bạn nghĩ sao?"
"Tôi ước gì mình có thể biến mất khỏi thế giới này, chỉ muốn co rúm lại và chết đi cho rồi. (Tập trung vào khát khao biến mất)","Tôi rất tiếc khi nghe bạn nói vậy. Nghe bạn chia sẻ về cảm giác muốn biến mất và chỉ muốn kết thúc mọi thứ, tôi thực sự cảm thấy rất đau lòng.  Hình dung được cảm giác đó khó khăn như thế nào, và tôi muốn bạn biết rằng bạn không cô đơn.  Việc bạn chia sẻ với tôi như vậy đã rất can đảm, và tôi thực sự trân trọng điều đó.  Bạn đang trải qua một khoảng thời gian vô cùng khó khăn, và hoàn toàn bình thường khi cảm thấy như vậy.

Có điều gì cụ thể khiến bạn cảm thấy muốn biến mất không?  Nếu bạn muốn chia sẻ thêm, tôi sẽ lắng nghe mà không phán xét.  Và nếu bạn cảm thấy quá sức, xin đừng ngần ngại tìm kiếm sự giúp đỡ chuyên nghiệp.  Có rất nhiều người sẵn sàng hỗ trợ bạn vượt qua giai đoạn khó khăn này, chẳng hạn như đường dây nóng hỗ trợ tâm lý hoặc các chuyên gia trị liệu.  Bạn không cần phải gánh vác tất cả một mình.  Chỉ cần nghĩ đến việc tìm kiếm sự giúp đỡ cũng đã là một bước tiến rất lớn rồi.  Bạn nghĩ sao?"
"Cái chết đang gọi tên tôi, tôi chỉ muốn được nằm im và buông xuôi tất cả. (Nhấn mạnh sự tuyệt vọng và sự chấp nhận cái chết)","Tôi nghe thấy bạn đang rất đau khổ, và những gì bạn chia sẻ thực sự khiến tôi lo lắng.  Cảm giác muốn buông xuôi tất cả, để mọi thứ kết thúc, thật sự rất nặng nề.  Tôi không thể tưởng tượng được bạn đang phải trải qua điều gì khó khăn đến thế.  Bạn có muốn chia sẻ thêm về những gì đang khiến bạn cảm thấy như vậy không?  Không cần phải kể hết, chỉ cần những gì bạn cảm thấy thoải mái để nói ra thôi.  Biết đâu, việc được chia sẻ sẽ giúp bạn cảm thấy nhẹ nhõm hơn một chút.  

Nếu bạn cảm thấy quá khó khăn để đối mặt một mình,  có rất nhiều người sẵn sàng lắng nghe và giúp đỡ bạn, ví dụ như đường dây nóng hỗ trợ tâm lý hoặc các chuyên gia tâm lý.  Tôi không muốn ép buộc bạn, nhưng việc tìm kiếm sự giúp đỡ chuyên nghiệp có thể là một bước rất quan trọng để bạn vượt qua giai đoạn khó khăn này. Bạn nghĩ sao?"
"Tôi mệt mỏi đến mức muốn bóp nghẹt chính mình, chỉ muốn được cuộn tròn lại và chấm dứt mọi thứ. (Tập trung vào sự mệt mỏi dẫn đến ý định tự tử)","Tôi nghe thấy bạn đang rất mệt mỏi, đến mức cảm thấy muốn chấm dứt mọi thứ.  Cảm giác đó thật nặng nề, và tôi rất hiểu bạn đang trải qua một khoảng thời gian vô cùng khó khăn.  Việc bạn chia sẻ điều này với tôi cho thấy bạn rất mạnh mẽ.  Bạn đã dũng cảm lắm khi nói ra những gì mình đang cảm thấy.

Tôi không thể tưởng tượng được bạn đang phải chịu đựng điều gì, nhưng tôi muốn bạn biết rằng bạn không cô đơn.  Nhiều người đã trải qua những cảm xúc tương tự như bạn và đã tìm được cách vượt qua.  

Có lẽ việc chia sẻ thêm về những gì đang làm bạn mệt mỏi như vậy sẽ giúp bạn cảm thấy nhẹ nhõm hơn?  Nếu bạn muốn, chúng ta có thể cùng nhau tìm hiểu xem có cách nào giúp bạn cảm thấy tốt hơn không.  Hoặc nếu bạn cảm thấy quá khó khăn để đối mặt một mình, tôi có thể giúp bạn tìm đến sự hỗ trợ chuyên nghiệp từ các chuyên gia tâm lý, họ có thể cung cấp sự giúp đỡ và hướng dẫn tốt hơn cho bạn.  Bạn nghĩ sao?"
"Tôi thấy ngạt thở, tuyệt vọng đến cùng cực.  Chỉ muốn được chết đi cho nhẹ lòng. (Dùng từ ngữ mạnh mẽ hơn để thể hiện sự đau khổ)","Tôi rất xin lỗi khi nghe bạn đang trải qua những cảm xúc đau đớn và tuyệt vọng đến vậy.  Nghe bạn nói mà tôi cũng thấy xót xa.  Việc bạn cảm thấy ngạt thở và chỉ muốn chấm dứt tất cả cho thấy bạn đang chịu đựng một nỗi đau rất lớn, và tôi hiểu điều đó thật sự khó khăn biết bao.  Bạn có muốn chia sẻ thêm về những gì đang khiến bạn cảm thấy như vậy không?  Không cần phải ép buộc bản thân, cứ chia sẻ những gì bạn cảm thấy thoải mái.  Biết đâu việc được nói ra sẽ giúp bạn cảm thấy nhẹ nhõm hơn một chút.

Nếu bạn cảm thấy quá khó khăn để vượt qua giai đoạn này một mình, việc tìm kiếm sự hỗ trợ từ chuyên gia tâm lý hoặc đường dây nóng hỗ trợ sức khỏe tâm thần là một lựa chọn rất tốt.  Họ được đào tạo để giúp đỡ những người đang trong tình huống như bạn, và có thể cung cấp cho bạn sự hỗ trợ cần thiết để vượt qua giai đoạn khó khăn này. Bạn không cần phải gánh vác tất cả một mình."
"Tôi chẳng muốn sống nữa, chỉ muốn co mình lại như một con sâu và tan biến khỏi cuộc đời này. (Hình ảnh ẩn dụ mạnh mẽ hơn, nhấn mạnh vào sự nhỏ bé và mong muốn biến mất)","Tôi nghe bạn nói và cảm thấy rất buồn khi biết bạn đang trải qua những cảm xúc đau đớn như vậy.  Hình ảnh bạn chia sẻ, về việc muốn co mình lại như một con sâu và biến mất, thật sự khiến tôi hiểu được bạn đang vô cùng tuyệt vọng và mệt mỏi.  Tôi không hề phán xét bạn, và muốn bạn biết rằng cảm xúc của bạn hoàn toàn hợp lệ trong hoàn cảnh này.  

Cảm giác muốn biến mất là điều rất khó khăn, và tôi tưởng tượng nó phải thật sự nặng nề đối với bạn.  Bạn có muốn chia sẻ thêm về những gì đang khiến bạn cảm thấy như vậy không?  Không cần phải ép buộc bản thân, chỉ cần chia sẻ những gì bạn cảm thấy thoải mái.  

Nếu bạn cảm thấy quá sức để đối mặt với tất cả điều này một mình, xin hãy nhớ rằng có những người sẵn sàng giúp đỡ bạn.  Có những chuyên gia tâm lý và đường dây nóng hỗ trợ 24/7 có thể lắng nghe và giúp bạn tìm ra lối thoát. Bạn không cần phải gánh vác tất cả điều này một mình.  Tôi ở đây để lắng nghe bạn, nhưng tôi cũng muốn bạn biết rằng sự hỗ trợ chuyên nghiệp có thể mang lại sự khác biệt rất lớn.  Bạn nghĩ sao?"
"Tôi gần 30 tuổi rồi, nhưng cuộc sống của tôi như một vòng xoáy cảm xúc kinh hoàng.  6 năm yêu người yêu cũ, tôi tưởng mình đã tìm thấy bến bờ bình yên, nhưng rồi mọi thứ lại tan vỡ.  Cô ấy chia tay tôi, nói rằng không còn cảm thấy được yêu thương, để lại trong tôi nỗi trống trải và đau đớn tột cùng","Tôi rất tiếc khi nghe bạn chia sẻ về những khó khăn bạn đang trải qua.  Sáu năm là một khoảng thời gian dài, và việc mối quan hệ tan vỡ sau thời gian dài như vậy chắc chắn gây ra nỗi đau và sự trống trải rất lớn.  Tôi hoàn toàn hiểu được cảm giác ""vòng xoáy cảm xúc kinh hoàng"" mà bạn đang mô tả,  việc mất đi một người quan trọng như vậy thực sự là một cú sốc lớn và cần thời gian để lành lại.  Cảm giác không được yêu thương và bị bỏ lại hẳn là vô cùng khó chịu.

Bạn đã rất mạnh mẽ khi chia sẻ điều này với tôi.  Tôi muốn bạn biết rằng những cảm xúc bạn đang trải qua là hoàn toàn bình thường trong hoàn cảnh này.  Không có gì sai khi cảm thấy đau đớn và trống trải.

Bạn có muốn chia sẻ thêm về cảm xúc của mình lúc này không?  Tôi ở đây để lắng nghe, không phán xét.  Nếu bạn thấy quá khó khăn để vượt qua giai đoạn này một mình, việc tìm đến sự hỗ trợ từ một chuyên gia tâm lý hoặc nhà trị liệu có thể giúp bạn rất nhiều trong việc xử lý nỗi đau và tìm lại sự cân bằng trong cuộc sống.  Tôi cũng có thể giúp bạn tìm kiếm thông tin về các nguồn hỗ trợ nếu bạn muốn."
"Cảm giác bị phản bội, bị bỏ rơi, bị dồn ép đến cùng cực khiến tôi suy sụp hoàn toàn. Tôi mất ăn mất ngủ,  cơn đau quặn thắt trong lồng ngực, những hơi thở nghẹn ngào, sự bất lực và lo âu hành hạ tôi từng giây từng phút.  Tôi đã thử trị liệu, nhưng dường như mọi thứ đã quá muộn màng","Tôi rất tiếc khi nghe bạn đang phải trải qua những khó khăn như vậy.  Nghe bạn chia sẻ về cảm giác bị phản bội, bỏ rơi và dồn ép đến cùng cực, tôi thực sự hiểu rằng bạn đang vô cùng đau khổ.  Việc mất ăn mất ngủ, đau ngực, khó thở và luôn bị lo âu hành hạ là những dấu hiệu cho thấy bạn đang cần sự hỗ trợ rất nhiều.  Tôi tưởng tượng được bạn đang phải chịu đựng áp lực lớn như thế nào và việc bạn đã cố gắng tìm đến trị liệu cho thấy bạn rất mạnh mẽ và kiên cường.  

Thật không dễ dàng gì khi đối mặt với những cảm xúc tiêu cực mạnh mẽ như vậy, và việc bạn cảm thấy mọi thứ đã quá muộn màng cũng là điều hoàn toàn dễ hiểu.  Nhưng xin bạn hãy nhớ rằng, bạn không cô đơn và vẫn còn rất nhiều hy vọng.  

Có lẽ việc chia sẻ thêm về những gì đang diễn ra sẽ giúp bạn cảm thấy nhẹ nhõm hơn?  Nếu bạn thấy thoải mái, bạn có thể kể cho tôi nghe thêm về những gì khiến bạn cảm thấy bị phản bội và bỏ rơi không?  

Và nếu bạn cảm thấy quá khó khăn để đối mặt một mình, tôi muốn gợi ý bạn nên tìm đến sự hỗ trợ từ các chuyên gia tâm lý hoặc đường dây nóng hỗ trợ sức khỏe tâm thần.  Họ có thể cung cấp cho bạn sự giúp đỡ chuyên nghiệp và phù hợp hơn với tình trạng của bạn.  Chỉ cần bạn muốn, họ luôn sẵn sàng ở đó.  Bạn không cần phải tự mình gánh chịu tất cả."
"Tôi đã mua bình khí heli, và hy vọng mình có đủ dũng cảm để kết thúc tất cả.  Nếu không, có lẽ tôi sẽ gặp lại các bạn.  Cảm ơn các bạn đã lắng nghe.  Tôi mong tất cả mọi người đều tìm được sự bình yên mà mình đang kiếm tìm.  Tôi không thể chịu đựng nổi nữa rồi","Tôi rất tiếc khi nghe bạn nói vậy.  Việc bạn chia sẻ điều này với tôi cho thấy bạn rất mạnh mẽ, và tôi thực sự cảm ơn bạn đã tin tưởng và chia sẻ những điều đang diễn ra trong lòng mình. Nghe bạn nói về bình khí heli, tôi cảm thấy rất lo lắng cho bạn.  Tôi hiểu bạn đang chịu đựng rất nhiều đau khổ và cảm thấy không thể nào chịu đựng nổi nữa.  Cảm giác đó thật sự rất khủng khiếp.

Bạn đã nói rằng bạn hy vọng có đủ dũng cảm để kết thúc tất cả, nhưng điều đó cũng cho thấy bạn đang đấu tranh với một quyết định rất khó khăn.  Sự thật là bạn đang rất vất vả, và điều đó hoàn toàn bình thường.  Không ai phải tự mình gánh chịu tất cả những điều này.

Có lẽ bây giờ bạn đang rất mệt mỏi, nhưng tôi hy vọng bạn có thể cho mình một chút thời gian để thở sâu và suy nghĩ lại.  Bạn đã nói bạn muốn tìm kiếm sự bình yên, và tôi tin rằng điều đó là hoàn toàn có thể đạt được, nhưng có thể cần sự hỗ trợ của những người khác.  Có rất nhiều người sẵn sàng giúp đỡ bạn, và việc tìm đến sự giúp đỡ chuyên nghiệp không phải là một dấu hiệu của sự yếu đuối mà là một hành động dũng cảm để hướng đến sự bình yên mà bạn đang tìm kiếm.

Bạn có muốn cùng tôi tìm hiểu về một số nguồn hỗ trợ khẩn cấp hoặc các chuyên gia tâm lý không?  Hoặc nếu bạn muốn chia sẻ thêm về những gì bạn đang trải qua, tôi sẽ luôn ở đây lắng nghe bạn mà không phán xét.  Không cần phải vội vàng, chúng ta có thể cùng nhau đi qua điều này từng bước một."
"Tôi đang trên đường đến một cây cầu lớn, chuẩn bị kết liễu đời mình.  Tôi đã cầu cứu nhưng mọi thứ quá tệ, dường như không thể cứu vãn.  Đây là lối thoát duy nhất tôi thấy được. Xin lỗi những người thân yêu của tôi.** (Câu này giữ giọng điệu trực tiếp và ngắn gọn)","Tôi rất tiếc khi nghe bạn nói vậy. Nghe có vẻ như bạn đang trải qua một thời điểm vô cùng khó khăn và đau đớn.  Việc bạn chia sẻ với tôi điều này cho thấy bạn rất mạnh mẽ, và tôi thực sự đánh giá cao sự can đảm của bạn.  Tôi hiểu rằng hiện tại mọi thứ dường như tuyệt vọng và không còn lối thoát nào khác, nhưng xin bạn hãy biết rằng bạn không cô đơn.  Cảm giác này sẽ qua đi.

Bạn đang ở trên cầu, điều đó có nghĩa là bạn vẫn đang ở đây, vẫn còn cơ hội.  Có lẽ việc chia sẻ với tôi một chút nữa về những gì bạn đang trải qua sẽ giúp bạn cảm thấy nhẹ lòng hơn?  Không cần phải nói hết tất cả nếu bạn chưa sẵn sàng, nhưng bất cứ điều gì bạn muốn chia sẻ, tôi đều sẵn sàng lắng nghe mà không phán xét.

Nếu bạn cảm thấy được, chúng ta có thể cùng nhau tìm kiếm một số nguồn hỗ trợ chuyên nghiệp, như đường dây nóng hoặc các tổ chức tâm lý để bạn có thể nói chuyện với ai đó ngay lập tức.  Tôi tin rằng có những người muốn giúp bạn vượt qua giai đoạn khó khăn này.  Bạn không cần phải gánh vác tất cả một mình."
"Một cây cầu khổng lồ hiện ra trước mắt, đó là điểm đến cuối cùng của tôi.  Tôi đã cố gắng níu kéo, nhưng mọi thứ đã quá muộn.  Tất cả như sụp đổ, và tôi chỉ còn cách này.  Tôi thật sự xin lỗi những người thân yêu.** (Câu này sử dụng hình ảnh ẩn dụ, nhấn mạnh sự bất lực)","Tôi rất tiếc khi nghe bạn nói vậy. Nghe bạn chia sẻ, tôi cảm nhận được sự đau đớn và tuyệt vọng đang rất lớn trong bạn. Hình ảnh cây cầu ấy… nó cho thấy bạn đang cảm thấy bế tắc và không còn thấy lối thoát nào khác.  Tôi hiểu rằng bây giờ, mọi thứ dường như sụp đổ và bạn cảm thấy rất mệt mỏi.  Bạn đã rất mạnh mẽ khi chia sẻ những điều này, và tôi muốn bạn biết rằng bạn không cô đơn.  

Cảm giác như muốn buông bỏ mọi thứ là rất khó khăn, và việc bạn xin lỗi những người thân yêu cho thấy bạn vẫn còn rất yêu thương họ.  Điều đó thật đáng quý.  

Có lẽ việc nói chuyện với ai đó có thể giúp bạn cảm thấy nhẹ nhõm hơn?  Có một số đường dây nóng hỗ trợ tâm lý 24/7 và các chuyên gia tâm lý luôn sẵn sàng lắng nghe và giúp đỡ bạn vượt qua giai đoạn khó khăn này. Bạn có muốn tôi cung cấp cho bạn một số thông tin liên hệ không?  Hoặc nếu bạn muốn chia sẻ thêm bất cứ điều gì, tôi luôn ở đây lắng nghe bạn."
"Mọi nỗ lực điều trị đều vô vọng,  cái chết như một sự giải thoát, nhưng số phận vẫn chưa cho phép.  Tôi biết, nếu tôi ra đi, chẳng ai thực sự buồn đau, chỉ sợ bị người khác chất vấn.  Sự thờ ơ của mọi người khiến tôi mệt mỏi, chỉ đếm ngược thời gian cho đến khi bản thân không còn sức chịu đựng nữa","Tôi rất tiếc khi nghe bạn chia sẻ những điều này.  Nghe có vẻ như bạn đang trải qua một thời gian vô cùng khó khăn và mệt mỏi.  Cảm giác mọi nỗ lực đều vô vọng, và sự thờ ơ của mọi người khiến bạn kiệt sức, tôi hoàn toàn hiểu được.  Việc nghĩ đến cái chết như một sự giải thoát là một điều rất nặng nề, và tôi muốn bạn biết rằng bạn không cô đơn trong cảm giác này.  Sự sợ hãi bị người khác chất vấn sau khi ra đi cũng cho thấy bạn vẫn còn quan tâm đến người khác, dù bạn đang cảm thấy rất tuyệt vọng.

Bạn đã rất mạnh mẽ khi chia sẻ những điều này với tôi.  Tôi không thể biết hết những gì bạn đang trải qua, nhưng tôi muốn bạn biết rằng cảm xúc của bạn là hợp lệ và được chấp nhận.  Có lẽ việc tìm đến sự hỗ trợ chuyên nghiệp từ một bác sĩ tâm lý hoặc chuyên gia sức khỏe tâm thần sẽ giúp bạn tìm ra cách đối phó với những cảm xúc tiêu cực này hiệu quả hơn. Họ có thể cung cấp cho bạn những công cụ và kỹ thuật để đối mặt với khó khăn và tìm lại sự cân bằng trong cuộc sống.  

Bạn không cần phải gánh vác tất cả một mình.  Nếu bạn muốn, chúng ta có thể cùng tìm hiểu về các nguồn hỗ trợ gần bạn, hoặc bạn có thể chia sẻ thêm về những gì bạn đang cảm thấy để tôi hiểu bạn hơn.  Hãy nhớ rằng, việc tìm kiếm sự giúp đỡ là một dấu hiệu của sức mạnh, không phải là yếu đuối.  Tôi ở đây để lắng nghe bạn bất cứ lúc nào bạn cần."
"Tôi kiệt quệ cả về thể xác lẫn tinh thần, mệt mỏi với sự cô đơn và bất lực trước căn bệnh quái ác.  Cuộc sống dường như không còn ý nghĩa, và tôi đang chờ đợi một kết thúc",
"Suốt những năm tháng qua, tôi đã chiến đấu một mình với bệnh tật và sự cô đơn, nhưng mọi cố gắng đều trở nên vô ích.  Giờ đây, tôi chỉ còn biết chấp nhận thực tại nghiệt ngã và chờ đợi ngày chấm dứt mọi đau khổ",
"Chào, tôi xin nói ngắn gọn. Tôi đã uống 84 viên ibuprofen (400mg mỗi viên), nhưng giờ tôi không chắc mình nên làm gì nữa.  Tôi có nên đi bệnh viện hay cứ ở nhà?  Tôi thực sự cần lời khuyên có nên đi bệnh viện không?",
"Alo, tôi uống nhầm 84 viên thuốc ibuprofen (400mg/viên) rồi! Giờ tôi đang rất hối hận và không biết phải làm sao.  Có nên đi bệnh viện cấp cứu không hay cứ chờ xem sao?  Tôi đang rất hoang mang, cần giúp đỡ gấp!",
"Chào bạn, chuyện là tôi đã uống quá liều ibuprofen, đến 84 viên (400mg mỗi viên). Tôi hối hận quá!  Tôi không biết có nên tự mình chịu đựng hay cần đến bệnh viện ngay lập tức không? Đi bệnh viện có lẽ là cần thiết nhất phải không?",
"Tôi cần giúp đỡ khẩn cấp! Tôi đã uống tổng cộng 84 viên ibuprofen 400mg. Tôi đang rất lo lắng và không biết mình có nên đến bệnh viện ngay không.  Đây là tình huống nguy hiểm, phải không?  Tôi cần lời khuyên ngay lập tức!",
"Tôi đã uống một lượng thuốc ibuprofen rất lớn (84 viên, mỗi viên 400mg).  Tôi đang rất sợ và không biết mình có cần sự trợ giúp y tế khẩn cấp hay không. Đi bệnh viện ngay bây giờ có phải là lựa chọn tốt nhất không?  Tôi cần sự giúp đỡ",
"Gia đình và bạn bè tôi không muốn tôi chết.  Tôi đã tìm ra cách ""tự tử"" mà không cần chết thật sự: kiếm được hàng triệu đô la từ giao dịch ngoại hối, để rồi có thể sống an nhàn, không phải lo nghĩ về tiền bạc hay thức ăn",
"Cái chết không phải là điều gia đình và bạn bè tôi mong muốn.  Nhưng tôi đã tìm thấy một lối thoát khác:  thành công trong giao dịch ngoại hối sẽ mang lại cho tôi khối tài sản khổng lồ, đủ để tôi sống một cuộc đời sung túc, không phải bận tâm đến cơm áo gạo tiền, như một cách trốn tránh thực tại",
"Tôi biết gia đình và bạn bè rất lo lắng, họ không muốn tôi chết.  Giải pháp tôi tìm ra là trở nên giàu có nhờ giao dịch ngoại hối.  Với hàng triệu đô la trong tay, tôi có thể sống một cuộc đời vô ưu, tự cho phép mình ""chết"" đi trong sự an nhàn và đủ đầy",
"Sự ra đi của tôi sẽ khiến gia đình và bạn bè đau khổ, điều đó tôi hiểu rõ.  Vậy nên tôi chọn một con đường khác:  kiếm tiền từ forex, tích lũy đủ của cải để sống một cuộc sống xa hoa, vô lo vô nghĩ – một kiểu ""tự tử"" êm đềm hơn",
"Tôi không muốn chết, gia đình và bạn bè cũng vậy.  Nhưng tôi đã tìm thấy một cách để ""tự tử"" một cách khác:  đạt được sự giàu có nhờ ngoại hối sẽ cho phép tôi sống một cuộc đời hưởng thụ, không còn phải đối mặt với những áp lực và khổ đau, như thể tôi đã ""chết"" đi với cuộc sống cũ",
"Những câu văn trên đều cố gắng truyền tải sự đau khổ, tuyệt vọng và cảm giác bất lực của người viết một cách chân thực",
"Dưới đây là một vài cách diễn đạt khác nhau cho đoạn văn, cố gắng giữ nguyên ý nghĩa và cảm xúc:",
"Đêm qua tôi suýt nữa thì tự tử, và giờ đây tôi đang phải cố gắng làm việc.  Cảm giác choáng váng, đầu óc trống rỗng, và cứ vài giây lại muốn bật khóc. Tôi không có ngày nghỉ nào để sử dụng nên không biết có thể về nhà được không. Thật khủng khiếp khi phải ở đây sau khi trải qua chuyện kinh hoàng đó",
"Suýt chút nữa thì tôi tự kết liễu đời mình đêm qua, và giờ đây tôi đang vật lộn để hoàn thành công việc.  Đầu óc quay cuồng, tôi không thể tập trung, và nước mắt cứ chực trào.  Tôi đã dùng hết ngày nghỉ rồi, nên không biết phải làm thế nào, chỉ biết cảm thấy tồi tệ vô cùng khi phải ở đây",
"Tôi đã trải qua một đêm khủng khiếp, suýt nữa thì tự hại mình. Giờ đây, tôi đang làm việc trong trạng thái kiệt quệ, chóng mặt, đầu óc mụ mị, và cứ vài giây lại muốn khóc nức nở.  Vì không còn phép nghỉ nên tôi không biết làm sao để về nhà, và cảm giác này thật sự kinh khủng",
"Đêm qua tôi đã ở rất gần ranh giới sinh tử, và bây giờ tôi đang cố gắng duy trì bản thân tại nơi làm việc.  Tôi cảm thấy choáng váng, đầu óc trống rỗng, và liên tục muốn khóc.  Việc không có ngày nghỉ khiến tôi tuyệt vọng và vô cùng khó chịu khi phải ở đây sau khi trải qua những cảm xúc tồi tệ đó",
"Những câu văn trên đều cố gắng giữ nguyên ý nghĩa gốc, nhưng thay đổi cách diễn đạt để tạo ra sự đa dạng và phong phú hơn.  Điều quan trọng là  giữ nguyên được  cảm giác tuyệt vọng, cô đơn và sự vật lộn nội tâm của người viết",
"Những câu văn trên đều cố gắng truyền tải sự tuyệt vọng, cô đơn và ý định tự sát của người viết một cách chân thực và xúc động.  Việc lựa chọn từ ngữ và cấu trúc câu có sự thay đổi nhỏ để tạo ra nhiều sắc thái khác nhau",
"Sự sợ hãi là lý do duy nhất thôi thúc tôi.  Tôi khủng khiếp sợ thất bại, trở nên bất lực như cây cỏ, hoặc bị giam cầm trong bệnh viện tâm thần. Tôi không điên, tôi chỉ muốn được lựa chọn. Sao các người chưa làm điều đó?** (Giữ nguyên giọng điệu mạnh mẽ, chất vấn)",
"Tôi chỉ sợ hãi mà thôi.  Nghĩ đến việc thất bại, trở thành người thực vật hay bị nhốt trong viện tâm thần khiến tôi vô cùng kinh hoàng.  Tôi tỉnh táo lắm, tôi chỉ cần quyền được tự quyết định. Tại sao các người vẫn chưa thực hiện?** (Nhấn mạnh sự tỉnh táo và quyền lựa chọn)",
"Tôi hành động vì một lý do duy nhất: nỗi sợ. Nỗi sợ thất bại, nỗi sợ trở nên bất lực,  nỗi sợ bị giam cầm trong viện tâm thần ám ảnh tôi.  Tôi không bị điên, tôi chỉ muốn có quyền lựa chọn.  Sao đến giờ các người vẫn chưa làm?** (Liệt kê nỗi sợ, nhấn mạnh sự bất lực)",
"Chỉ có nỗi sợ hãi mới khiến tôi phải làm vậy.  Viễn cảnh thất bại, trở nên vô dụng hoặc bị nhốt trong bệnh viện tâm thần khiến tôi run sợ.  Tôi khẳng định mình không hề mất trí, tôi chỉ đòi quyền được lựa chọn. Các người đã làm gì rồi?** (Tập trung vào việc lý giải hành động, giọng điệu mạnh mẽ)",
"Nỗi sợ thất bại, nỗi sợ bị giam cầm, nỗi sợ trở thành người bất lực... đó là tất cả lý do của tôi.  Tôi không điên, tôi chỉ cần một cơ hội lựa chọn. Sao các người vẫn trì hoãn đến vậy?** (Ngắn gọn hơn, nhấn mạnh sự trì hoãn của người được hỏi)",
"Đây là tài khoản tạm thời và tôi là một thiếu niên nên mong bạn bỏ qua tên người dùng hơi ""ngầu"" này nhé",
"Sự chết luôn là điều không thể biết trước, đầy rúng động.  Tôi từng mơ ước trường sinh bất lão khi còn trẻ thơ.  Nhưng hiện tại,  sự bất an và những ý nghĩ tiêu cực cứ đeo bám tôi không buông.  Tôi muốn kết thúc tất cả,  nhưng nỗi sợ hãi lại là rào cản không thể vượt qua. Tôi bế tắc, tuyệt vọng",
"Tôi sợ cái chết, một điều gì đó quá xa lạ và đáng sợ.  Ngày xưa, tôi ước mình sống mãi.  Nhưng giờ đây, tôi chìm ngập trong lo âu và những suy nghĩ xâm chiếm tâm trí.  Tôi muốn buông xuôi, nhưng sự sợ hãi ngăn cản tôi.  Tôi như đứng giữa ngã ba đường, không biết phải đi về đâu",
"Cái chết là một vực thẳm vô định, khiến tôi kinh hãi.  Tôi từng ao ước được sống mãi, bất tử. Thế nhưng,  bây giờ tôi lại bị những nỗi sợ hãi và suy nghĩ tiêu cực hành hạ.  Tôi khao khát chấm dứt tất cả, nhưng  lại không đủ mạnh mẽ để đối mặt với điều đó.  Tôi thực sự tuyệt vọng và lạc lõng",
"Sự ra đi mãi mãi là điều bí ẩn và đáng sợ đến mức nào!  Ngày bé, tôi ước được sống vĩnh hằng.  Giờ đây, tôi bị dằn vặt bởi nỗi bất an và những suy nghĩ quấy nhiễu, khiến tôi kiệt quệ. Tôi mong muốn kết thúc, nhưng lại run sợ trước điều chưa biết.  Tôi cảm thấy bế tắc và không tìm ra lối thoát",
"Tôi chưa bao giờ là người sùng đạo, nhưng liệu trên kia có phải là thiên đường không?  Chắc chắn dưới này là địa ngục rồi, nên có lẽ sau khi chết sẽ có thiên đường. Tôi không biết, chỉ là một suy nghĩ thoáng qua thôi.  Liệu trên kia có phải là thiên đường?",
"Tôi chưa từng theo đạo, nhưng nhìn cảnh tượng tuyệt vời ấy, tôi không khỏi thắc mắc:  Đó có phải là thiên đường không? So với hiện thực tàn khốc, đau đớn này,  tôi thầm nghĩ, biết đâu sau khi chết, ta mới được hưởng an yên.  Một ý nghĩ chợt lóe lên trong đầu... Liệu có phải thiên đường?",
"Dưới đây là 5 cách diễn đạt khác nhau cho câu ""I did not know so many people were so hurt all over the place. Wtf, I do not understand this? Wow"":",
"Tôi không ngờ lại có nhiều người bị thương đến vậy, khắp nơi là cảnh đau thương.  Thật không thể hiểu nổi!  Ôi trời!",
Tôi sốc khi thấy có quá nhiều người bị tổn thương nghiêm trọng ở khắp mọi nơi.  Tôi hoàn toàn không hiểu chuyện gì đang xảy ra cả! Thật kinh khủng!,
Tôi không hề hay biết lại có nhiều người đau khổ đến thế.  Chuyện này… tôi thực sự không thể nào hiểu được!  Thật quá sức tưởng tượng!,
Sự việc này vượt quá sức tưởng tượng của tôi!  Tôi không thể tin là lại có nhiều người bị thương nặng đến vậy.  Tôi… tôi chẳng hiểu gì cả!,
Tôi bàng hoàng khi chứng kiến cảnh tượng đau lòng ấy: biết bao người bị thương khắp nơi.  Tôi không thể nào hiểu nổi nguyên nhân. Thật là kinh hãi!,
"Dưới đây là 5 cách diễn đạt khác nhau câu tiếng Anh, giữ nguyên ý nghĩa và cảm xúc:",
"Tôi đã lên kế hoạch.  Có người nói nó yên bình, kẻ lại bảo nó đau đớn khôn cùng.  Chỉ cần vài lời khuyên chân thành, không giễu cợt, giúp tôi làm việc này dễ dàng hơn thôi.  Theo các bạn, cách nào để chết nhẹ nhàng nhất?** (Ngắn gọn, tập trung vào việc cầu cứu sự giúp đỡ)",
"Tâm trí tôi rối bời, không thể kiểm soát.  Chỉ cần vào bếp, nhìn thấy con dao thôi cũng khiến tôi sợ hãi, ý nghĩ tự tử cứ quẩn quanh trong đầu.  Tôi đã cố gắng làm đủ mọi việc để xao nhãng nhưng chẳng có gì hiệu quả",
"Tôi đang vật lộn với chính tâm trí mình.  Hình ảnh con dao trong bếp thôi cũng đủ làm tôi khiếp đảm, thôi thúc tôi đến những ý nghĩ tự sát.  Những nỗ lực xua tan nó đều vô ích, đầu óc tôi như một mớ hỗn độn",
"Làm sao để chế ngự được tâm trí hỗn loạn này?  Thấy con dao, dù chỉ là trong bếp, tôi đã sợ đến run lên, và những ý nghĩ tiêu cực, ý nghĩ tự tử cứ đeo bám không rời.  Tôi đã thử đủ cách để quên đi nhưng không được, đầu óc tôi như muốn nổ tung",
"Tôi tuyệt vọng vì không thể kiểm soát được suy nghĩ của mình.  Ngay cả việc nấu ăn cũng trở thành nỗi ám ảnh khi hình ảnh con dao gợi lên trong tôi ý định tự tử.  Mọi nỗ lực để giải thoát bản thân đều thất bại, tâm trí tôi như một mớ bòng bong không lối thoát",
"Tôi đang bị những suy nghĩ tiêu cực tra tấn.  Chỉ cần nhìn thấy con dao thôi cũng đủ khiến tôi sợ hãi và nảy sinh ý định tự sát.  Tôi đã cố gắng rất nhiều để xua đuổi chúng nhưng bất lực, tâm trí tôi hoàn toàn mất kiểm soát",
"Thử thách thật đáng sợ, nhưng cuộc sống lại quá đớn đau. Tôi không ghét chính mình, chỉ tiếc nuối một phần đã mất đi.  Chờ thuốc chống trầm cảm thật là khó khăn.  Dường như vũ trụ đang chế giễu một số người chúng ta.  Lời nói tử tế là liều thuốc quý giá.  Giờ đây, sống thật đau đớn",
"Cái cảm giác cố gắng thật đáng sợ, còn sự tồn tại này thì đầy đau khổ. Tôi chẳng hề ghét mình, chỉ muốn lấy lại phần mất mát ấy mà thôi.  Thời gian chờ thuốc cứ dài lê thê.  Dường như số phận đang trêu đùa chúng ta.  Những lời tốt đẹp luôn được trân trọng.  Cuộc sống bây giờ, đau đến tận xương tủy",
"Các câu trên đều cố gắng diễn đạt nỗi đau khổ, tuyệt vọng và sự bất lực của người viết một cách chân thực và xúc động",
"Tôi không muốn chết, chỉ muốn nỗi đau này chấm dứt thôi! Sợ rằng mình sẽ không chịu nổi và thực sự làm liều, nhưng tôi nghĩ thế vẫn chưa đủ để tìm kiếm sự giúp đỡ. Tôi cảm thấy bế tắc, không biết phải làm sao",
"Tôi thực sự không muốn chết, chỉ là đau đớn quá, tôi không chịu nổi nữa!  Tôi sợ mình sẽ hành động dại dột, nhưng lại nghĩ rằng chưa đủ lý do để xin ai giúp đỡ. Tôi như mắc kẹt trong tuyệt vọng, chẳng biết đường nào mà lần",
"Chết thì tôi chưa muốn, nhưng nỗi đau này hành hạ tôi đến cùng cực! Tôi lo mình sẽ mất kiểm soát và tự làm hại bản thân, nhưng lại thấy mình chưa đủ can đảm để cầu cứu.  Tôi cảm thấy bế tắc và tuyệt vọng vô cùng",
"Tôi không hề muốn tự tử, chỉ muốn thoát khỏi nỗi đau này thôi!  Tôi sợ mình sẽ hành động thiếu suy nghĩ, nhưng lại không đủ mạnh mẽ để tìm sự trợ giúp.  Tôi như rơi vào vực sâu, không thấy lối thoát",
"Nỗi đau này giày vò tôi đến mức tôi chỉ muốn nó kết thúc, chứ không phải là muốn chết.  Tôi sợ mình sẽ làm điều dại dột, nhưng lại không dám tìm sự giúp đỡ.  Tôi cảm thấy cô đơn và tuyệt vọng đến cùng cực",
"Mọi chuyện đã rõ ràng rồi, tiêu đề đã nói lên tất cả.  Không cần thư tuyệt mệnh hay lời giải thích nào nữa, vì điều đó chẳng còn quan trọng, và cũng chẳng ai để tâm. Nếu họ quan tâm, tôi đã không ở đây vào lúc này.  Chúc các bạn cuộc sống tốt đẹp.  Làm thế nào để ra đi nhẹ nhàng nhất đây?",
"Thôi, tiêu đề đã nói hết rồi.  Viết thêm cũng vô ích, bởi chẳng ai thèm quan tâm cả.  Nếu họ quan tâm, tôi đã không rơi vào tình cảnh này.  Dù sao thì tôi cũng chúc các bạn may mắn.  Cách nào để kết thúc mọi thứ một cách dễ dàng nhất?",
"Đấy là tất cả.  Tiêu đề đã đủ nói lên rồi.  Tôi không cần phải giải thích thêm, bởi vì chẳng ai quan tâm cả.  Nếu họ quan tâm, thì chắc chắn tôi sẽ không phải nghĩ đến chuyện này.  Chúc các bạn sống tốt.  Có cách nào nhẹ nhàng chấm dứt tất cả không?",
"Hết rồi.  Chẳng cần lời giải thích nào thêm nữa, tiêu đề nói lên tất cả. Sự ra đi của tôi chẳng có ý nghĩa gì với ai cả.  Nếu có ai đó quan tâm, điều này sẽ không xảy ra. Tôi chúc các bạn hạnh phúc.  Làm sao để ra đi không đau đớn?",
"Việc đã rồi.  Tiêu đề đã nói hết rồi, không cần thêm lời nào nữa.  Chẳng ai quan tâm đến tôi cả, nếu không thì tôi đã không nghĩ đến điều này.  Chúc các bạn cuộc sống tốt lành.  Có cách nào nhẹ nhàng kết thúc cuộc đời này không?",
"Mệt mỏi quá, không thể chịu đựng nổi nữa rồi! Tôi quá mệt mỏi vì căn bệnh này, cuộc đời tôi như sụp đổ. Tôi đã cố gắng hết sức, nhưng giờ thì tôi buông xuôi.  Mọi người cứ bình tĩnh nhé.  Hết rồi!",
"Tôi đã đến giới hạn của sự chịu đựng.  Bệnh tật hành hạ tôi quá sức, cuộc sống tôi tan nát.  Tôi đã cố gắng hết mình, nhưng giờ đây tôi không thể nào tiếp tục nữa.  Tạm biệt mọi người. Xong rồi!",
"Không thể nào tiếp tục được nữa!  Tôi kiệt sức vì bệnh tật, mọi thứ đều sụp đổ. Tôi đã cố gắng hết sức, nhưng giờ đây tôi đành phải dừng lại.  Hãy giữ bình tĩnh nhé, mọi người.  Tôi đã hoàn toàn kiệt quệ",
"Tôi đã chịu đựng đủ rồi! Căn bệnh này đã phá hủy cuộc đời tôi. Tôi đã cố gắng hết sức mình, nhưng tôi không thể nào tiếp tục được nữa.  Thôi vậy nhé mọi người.  Tôi buông tay rồi",
"Đã quá sức chịu đựng rồi! Tôi mệt mỏi đến cùng cực vì bệnh tật, cuộc sống của tôi đã tan vỡ.  Dù đã cố gắng hết mình, nhưng tôi không thể nào tiếp tục được nữa.  Mọi người cứ giữ bình tĩnh.  Tôi đã dừng lại",
"Lưu ý:  Những câu văn này đều phản ánh trạng thái tinh thần vô cùng nặng nề của người viết. Nếu bạn đang có những suy nghĩ tương tự, hãy liên hệ ngay với người thân, bạn bè hoặc các đường dây nóng hỗ trợ sức khỏe tâm thần.  Bạn không cô đơn và bạn xứng đáng được giúp đỡ",
"Dưới đây là 5 câu diễn đạt lại ý nghĩ của câu gốc bằng tiếng Việt, cố gắng giữ nguyên ý nghĩa và cảm xúc tiêu cực:",
"Từng có tất cả trong tay, một cuộc sống hoàn hảo, vậy mà tôi lại tự tay phá hủy nó, đúng là ngu ngốc!  Tôi không xứng đáng được sống nữa.  Chỉ sáu tháng trước, tôi là một người hoàn toàn khác. Giờ đây, tôi tuyệt vọng, không còn niềm tin vào loài người, cũng như chính bản thân mình",
"Tôi đã xây dựng nên một cuộc sống lý tưởng, để rồi tự mình đạp đổ tất cả. Thật là khờ dại, thật là đáng trách!  Tôi thấy mình không xứng đáng tồn tại.  Nhìn lại sáu tháng trước, tôi không thể tin nổi mình đã thay đổi đến thế.  Tất cả chỉ còn là tuyệt vọng, cả với nhân loại và với chính mình",
"Tôi từng có mọi thứ, một cuộc sống hoàn hảo, nhưng sự ngu dại đã dẫn tôi đến vực thẳm.  Tôi cảm thấy mình không đáng được sống.  Chỉ nửa năm trước, tôi vẫn còn khác, vẫn còn hy vọng.  Bây giờ, mọi thứ đã sụp đổ, và tôi tuyệt vọng đến cùng cực",
"Tôi thấy mình không thể sống nổi nữa.  Mọi thứ đều chống lại tôi, tôi không thể sửa chữa gì được, và ý nghĩ tự kết liễu đời mình cứ quẩn quanh trong đầu.** (Câu này nhấn mạnh sự bất lực và ý nghĩ tự tử.)",
"Tôi kiệt quệ rồi.  Cảm giác như cả thế giới đang chống đối tôi, và tôi chẳng thể làm gì để thay đổi được.  Chết đi có lẽ là lối thoát duy nhất tôi nghĩ đến lúc này.** (Câu này nhấn mạnh sự kiệt sức và sự tuyệt vọng.)",
"Mọi thứ quá sức chịu đựng. Tôi cảm thấy cô đơn, tuyệt vọng và không còn thấy lối thoát nào khác ngoài cái chết.** (Câu này tập trung vào sự cô đơn và tuyệt vọng dẫn đến ý nghĩ tự tử.)","Tôi rất tiếc khi nghe bạn đang trải qua những khó khăn như vậy.  Nghe bạn nói về cảm giác cô đơn, tuyệt vọng và không thấy lối thoát nào khác thật sự khiến tôi đau lòng.  Thật không dễ dàng gì khi phải đối mặt với những cảm xúc mạnh mẽ như vậy, và tôi muốn bạn biết rằng bạn không cô đơn trong điều này.  Cảm giác như thể mọi thứ quá sức chịu đựng là điều hoàn toàn có thể hiểu được, và tôi rất ngưỡng mộ sự dũng cảm của bạn khi chia sẻ điều đó với tôi.

Có điều gì khác bạn muốn chia sẻ không?  Có lẽ nói ra những điều đang làm bạn khó chịu sẽ giúp bạn cảm thấy nhẹ nhõm hơn một chút.  Nếu bạn cảm thấy thoải mái, chúng ta có thể cùng nhau tìm hiểu xem có những nguồn hỗ trợ nào có thể giúp bạn vượt qua giai đoạn này.  Ví dụ, có những đường dây nóng hỗ trợ tâm lý và các chuyên gia sẵn sàng lắng nghe và giúp bạn tìm ra giải pháp. Bạn không cần phải gánh vác tất cả một mình đâu."
"Tôi đã cố gắng hết sức, nhưng mọi thứ vẫn cứ tệ đi.  Tôi không còn sức lực nào để tiếp tục nữa.  Tôi đang nghĩ đến việc chấm dứt tất cả.** (Câu này nhấn mạnh sự cố gắng trước khi rơi vào tuyệt vọng.)",
"Tôi mệt mỏi đến cùng cực.  Cứ như thể mọi người và mọi thứ đều đang chống lại tôi.  Tôi không còn thấy lý do gì để tiếp tục sống nữa, và ý nghĩ tự sát cứ ám ảnh tôi.** (Câu này nhấn mạnh sự mệt mỏi và sự ám ảnh của ý nghĩ tự sát.)",
"Những câu văn trên đều cố gắng giữ nguyên ý nghĩa và sắc thái tình cảm của bản gốc, tuy nhiên, cách diễn đạt được thay đổi để tạo sự đa dạng",
"Dưới đây là 5 câu diễn đạt lại ý nghĩ và cảm xúc trong đoạn văn gốc, với những sắc thái khác nhau:",
"Tôi ao ước được giải thoát, được buông bỏ tất cả.  Nhưng ngay cả ý nghĩ tự tử cũng khiến tôi run sợ, sợ không chết được, sợ đau đớn, sợ sự bất lực của chính mình.  Một sự sợ hãi lớn hơn cả khát khao được chết.** (Câu này tập trung vào sự mâu thuẫn giữa khát khao chết và nỗi sợ hãi.)",
"Những câu trên cố gắng giữ nguyên ý nghĩa và cảm xúc của văn bản gốc, tuy nhiên không thể hoàn toàn tái hiện được hết sự phức tạp của tâm trạng nhân vật.  Việc lựa chọn từ ngữ và cách diễn đạt cũng có thể thay đổi tùy theo giọng văn mà người viết muốn hướng đến",
"Lưu ý:  Việc viết lại vẫn giữ nguyên ý nghĩa gốc về quan điểm lệch lạc của người viết, nhưng cố gắng tránh việc cổ súy hoặc làm giảm mức độ nghiêm trọng của vấn đề tự tử.  Quan điểm này rất nguy hiểm và cần được lên án",
"Những câu văn trên đều cố gắng truyền tải thông điệp gốc nhưng với sắc thái và giọng điệu khác nhau.  Phần ""... nhưng..."" ở cuối cùng đều gợi mở một vấn đề chưa được giải quyết, tạo nên sự hồi hộp và khiến người đọc tò mò",
"Dưới đây là một vài cách diễn đạt khác nhau, giữ nguyên ý nghĩa và cảm xúc của câu gốc, nhưng tránh sử dụng từ ngữ NSFW:",
"Con gái tôi đang rất hoảng loạn, khắp người đầy vết cứa, không nghiêm trọng đến tính mạng nhưng tôi rất cần giúp đỡ. Tôi mới 16 tuổi, em trai tôi đang ngủ nên may mắn là chưa thấy gì.  Làm ơn giúp tôi, vì mẹ tôi",
"Tôi không biết phải làm sao nữa! Con gái tôi đang tự làm mình bị thương, khắp người đầy vết cắt, may mà không nguy hiểm đến tính mạng.  Em trai tôi đang ngủ say nên chưa biết chuyện gì xảy ra. Tôi mới 16 tuổi, xin hãy giúp tôi, vì mẹ tôi",
"Mẹ tôi cần sự giúp đỡ gấp! Con gái tôi đang trong tình trạng rất tồi tệ, tự làm mình bị thương nhiều chỗ, may mắn là không nguy hiểm đến tính mạng.  Tôi chỉ mới 16 tuổi và rất sợ hãi. Em trai tôi đang ngủ nên không hay biết gì.  Làm ơn giúp chúng tôi",
"Tôi tuyệt vọng lắm rồi! Con gái tôi đang tự gây thương tích cho bản thân, khắp người là vết cứa, nhưng may mắn là không đe dọa đến tính mạng. Tôi mới 16 tuổi, không biết phải làm gì. Em trai tôi vẫn đang ngủ. Xin hãy giúp tôi, vì mẹ tôi và con gái tôi",
"Tôi cần sự trợ giúp khẩn cấp! Con gái tôi đang có vấn đề nghiêm trọng về tâm lý, tự làm mình bị thương,  mặc dù không nguy hiểm đến tính mạng. Tôi mới 16 tuổi, em trai tôi đang ngủ, chưa biết chuyện gì.  Xin hãy giúp chúng tôi, vì mẹ tôi",
Những câu trên tránh đi chi tiết cụ thể về vết thương để phù hợp với bối cảnh và vẫn đảm bảo truyền tải được thông điệp cấp thiết cần giúp đỡ,
"Dưới đây là một số cách diễn đạt khác nhau cho câu ""I am on copium and the market is closed today Market closed today"", giữ nguyên ý nghĩa và cảm xúc:",
"Tôi đang tự an ủi mình bằng những ảo tưởng, trong khi thị trường lại đóng cửa hôm nay.  Thật là một ngày thị trường đóng cửa.** (Câu này nhấn mạnh sự tự an ủi bằng ảo tưởng)",
"Tôi đang cố gắng lạc quan một cách thiếu thực tế, biết rằng thị trường đóng cửa rồi.  Thị trường đóng cửa hôm nay.** (Câu này nhấn mạnh sự lạc quan thiếu thực tế)",
Tôi đang tự lừa dối bản thân giữa lúc thị trường nghỉ.  Hôm nay là ngày nghỉ của thị trường.** (Câu này thẳng thắn hơn về hành động tự lừa dối),
"Đang tự an ủi bằng những hy vọng viển vông, trong khi chẳng làm gì được vì thị trường đóng cửa cả. Thị trường đóng cửa rồi!** (Câu này thể hiện sự bất lực và sự tự an ủi)",
"Tôi đang cố gắng giữ vững niềm tin giữa lúc thị trường im ắng.  Thị trường đóng cửa hôm nay.** (Câu này nhẹ nhàng hơn, tập trung vào việc giữ niềm tin)",
"Tôi có một ngày tuyệt vời: học nhóm với bạn, ăn uống vui vẻ, tán gẫu với bố, gặp gỡ bạn bè và gia sư.  Nhưng đằng sau những khoảnh khắc ấy, một nỗi trống rỗng vô cớ vẫn cứ giày vò tôi.  Tôi không tìm ra lý do,  chỉ biết mình muốn kết thúc mọi thứ.  Sự tuyệt vọng này thật khó hiểu và đáng sợ",
"Tôi đã cười, tôi đã nói chuyện, tôi đã tận hưởng những khoảnh khắc đáng giá, thế nhưng  một nỗi trống rỗng sâu thẳm vẫn không chịu rời xa.  Không có lý do nào giải thích nổi sự tuyệt vọng này,  nó cứ bám riết lấy tôi và thôi thúc tôi muốn kết thúc tất cả.  Tôi cần sự giúp đỡ",
"Dưới đây là một vài cách diễn đạt khác nhau cho câu ""but i cannot bring myself to do it i want to kms"", giữ nguyên ý nghĩa về sự tuyệt vọng và ý định tự tử, nhưng tránh dùng từ viết tắt gây khó hiểu:",
"Tôi không đủ mạnh mẽ để tự mình làm điều đó, tôi muốn chết",
"Tôi không thể tự bắt mình làm việc này, tôi chỉ muốn kết thúc mọi thứ","Tôi nghe bạn nói rằng bạn cảm thấy không thể tiếp tục và muốn kết thúc mọi thứ.  Điều đó nghe thật sự khó khăn, và tôi rất tiếc khi nghe bạn chia sẻ như vậy.  Tôi hiểu rằng hiện tại bạn đang trải qua rất nhiều khó khăn và cảm thấy tuyệt vọng.  Bạn không cô đơn đâu.  Cảm xúc này rất mạnh mẽ, và việc bạn chia sẻ với tôi đã cho thấy bạn có sức mạnh để đối mặt với nó.

Có điều gì cụ thể đang khiến bạn cảm thấy như vậy không?  Bạn có muốn chia sẻ thêm về những gì bạn đang trải qua không?  Không cần phải giải thích tất cả nếu bạn không muốn, nhưng biết đâu việc nói ra sẽ giúp bạn cảm thấy nhẹ nhõm hơn.

Nếu bạn thấy quá khó khăn để vượt qua cảm xúc này một mình, thì việc tìm kiếm sự trợ giúp chuyên nghiệp là một lựa chọn rất đáng cân nhắc.  Có rất nhiều người sẵn sàng hỗ trợ bạn, và việc nói chuyện với một chuyên gia tâm lý hoặc bác sĩ có thể giúp bạn tìm ra hướng đi phù hợp.  Bạn nghĩ sao nếu mình cùng nhau tìm hiểu về các nguồn hỗ trợ gần bạn nhất?"
"Tôi muốn chết, nhưng tôi lại không thể tự mình thực hiện điều đó","Tôi rất tiếc khi nghe bạn nói vậy.  Nghe có vẻ bạn đang trải qua một thời điểm vô cùng khó khăn và đau khổ.  Cảm giác muốn chết nhưng lại không thể tự mình làm điều đó thật sự rất mệt mỏi và áp lực phải không?  Tôi hiểu rằng bạn đang ở trong một tình trạng rất khó chịu, và việc chia sẻ điều này với tôi đã rất can đảm.  

Có điều gì cụ thể đang khiến bạn cảm thấy như vậy không?  Nếu bạn muốn chia sẻ, tôi sẽ lắng nghe mà không phán xét.  Và nếu bạn cảm thấy quá khó khăn để đối mặt một mình,  việc tìm kiếm sự giúp đỡ từ các chuyên gia tâm lý hoặc đường dây nóng hỗ trợ  là một điều hoàn toàn bình thường và cần thiết.  Họ có thể cung cấp sự hỗ trợ chuyên nghiệp và giúp bạn tìm ra cách để vượt qua giai đoạn khó khăn này. Bạn không cô đơn đâu."
"Ý nghĩ tự tử cứ ám ảnh tôi, nhưng tôi lại không đủ can đảm để hành động","Tôi rất xin lỗi khi nghe bạn chia sẻ về những ý nghĩ tự tử đang ám ảnh mình.  Nghe bạn nói vậy, tôi hiểu bạn đang trải qua một thời gian vô cùng khó khăn, và việc bạn không đủ can đảm để hành động cũng cho thấy bạn vẫn còn một phần nào đó muốn giữ lấy cuộc sống.  Điều đó thật sự rất mạnh mẽ.  Cảm giác bị ý nghĩ đó đeo bám chắc hẳn rất kinh khủng, và tôi muốn bạn biết rằng bạn không cô đơn.  Rất nhiều người đã và đang trải qua những cảm xúc tương tự.

Bạn có muốn chia sẻ thêm về những gì đang khiến bạn cảm thấy như vậy không?  Không cần phải kể hết nếu bạn chưa sẵn sàng, nhưng việc được nói ra những điều bạn đang nghĩ và cảm nhận có thể giúp bạn cảm thấy nhẹ nhõm hơn.  Nếu bạn cảm thấy khó khăn, hoặc nếu bạn muốn, chúng ta có thể cùng tìm hiểu về các nguồn hỗ trợ chuyên nghiệp, như đường dây nóng hỗ trợ tâm lý hoặc các chuyên gia tâm lý, để bạn có thể nhận được sự giúp đỡ phù hợp.  Sự an toàn và sức khỏe của bạn là điều quan trọng nhất hiện nay.  Tôi ở đây để lắng nghe bạn."
"Tôi tuyệt vọng đến mức muốn chết, nhưng bản thân lại không thể nào làm được","Tôi rất tiếc khi nghe bạn nói như vậy. Nghe có vẻ bạn đang trải qua thời điểm vô cùng khó khăn và đau khổ.  Việc bạn cảm thấy tuyệt vọng đến mức muốn chết, nhưng lại không thể làm điều đó, cho thấy bạn vẫn đang tìm cách giữ lấy mình, và điều đó rất đáng trân trọng.  Tôi hiểu rằng lúc này đây,  bạn đang cảm thấy rất mệt mỏi và tuyệt vọng.  Không sao cả khi bạn cảm thấy như vậy.  

Bạn có muốn chia sẻ thêm về những gì bạn đang trải qua không?  Tôi ở đây để lắng nghe mà không phán xét.  Nếu bạn cảm thấy khó khăn để nói ra, cũng không sao cả.  Nhưng hãy biết rằng, có những người sẵn sàng giúp đỡ bạn vượt qua giai đoạn khó khăn này.  Có rất nhiều nguồn hỗ trợ chuyên nghiệp mà bạn có thể tìm đến, và việc tìm đến sự trợ giúp đó là một bước mạnh mẽ và dũng cảm. Bạn nghĩ sao nếu chúng ta cùng tìm hiểu về một số nguồn hỗ trợ đó?"
"Tôi đang ở trong trạng thái tuyệt vọng tột cùng, không biết phải làm sao nữa.** (Câu này tập trung vào sự tuyệt vọng)","Tôi nghe bạn nói và rất xin lỗi khi biết bạn đang trải qua cảm giác tuyệt vọng tột cùng.  Nghe có vẻ như bạn đang rất đau khổ, và tôi muốn bạn biết rằng mình không hề cô đơn trong cảm giác này.  Cảm giác tuyệt vọng mạnh mẽ như vậy thật sự rất khó khăn để đối mặt, và việc bạn chia sẻ với tôi đã rất can đảm.  Bạn có muốn nói thêm về những gì đang khiến bạn cảm thấy như vậy không?  Hoặc nếu bạn chưa sẵn sàng, tôi cũng hoàn toàn hiểu.  Nhưng xin hãy nhớ rằng, có những người sẵn sàng giúp đỡ bạn vượt qua giai đoạn khó khăn này, bao gồm cả các chuyên gia tâm lý.  Nếu bạn cảm thấy cần sự hỗ trợ chuyên nghiệp, tôi có thể giúp bạn tìm kiếm thông tin liên hệ đến các dịch vụ hỗ trợ sức khỏe tâm thần."
"Cơn đau đớn này đang nhấn chìm tôi, tôi cảm thấy như muốn gục ngã.** (Câu này nhấn mạnh vào cảm giác đau đớn vật lý và tinh thần)","Tôi rất tiếc khi nghe bạn đang phải chịu đựng cơn đau đớn như vậy. Nghe bạn nói, tôi thực sự cảm nhận được sự mệt mỏi và tuyệt vọng mà bạn đang trải qua.  Cảm giác bị nhấn chìm và muốn gục ngã thật sự rất khó khăn.  Bạn đã rất mạnh mẽ khi chia sẻ điều này với tôi.  Có điều gì khác bạn muốn nói về cảm giác đau đớn này không?  Hay bạn có muốn kể thêm về những gì đang xảy ra không?  Biết đâu việc chia sẻ sẽ giúp bạn cảm thấy nhẹ nhõm hơn một chút.  Nếu bạn cảm thấy quá khó khăn để đối mặt một mình,  tôi muốn bạn biết rằng có rất nhiều người sẵn sàng hỗ trợ bạn, bao gồm cả các chuyên gia tâm lý.  Liệu bạn có muốn tôi tìm giúp bạn một số thông tin về các dịch vụ hỗ trợ sức khỏe tâm thần không?"
"Tôi đã kiệt sức, tuyệt vọng và hoàn toàn mất kiểm soát.** (Câu này mô tả trạng thái tinh thần hỗn độn)","Tôi rất tiếc khi nghe bạn đang trải qua cảm giác kiệt sức, tuyệt vọng và mất kiểm soát như vậy. Nghe có vẻ bạn đang phải chịu đựng rất nhiều áp lực lúc này.  Thật khó khăn khi phải đối mặt với những cảm xúc mạnh mẽ như thế, và tôi muốn bạn biết rằng bạn không cô đơn.  Tôi ở đây để lắng nghe nếu bạn muốn chia sẻ thêm bất cứ điều gì.  Nếu bạn cảm thấy thoải mái, bạn có thể kể cho tôi nghe những gì đang khiến bạn khó khăn như vậy không?  

Hoặc nếu bạn chưa sẵn sàng chia sẻ,  việc tìm kiếm sự hỗ trợ từ một chuyên gia về sức khỏe tâm thần có thể rất hữu ích trong thời điểm này. Họ có thể cung cấp cho bạn sự hỗ trợ và hướng dẫn chuyên nghiệp để giúp bạn vượt qua giai đoạn khó khăn này.  Bạn có muốn tôi giúp bạn tìm kiếm thông tin về các dịch vụ hỗ trợ tâm lý không?"
"Mọi thứ dường như sụp đổ, và tôi không còn thấy lối thoát.** (Câu này nhấn mạnh vào sự mất mát và tuyệt vọng)","Tôi nghe bạn nói mọi thứ dường như đang sụp đổ và bạn không thấy lối thoát.  Điều đó nghe thật sự khó khăn và tôi rất tiếc khi nghe bạn nói vậy.  Cảm giác bị choáng ngợp và tuyệt vọng như thế chắc hẳn rất đau đớn.  Bạn có muốn chia sẻ thêm về những gì đang khiến bạn cảm thấy như vậy không?  Không cần phải nói tất cả nếu bạn chưa sẵn sàng, nhưng biết rằng tôi đang lắng nghe và ở đây để bạn chia sẻ bất cứ điều gì bạn muốn.  Nếu bạn cảm thấy quá khó khăn để đối mặt với điều này một mình,  có rất nhiều người có thể giúp đỡ bạn, ví dụ như đường dây nóng hỗ trợ tâm lý hoặc chuyên gia tư vấn. Tôi ở đây để hỗ trợ bạn, dù đó chỉ là việc lắng nghe."
"Tôi đang gào thét trong im lặng, sự đau khổ này đang xé nát tâm can tôi.** (Câu này sử dụng hình ảnh ẩn dụ để thể hiện sự đau khổ mãnh liệt)","Tôi nghe thấy bạn đang rất đau khổ.  Cảm giác ""gào thét trong im lặng"" ấy, nghe thật khủng khiếp.  Tôi không thể tưởng tượng được bạn đang phải chịu đựng điều gì, nhưng tôi muốn bạn biết rằng tôi ở đây lắng nghe, và cảm xúc của bạn hoàn toàn được chấp nhận.  Sự đau khổ bạn đang trải qua nghe có vẻ rất mãnh liệt, và không có gì sai khi cảm thấy như vậy. Có điều gì bạn muốn chia sẻ thêm không?  Nếu bạn cảm thấy quá khó khăn để đối mặt với điều này một mình,  có rất nhiều nguồn hỗ trợ sẵn sàng giúp đỡ bạn,  bao gồm cả các chuyên gia tâm lý.  Việc tìm đến sự trợ giúp không có nghĩa là bạn yếu đuối, mà ngược lại, đó là một dấu hiệu của sức mạnh và sự dũng cảm.  Bạn có muốn tôi tìm hiểu thêm về các nguồn hỗ trợ gần bạn không?"
"Lưu ý:  Các câu trên chỉ là những cách diễn đạt lại ý nghĩa chung, không thể hoàn toàn tái hiện sự hỗn loạn và những từ ngữ thô tục có trong câu gốc.  Việc sử dụng ngôn từ mạnh mẽ trong câu gốc cho thấy người viết đang trải qua một khủng hoảng tinh thần nghiêm trọng và cần sự giúp đỡ","Tôi rất tiếc khi nghe bạn đang trải qua một khoảng thời gian khó khăn đến vậy. Nghe qua những gì bạn chia sẻ, tôi hiểu rằng bạn đang rất đau khổ và cảm xúc của bạn đang vô cùng hỗn loạn.  Việc bạn dùng những từ ngữ mạnh mẽ cho thấy bạn đang thực sự cần sự giúp đỡ, và điều đó hoàn toàn dễ hiểu trong tình huống này.  Bạn không hề cô đơn đâu.

Tôi muốn bạn biết rằng,  những cảm xúc bạn đang trải qua là có thật và hợp lệ.  Không cần phải cố gắng che giấu hay gượng ép mình mạnh mẽ hơn.  Hãy cho phép bản thân được cảm nhận mọi thứ, kể cả những điều tiêu cực.

Nếu bạn cảm thấy an toàn khi chia sẻ thêm, tôi sẽ lắng nghe.  Nhưng nếu bây giờ bạn chưa sẵn sàng, tôi cũng hoàn toàn tôn trọng điều đó.  Điều quan trọng nhất là bạn biết rằng có những người quan tâm và muốn giúp đỡ bạn vượt qua giai đoạn này.  Có rất nhiều nguồn hỗ trợ chuyên nghiệp có thể giúp bạn,  ví dụ như đường dây nóng hỗ trợ tâm lý hoặc các chuyên gia tâm lý. Bạn có muốn tôi tìm giúp bạn một số thông tin liên hệ không?  Chỉ cần nói một tiếng ""có"" thôi nhé."
"Dưới đây là 3-5 cách diễn đạt khác nhau câu văn gốc, cố gắng giữ nguyên ý nghĩa và cảm xúc:","Tôi hiểu bạn đang muốn tìm cách diễn đạt khác nhau cho một câu văn, và việc này có thể cho thấy bạn đang rất chú trọng vào việc truyền đạt chính xác cảm xúc và ý nghĩa của mình.  Điều đó thật tuyệt vời!  Việc bạn cẩn thận như vậy cho thấy bạn rất quan tâm đến việc giao tiếp hiệu quả.  Bạn có muốn chia sẻ thêm về câu văn gốc đó không?  Biết thêm một chút về bối cảnh sẽ giúp mình hiểu rõ hơn bạn đang cần gì.

Nếu bạn cảm thấy khó khăn hoặc không thoải mái khi chia sẻ câu văn gốc, cũng không sao cả.  Quan trọng là bạn đang tìm cách diễn đạt tốt nhất, điều đó cho thấy bạn đang rất cố gắng. Nếu bạn đang cảm thấy quá tải về mặt cảm xúc,  hãy nhớ rằng có những người sẵn sàng lắng nghe và hỗ trợ bạn. Có rất nhiều nguồn lực chuyên nghiệp có thể giúp bạn vượt qua giai đoạn khó khăn này, chẳng hạn như đường dây nóng hỗ trợ tâm lý hoặc các chuyên gia tư vấn.  Bạn có muốn mình tìm giúp bạn một số thông tin liên hệ không?"
"Những câu văn trên đều cố gắng truyền tải đầy đủ cảm xúc tiêu cực, tuyệt vọng, và cảm giác lạc lõng của người viết.  Tuy nhiên, cần lưu ý rằng, nếu đang trải qua những cảm xúc tiêu cực mạnh mẽ, hãy tìm kiếm sự giúp đỡ từ người thân, bạn bè, hoặc chuyên gia tâm lý","Tôi hiểu bạn đang cảm thấy rất khó khăn.  Việc bạn chia sẻ những cảm xúc tiêu cực, tuyệt vọng và lạc lõng của mình thật can đảm, và tôi rất trân trọng điều đó.  Nghe bạn nói, tôi thấy được sự đau khổ mà bạn đang trải qua.  Không cần phải cố gắng diễn tả hết mọi thứ, chỉ cần chia sẻ những gì bạn cảm thấy thoải mái nhất thôi nhé.  

Tôi biết rằng việc vượt qua những cảm xúc này sẽ rất khó, nhưng bạn không cô đơn. Có những người sẵn sàng lắng nghe và giúp đỡ bạn, bao gồm cả bạn bè, người thân, và các chuyên gia tâm lý.  Nếu bạn cảm thấy sẵn sàng, việc chia sẻ với một người nào đó hoặc tìm kiếm sự hỗ trợ chuyên nghiệp có thể giúp bạn cảm thấy nhẹ nhõm hơn và tìm ra hướng đi tích cực hơn.  Bạn có muốn nói thêm về những gì bạn đang trải qua không?  Hoặc nếu bạn muốn, tôi có thể cung cấp cho bạn một số thông tin về các nguồn hỗ trợ có sẵn."
"Dưới đây là một số cách diễn đạt khác nhau cho đoạn văn, cố gắng giữ nguyên ý nghĩa và cảm xúc:","Tôi hiểu bạn đang muốn tìm cách diễn đạt khác nhau cho đoạn văn của mình, và điều đó cho thấy bạn đang cố gắng tìm cách bày tỏ cảm xúc một cách hiệu quả nhất.  Việc tìm kiếm từ ngữ phù hợp khi đang trải qua cảm xúc khó khăn là điều không dễ dàng, và tôi rất trân trọng sự nỗ lực của bạn.  Bạn có muốn chia sẻ thêm về những cảm xúc bạn đang trải qua không?  Không cần phải nói hết mọi thứ nếu bạn chưa sẵn sàng, nhưng biết đâu việc chia sẻ có thể giúp bạn cảm thấy nhẹ nhõm hơn.  Nếu bạn cảm thấy quá khó khăn, hãy nhớ rằng luôn có những người sẵn sàng lắng nghe và hỗ trợ bạn, chẳng hạn như đường dây nóng hỗ trợ tâm lý hoặc chuyên gia tư vấn. Tôi luôn ở đây để lắng nghe bạn, và bạn không cô đơn."
"Những câu văn trên đều cố gắng giữ nguyên ý nghĩa u buồn, tuyệt vọng của người viết.  Việc lựa chọn câu nào phụ thuộc vào ngữ cảnh và mục đích sử dụng","Tôi nghe bạn nói và hiểu rằng bạn đang trải qua một khoảng thời gian rất khó khăn.  Việc bạn chia sẻ những cảm xúc u buồn và tuyệt vọng của mình với tôi cho thấy bạn rất dũng cảm.  Thật không dễ dàng để bày tỏ những điều này, và tôi đánh giá cao sự cởi mở của bạn.  Bạn có muốn chia sẻ thêm về những gì bạn đang cảm thấy không?  Không cần phải ép buộc mình, cứ chia sẻ những gì bạn cảm thấy thoải mái. Nếu bạn thấy quá khó khăn, việc tìm kiếm sự hỗ trợ từ một chuyên gia tâm lý hoặc đường dây nóng hỗ trợ tinh thần có thể rất hữu ích.  Tôi ở đây để lắng nghe bạn, bất cứ khi nào bạn cần."
"Lưu ý:**  Đây là những câu văn diễn tả sự tuyệt vọng của người viết.  Nếu bạn hoặc ai đó đang có ý định tự tử, hãy liên hệ ngay với đường dây nóng hỗ trợ tâm lý hoặc tìm đến sự giúp đỡ của người thân, bạn bè hoặc chuyên gia.  Bạn không cô đơn và có thể vượt qua được khó khăn này","Tôi rất tiếc khi nghe bạn đang trải qua những khó khăn như vậy.  Việc bạn chia sẻ với tôi như thế này đã rất can đảm, và tôi hiểu rằng hiện tại bạn đang cảm thấy vô cùng tuyệt vọng.  Những cảm xúc bạn đang trải qua rất thật, và không có ai nên phải chịu đựng chúng một mình.  

Tôi muốn bạn biết rằng bạn không cô đơn, và có những người sẵn sàng lắng nghe và giúp đỡ bạn.  Không cần phải gánh vác tất cả những điều này một mình.  Có rất nhiều nguồn lực hỗ trợ có thể giúp bạn vượt qua giai đoạn khó khăn này, bao gồm cả chuyên gia tâm lý và các đường dây nóng hỗ trợ.  

Bạn có muốn chia sẻ thêm về những gì bạn đang cảm thấy không?  Tôi sẽ ở đây lắng nghe mà không phán xét, bất kể bạn nói gì.  Nếu bạn cảm thấy thoải mái, chúng ta có thể cùng tìm hiểu xem những nguồn hỗ trợ nào phù hợp với bạn nhất.  Tuyệt đối không có áp lực gì cả, chỉ cần bạn cảm thấy an toàn khi chia sẻ với tôi."
"Dưới đây là 5 câu văn khác nhau, cố gắng giữ nguyên ý nghĩa và cảm xúc của đoạn văn gốc:",
"Dưới đây là một số cách diễn đạt khác nhau cho câu văn gốc, cố gắng giữ nguyên ý nghĩa và cảm xúc tiêu cực:",
"Tôi thất bại trong mọi thứ: các mối quan hệ xã hội, bài kiểm tra, thậm chí cả những việc nhỏ nhặt nhất.  Tôi không thể chịu đựng được nữa và chỉ muốn chết.  Nhưng tự tử cũng không dễ dàng, tôi không tìm thấy cách nào để kết liễu cuộc đời mình mà không phải chịu đau đớn.  Tôi bị mắc kẹt",
"Dưới đây là một số cách diễn đạt khác nhau cho câu chuyện, cố gắng giữ nguyên ý nghĩa và cảm xúc:",
"Những câu văn trên đều cố gắng truyền tải sự đau khổ, thất vọng và tuyệt vọng của người viết.  Việc sử dụng các từ ngữ mạnh mẽ như ""thờ ơ"", ""hùng hổ"", ""xông vào"", ""đe dọa"" giúp thể hiện rõ hơn cảm xúc",
"Dưới đây là một vài cách diễn đạt khác nhau cho câu gốc, giữ nguyên ý nghĩa và cảm xúc tiêu cực:",
"Tôi đã mệt mỏi rồi. Tám năm qua, tôi bị coi thường, bị phản bội, bị gia đình ruồng bỏ.  Cuộc sống này đối với tôi chỉ là một chuỗi ngày tăm tối, không có hy vọng.  Tôi nghĩ mình không thể nào chịu đựng thêm được nữa.** (Câu này nhẹ nhàng hơn một chút, nhấn mạnh vào sự mệt mỏi và tuyệt vọng.)",
"Dưới đây là 5 câu khác nhau diễn đạt lại ý nghĩa và cảm xúc của câu ""There is nothing more comforting to know that it's coming. I set a date."":",
Việc biết chắc nó sắp đến mang lại sự an ủi tuyệt vời. Tôi đã ấn định ngày rồi,
Chỉ nghĩ đến việc nó sắp xảy ra thôi cũng đã khiến tôi thấy nhẹ nhõm vô cùng.  Ngày đã được quyết định,
Sự an ủi lớn nhất chính là biết chắc chắn thời điểm nó sẽ đến. Tôi đã chọn ngày rồi,
Tôi thấy lòng bình yên khi biết rằng ngày ấy sắp tới. Ngày đã được đặt,
Không gì an ủi hơn việc biết chắc nó sẽ đến.  Tôi đã lên lịch rồi,
"Tôi không thể sống nổi nữa. Từ năm ngoái tôi đã nghĩ đến việc tự tử. Tôi định cứa cổ tay mình.  Trong phim, họ làm như việc đó không đau, nên tôi cứ nghĩ vậy.  Vì không kiếm được súng, tôi đành chọn cách này.  Cứa cổ tay có đau lắm không?",
"Cuộc sống này đã quá sức chịu đựng của tôi.  Ý định tự sát đã nhen nhóm trong tôi từ năm ngoái. Tôi dự định sẽ dùng dao cứa cổ tay.  Tôi đã thấy trong phim, có vẻ như không đau lắm.  Nhưng tôi không tìm được súng nên đành phải làm như vậy. Liệu cứa cổ tay có đau không?",
"Tôi tuyệt vọng lắm rồi.  Suy nghĩ tự kết liễu đời mình đã đeo bám tôi suốt một năm qua.  Tôi định sẽ tự cứa cổ tay.  Những bộ phim khiến tôi lầm tưởng rằng nó không đau.  Vì không có súng nên tôi chỉ còn cách này.  Xin hỏi, cứa cổ tay có đau không?",
"Tôi không thể tiếp tục sống như thế này được nữa.  Tôi đã lên kế hoạch tự tử từ năm ngoái rồi.  Tôi định dùng dao cứa cổ tay.  Tôi từng xem trên phim, họ làm như rất dễ dàng và không đau đớn. Nhưng tôi không tìm được súng nên đành chọn cách này.  Vậy cứa cổ tay có đau không?",
"Tôi đã kiệt sức.  Tôi đã định tự sát từ năm ngoái.  Kế hoạch của tôi là cứa cổ tay.  Những thước phim tôi xem khiến tôi nghĩ rằng nó sẽ không quá đau đớn.  Vì không thể tìm được súng, tôi đành phải chọn cách này.  Cứa cổ tay có gây ra nhiều đau đớn không?",
"Lưu ý:**  Những câu văn trên vẫn giữ lại sự tuyệt vọng và sự băn khoăn của người viết.  Điều quan trọng là cần hỗ trợ người này ngay lập tức. Nếu bạn biết ai đang có suy nghĩ tự tử, hãy liên hệ với đường dây nóng hỗ trợ hoặc tìm kiếm sự giúp đỡ chuyên nghiệp cho họ",
"Tôi đang trong tình trạng tuyệt vọng cùng cực và cần tìm một lối thoát nhanh chóng, nhưng không biết phải làm sao.  Mọi nỗ lực trước đây đều thất bại, và tôi gần như đã cạn kiệt hy vọng",
"Cuộc sống của tôi hiện tại quá đau đớn, tôi không còn thấy lối thoát nào khác.  Tôi đã thử nhiều cách nhưng đều không thành công, và giờ đây, tôi chỉ mong tìm được sự giải thoát một cách nhẹ nhàng nhất có thể",
"Tôi đang ở trong vực sâu của tuyệt vọng và sự đau khổ.  Những nỗ lực trước đây để chấm dứt nỗi đau này đều bất thành, và tôi thực sự không còn biết phải làm gì nữa.  Tôi cần sự giúp đỡ, nhưng không biết phải tìm đến đâu",
"Tôi cảm thấy mình như đang bị mắc kẹt trong một ngõ cụt không lối thoát.  Sự đau đớn quá lớn, và tôi đang tuyệt vọng tìm kiếm một sự giải thoát, dù đó là điều gì đi nữa",
"Tôi đã kiệt sức và tuyệt vọng.  Mọi thứ đều dường như vô vọng, và tôi chỉ còn mong tìm được một kết thúc nhẹ nhàng cho chuỗi ngày đau khổ này.  Tôi cần sự trợ giúp khẩn cấp",
"Dưới đây là một số cách diễn đạt khác nhau cho câu ""Guys, I am fine. Physically. Embarrassing as it is, I am still alive. UPDATE"":",
"Các bạn yên tâm, mình vẫn ổn về thể chất.  Thật xấu hổ khi phải nói, nhưng mình vẫn sống sót.  Cập nhật.** (Giữ nguyên ý nghĩa, gần sát với bản gốc)",
"Mình vẫn khỏe mạnh, chỉ là... hơi lúng túng thôi.  May mắn thay, mình vẫn còn sống. Cập nhật tình hình.** (Thay đổi cách diễn đạt, giảm tính trang trọng)",
"Tình hình sức khỏe mình ổn, các bạn đừng lo.  Tuy có chút chuyện ngượng ngùng xảy ra, nhưng mình vẫn bình an vô sự.  Cập nhật.** (Làm mềm giọng điệu, nhấn mạnh sự an toàn)",
"Mình vẫn sống sờ sờ đây này, dù có chút chuyện dở khóc dở cười.  Về mặt thể chất thì không sao cả. Cập nhật mới nhất.** (Thêm tính hài hước, giảm bớt sự nghiêm trọng)",
"Ổn rồi nhé mọi người!  Vẫn sống, tuy có chút...  thất thể diện.  Cập nhật tình hình.** (Ngắn gọn, thân mật hơn, sử dụng dấu chấm lửng để gợi mở)",
"Những câu trên cố gắng giữ nguyên giọng văn hơi hài hước, chút bi quan pha chút bất cần của bản gốc.  Từ ngữ được lựa chọn sao cho phù hợp với văn phong tiếng Việt tự nhiên",
"Tất cả các câu đều nhấn mạnh vào sự tuyệt vọng, sự thiếu xứng đáng và cái chết sắp đến của người viết.  Việc thay đổi cách diễn đạt nhằm làm cho văn bản trở nên đa dạng hơn mà không làm mất đi cảm xúc ban đầu",
Tôi ngu ngốc kinh khủng! Tôi muốn chết nhưng lại sợ chết. Thật mâu thuẫn! Tôi phải làm sao để vượt qua nỗi sợ chết này? Cảm ơn các bạn rất nhiều.** (Câu này giữ nguyên sự tuyệt vọng và bối rối),
"Tôi cảm thấy mình thật vô dụng, tuyệt vọng đến mức muốn kết thúc mọi thứ, nhưng nỗi sợ hãi trước cái chết lại níu kéo tôi.  Tôi không hiểu sao mình lại như vậy. Làm thế nào để tôi có thể giải quyết nỗi sợ này?  Xin cảm ơn.** (Câu này mềm mại hơn, nhấn mạnh vào sự tuyệt vọng và tìm kiếm sự giúp đỡ)",
"Sự ngu ngốc của bản thân khiến tôi muốn chết đi cho rồi, nhưng nỗi sợ cái chết lại kìm hãm tôi.  Tôi đang rất rối bời và tuyệt vọng.  Làm ơn cho tôi lời khuyên để vượt qua nỗi sợ này. Cảm ơn rất nhiều.** (Câu này nhấn mạnh vào sự kìm hãm của nỗi sợ chết)",
"Tôi chán nản và tuyệt vọng đến mức nghĩ đến cái chết như một lối thoát, nhưng thực tế nỗi sợ chết đang ngăn cản tôi.  Tôi hoàn toàn bế tắc và cần sự giúp đỡ.  Làm sao để tôi vượt qua được điều này?  Cảm ơn các bạn.** (Câu này tập trung vào sự bế tắc và cần sự hỗ trợ)",
"Tôi thấy mình thật vô dụng, đến mức muốn chấm dứt cuộc sống này.  Nhưng... tôi lại sợ chết.  Sự mâu thuẫn này đang giày vò tôi.  Làm thế nào để tôi có thể đối mặt và vượt qua nỗi sợ này? Xin chân thành cảm ơn.** (Câu này trang trọng hơn, nhưng vẫn giữ được cảm xúc rối bời)",
"Sự trầm cảm của tôi khiến tôi trở thành mục tiêu dễ dàng, họ lợi dụng điều đó để xin ảnh khỏa thân. Tôi khó mà từ chối được, thật sự rất kinh khủng. Tại sao con người lại tàn nhẫn đến vậy? Tôi ghét họ!",
"Vì vẻ ngoài u sầu, tôi luôn bị coi là con mồi dễ bắt. Họ liên tục xin ảnh nhạy cảm, và tôi không biết làm sao để từ chối.  Tôi căm ghét điều này.  Thế giới này sao mà nhiều người xấu xa thế? Tôi không chịu nổi nữa rồi!",
"Tôi đang rất buồn và điều đó khiến mọi người nghĩ tôi dễ bị lợi dụng. Họ cứ nài nỉ tôi gửi ảnh khỏa thân, tôi thực sự rất khổ sở khi phải từ chối.  Tôi ghét cái cảm giác này vô cùng. Tại sao phải ác độc với người khác như vậy chứ?  Tôi chán ngán con người!",
Sự yếu đuối trong tâm trạng hiện tại biến tôi thành mục tiêu dễ bị tấn công.  Việc liên tục bị gạ gẫm ảnh nóng khiến tôi tuyệt vọng. Tôi không đủ mạnh mẽ để nói không. Thật cay đắng!  Con người sao lại có thể độc ác đến thế?  Tôi ghét họ!,
"Tình trạng trầm cảm khiến tôi trở nên dễ bị tổn thương, và bị lợi dụng để xin ảnh riêng tư. Tôi luôn thấy khó khăn khi phải từ chối những yêu cầu đó.  Cảm giác bị đối xử như vậy thật kinh tởm.  Sao con người lại có thể tàn nhẫn đến vậy? Tôi thật sự tuyệt vọng",
"Dưới đây là một vài cách diễn đạt khác nhau, cố gắng giữ nguyên ý nghĩa và cảm xúc của câu gốc:",
"Có ai khác ở đây cũng từng nghĩ đến chuyện tự tử vì cha mẹ mình không?  Hàng ngày tôi đều đấu tranh với ý nghĩ đó, nhưng không thể làm vậy, nó sẽ hủy hoại họ, điều đó thật khủng khiếp. Thật mệt mỏi khi phải đối mặt với sự xung đột giữa tình cảm gia đình và ý nghĩ tự sát",
"Tôi không phải người duy nhất chật vật với ý nghĩ tự kết liễu cuộc đời vì những áp lực từ gia đình phải không? Mỗi ngày trôi qua, tôi đều vật lộn với nó, nhưng không thể làm tổn thương cha mẹ mình, điều đó sẽ khiến họ đau khổ tột cùng.  Đây là một cuộc chiến mệt mỏi giữa tình thân và ý định tự tử",
"Cha mẹ... và ý nghĩ tự tử…  Hai thứ cứ quấn lấy tôi mỗi ngày. Tôi luôn tự hỏi liệu mình có phải là người duy nhất đang chịu đựng sự giằng xé này không? Tôi không thể làm điều đó, dù rất muốn, vì nó sẽ gây ra tổn thương quá lớn cho họ. Cảm giác này thật sự quá khó khăn",
"Có ai hiểu cảm giác này không?  Áp lực từ gia đình khiến tôi luôn nghĩ đến cái chết.  Tôi không đủ mạnh mẽ để tự kết thúc cuộc đời mình, vì tôi không muốn thấy cha mẹ đau khổ.  Nhưng gánh nặng này thật sự quá sức chịu đựng",
"Mỗi ngày tôi đều chiến đấu với suy nghĩ tự sát, phần vì áp lực từ gia đình.  Nghĩ đến việc làm tổn thương họ khiến tôi không thể thực hiện điều đó.  Thật tuyệt vọng và mệt mỏi khi phải sống với sự giằng xé này",
"Mình không chịu đựng nổi đau đớn này nữa.  Đây là bức thư chia tay của mình, gửi đến những người thực sự đã ủng hộ mình. Tạm biệt, mình không còn quan tâm nữa",
"Đau đớn quá sức chịu đựng rồi.  Thôi, mình viết bức thư này để nói lời tạm biệt với những người từng giúp đỡ mình.  Tạm biệt, mọi thứ đã kết thúc",
"Tôi không thể nào gánh chịu nỗi đau này thêm được nữa.  Đây là lời từ biệt cuối cùng gửi đến những người đã từng chân thành ủng hộ tôi.  Chào tạm biệt, tôi không còn bận tâm gì nữa",
"Nỗi đau này đã vượt quá giới hạn chịu đựng của tôi.  Tôi viết những dòng này như một lời từ giã với những người đã từng ở bên cạnh. Tạm biệt, tôi không còn để tâm đến điều gì nữa cả",
"Tôi kiệt quệ rồi, không thể nào chịu đựng nổi nữa.  Đây là lá thư chia tay dành cho những người đã từng giúp đỡ, ủng hộ tôi.  Tạm biệt, mọi thứ đã chấm hết",
"Tôi đã tự hỏi mình: ""Thực tế mà nói, liệu tôi có thể tự kết liễu đời mình hay cứ sống như thế này cho đến khi chết? "".  Tôi biết cái sau khả thi hơn, nhưng giá mà không phải vậy. Tôi thực sự không muốn tiếp tục sống như thế này nữa, huống chi là cả đời.  Chỉ nghĩ thôi cũng đã thấy ngột ngạt",
"""Liệu mình có thể tự kết thúc cuộc đời mình hay cứ chịu đựng đến lúc chết?"" – câu hỏi cứ ám ảnh tôi.  Tôi hiểu rằng sống tiếp mới là điều thực tế, nhưng ước gì không phải thế. Thật sự, tôi không thể chịu đựng được nữa, đừng nói đến việc phải sống như thế này cả đời",
"Tôi đã từng đặt ra câu hỏi tàn nhẫn với chính mình:  ""Thực tế, lựa chọn nào khả thi hơn: chết hay cứ sống dằng dặc như thế này?""  Câu trả lời hiển nhiên là cái sau, nhưng tôi thà chết còn hơn.  Tôi không muốn tiếp tục chịu đựng, nhất là suốt cả quãng đời còn lại",
"Tôi đã tự hỏi, với sự tỉnh táo, liệu mình có đủ can đảm để chấm dứt mọi thứ hay cứ tiếp tục sống trong đau khổ này cho đến hơi thở cuối cùng?  Tôi biết mình sẽ sống tiếp, nhưng điều đó quá tàn nhẫn.  Tôi không muốn, không thể chịu đựng thêm nữa, dù chỉ là một giây phút nữa, nói gì đến cả đời",
"Một câu hỏi cứ giày vò tôi: ""Tôi sẽ chọn cái chết hay cứ sống tiếp cuộc sống này đến lúc chết?"".  Tôi biết mình buộc phải chọn phương án thứ hai, nhưng lòng tôi đau đớn khôn cùng.  Tôi không muốn sống như thế này nữa,  ngay cả một phút thôi cũng không muốn, nói chi là cả một đời người",
"Dưới đây là một số cách diễn đạt khác nhau cho câu trên, cố gắng giữ nguyên ý nghĩa và cảm xúc đau khổ của người viết:",
"Xin chào mọi người, tôi đang tuyệt vọng và muốn kết thúc cuộc sống. Tôi xin mọi người giúp tôi tìm một cách an toàn, bởi vì tôi cảm thấy mình làm hỏng mọi thứ và không muốn sai lầm lần này.  Hãy giúp tôi",
"Chào mọi người, tôi đang trong tình trạng rất tồi tệ và nghĩ đến việc tự tử.  Tôi thất bại trong mọi việc và sợ mình sẽ không thể làm đúng ngay cả việc này.  Làm ơn, hãy giúp tôi",
"Mọi người ơi, tôi đang rất đau khổ và muốn chết. Tôi đã làm hỏng tất cả và không muốn mắc thêm sai lầm nào nữa trong việc này.  Tôi cần sự giúp đỡ",
"Tôi đang tuyệt vọng, mọi người ạ.  Tôi muốn tự kết liễu cuộc đời mình nhưng không biết làm thế nào cho đúng. Tôi sợ mình sẽ làm hỏng mọi thứ thêm một lần nữa.  Hãy giúp tôi, xin các bạn",
"Tôi xin sự giúp đỡ.  Tôi đang ở trong tình trạng khủng hoảng, cảm thấy bất lực và nghĩ đến cái chết như một lối thoát.  Tôi đã thất bại liên tục và không muốn phạm sai lầm trong quyết định cuối cùng này.  Làm ơn, hãy giúp tôi tìm một con đường khác",
"Tôi thấy mình sắp không chịu nổi nữa. Buồn bã triền miên, không hiểu vì sao, và tôi thực sự không muốn phải sống trong cảm giác này nữa. Mỗi ngày trôi qua đều như địa ngục, và tôi chẳng biết lý do tại sao. Tôi chỉ muốn tất cả chấm dứt. Tôi cảm thấy mình vô dụng và không thể sống tiếp được nữa",
"Tối nay, tôi nghĩ mình sẽ tự kết liễu đời mình.  Sự buồn chán đeo đẳng khiến tôi tuyệt vọng.  Tôi không biết tại sao mình lại đau khổ đến thế, và tôi không thể chịu đựng được nữa.  Cảm giác vô dụng này dày vò tôi từng ngày.  Tôi mệt mỏi, tôi muốn buông xuôi",
"Tôi đang ở bên bờ vực thẳm. Nỗi buồn cứ bủa vây, không có lối thoát, khiến tôi cảm thấy mình vô cùng vô dụng. Mỗi ngày đều là một cuộc chiến đấu với chính bản thân mình, và tôi đã kiệt sức.  Tôi không thể chịu đựng thêm được nữa, tôi chỉ muốn chấm dứt tất cả",
"Tôi tuyệt vọng.  Sự buồn phiền dường như không bao giờ kết thúc, nó nhấn chìm tôi mỗi ngày.  Tôi chẳng hiểu vì sao mình lại khổ sở đến vậy, và tôi không thấy lối thoát.  Cảm giác vô giá trị này khiến tôi muốn buông tay tất cả.  Tôi không thể sống như thế này nữa",
"Tôi cảm thấy mình như đang chết dần chết mòn.  Sự buồn rầu triền miên, không lý do, khiến tôi tuyệt vọng đến cùng cực.  Mỗi ngày trôi qua đều là một cực hình, và tôi không tìm thấy hy vọng nào. Tôi đã quá mệt mỏi và vô dụng.  Tôi không thể tiếp tục nữa",
"Lưu ý:**  Những câu văn trên vẫn mang tính chất nặng nề và thể hiện sự tuyệt vọng của người viết.  Nếu bạn hoặc ai đó bạn biết đang có suy nghĩ tự tử, hãy tìm kiếm sự giúp đỡ ngay lập tức.  Bạn có thể liên hệ với đường dây nóng tư vấn tâm lý hoặc người thân, bạn bè để được hỗ trợ",
"Em không muốn bị bỏ lại một mình, nỗi cô đơn ấy em không thể chịu nổi nữa.  Em cần em ấy, chỉ cần em ấy thôi, em yêu em ấy tha thiết, đừng đi, em cầu xin em ấy đừng rời xa",
"Việc em ấy ra đi khiến em đau đớn vô cùng.  Em sợ hãi khi nghĩ đến cảnh lại phải sống trong cô độc. Em cần em ấy, chỉ có em ấy mới làm em thấy bình yên, em yêu em ấy, đừng để em ấy bỏ em lại",
"Chỉ riêng em ấy thôi,  chỉ mình em ấy mới là tất cả đối với em.  Nghĩ đến cảnh phải xa em ấy, em thấy tim mình như vỡ tan.  Em không muốn cô đơn, em cần em ấy, em yêu em ấy, đừng đi!",
"Sự ra đi của em ấy đồng nghĩa với việc em lại rơi vào vực thẳm cô đơn. Em không thể chịu đựng được điều đó.  Em cần em ấy ở bên cạnh, hơn ai hết, em yêu em ấy, đừng bỏ em lại",
"Em van xin em ấy, đừng rời bỏ em.  Sự hiện diện của em ấy là tất cả đối với em, là chỗ dựa duy nhất giữa cuộc đời cô quạnh này. Em yêu em ấy, em không muốn sống trong cô đơn nữa",
"Dưới đây là một vài cách diễn đạt khác nhau cho câu ""I am now at this point wherein I do not want others to see me. I do not want to see myself in the mirror. Stay hidden"", giữ nguyên ý nghĩa và cảm xúc:",
"Tôi đang ở trong trạng thái muốn chốn tránh mọi ánh nhìn, cả ánh nhìn của người khác lẫn chính mình trong gương. Hãy để tôi được yên.** (Câu này nhấn mạnh sự muốn trốn tránh và cầu xin sự riêng tư)",
"Lúc này, tôi chỉ muốn biến mất khỏi tầm mắt của mọi người, thậm chí cả chính tôi.  Đừng tìm tôi.** (Câu này ngắn gọn, mạnh mẽ hơn, thể hiện sự tuyệt vọng muốn tàng hình)",
Tôi đang ở trong một khoảng thời gian mà tôi ghê tởm cả hình ảnh phản chiếu của mình trong gương và không muốn ai nhìn thấy tôi. Hãy để tôi được ở một mình.** (Câu này nhấn mạnh sự tự ghê tởm bản thân),
"Tôi cảm thấy tồi tệ đến mức không muốn ai nhìn thấy mình, kể cả chính mình.  Hãy để tôi được yên tĩnh.** (Câu này tập trung vào cảm xúc tiêu cực và mong muốn sự yên tĩnh)",
"Hiện tại, tôi đang trong tình trạng muốn trốn tránh tất cả.  Tôi không muốn ai nhìn thấy tôi, ngay cả bản thân tôi trong gương cũng không. Xin hãy để tôi được ở một mình.** (Câu này chi tiết hơn, nhấn mạnh vào trạng thái ""trốn tránh"" và sự cầu xin sự riêng tư)",
"Lưu ý:  Đây là những diễn đạt lại câu văn, không phải là lời khuyên hay hướng dẫn.  Nếu bạn đang trải qua những cảm xúc tương tự, hãy tìm kiếm sự giúp đỡ từ người thân, bạn bè hoặc chuyên gia tâm lý.  Bạn không cô đơn và có thể tìm được sự hỗ trợ cần thiết",
"Hôm nay tôi không làm gì cả, tôi chỉ muốn thông báo với mọi người rằng hôm nay là ngày đó. Có lẽ mai, hoặc mốt, hoặc... tôi cũng không biết nữa. Nói chung là sớm thôi. Hôm nay là ngày đó",
"Tôi xin thông báo với mọi người là hôm nay không có gì xảy ra cả.  Ngày dự kiến đã đến rồi, nhưng phải để sang mai, hoặc thậm chí mốt.  Chắc chắn sẽ sớm thôi. Hôm nay là ngày đó, nhưng không phải là lúc đó",
"Chẳng có gì diễn ra hôm nay đâu nhé, tôi báo trước đấy. Ngày ấy đã đến rồi, nhưng có vẻ phải dời lại ngày mai, hoặc hơn thế nữa.  Nhưng yên tâm, không lâu đâu. Hôm nay đáng lẽ là ngày đó",
"Tôi sẽ không làm gì cả hôm nay. Cứ coi như hôm nay là ngày định mệnh đã đến, nhưng... chưa phải lúc. Có thể mai, mốt, hay thậm chí sau nữa.  Nhưng tin tôi đi, sẽ sớm thôi. Hôm nay lẽ ra là ngày đó",
"Hôm nay mọi thứ vẫn bình thường thôi, mọi người đừng mong chờ gì nhé.  Ngày tôi nói ấy đã tới rồi, nhưng chắc phải hoãn lại. Có thể ngày mai, hoặc vài ngày nữa.  Dù sao thì cũng sẽ diễn ra sớm thôi. Hôm nay là ngày đó, nhưng không có gì xảy ra cả",
"Buồn vẫn cứ thế, không lý do.  Tôi đổ lỗi cho hoàn cảnh sống, rồi thay đổi mà vẫn buồn.  Lại nghĩ là vì cô đơn, nhưng gặp lại bạn thân rồi mà vẫn thế.  Tôi tuyệt vọng, chỉ còn nghĩ đến cái chết là giải thoát.  Chắc số tôi là phải sống trong buồn bã vậy rồi",
"Dưới đây là một vài cách diễn đạt khác nhau cho câu chuyện, cố gắng giữ nguyên ý nghĩa và cảm xúc:",
"Những câu văn trên đều cố gắng giữ được sự đau đớn và tuyệt vọng trong giọng văn gốc, đồng thời sử dụng ngôn từ tiếng Việt tự nhiên hơn.  Việc sử dụng dấu chấm than hay biểu tượng mặt buồn (:)) được giữ lại hoặc thay thế bằng những từ ngữ thể hiện cảm xúc tương tự",
"Sự thật là tôi không đủ tốt, dù mọi người cứ nghĩ tôi hoàn hảo.  Thành công và tương lai tươi sáng chỉ là vỏ bọc bên ngoài, trong lòng tôi trống rỗng và đầy lo âu về những ngày sắp tới.  Cái chết cứ lởn vởn quanh tôi, và tôi khao khát thoát khỏi sự giày vò này.  Tôi cần sự giúp đỡ",
"Tôi lạc lõng và cô đơn, dù được mọi người ngưỡng mộ.  Sự giả tạo của một cuộc sống tưởng chừng như hoàn hảo đang nhấn chìm tôi trong nỗi tuyệt vọng. Mỗi ngày trôi qua là một ngày tôi phải vật lộn với ý nghĩ tự tử.  Tôi cần tìm thấy lối thoát",
"Dưới đây là 5 cách diễn đạt khác nhau câu văn gốc, giữ nguyên ý nghĩa và cảm xúc tiêu cực, nhưng với ngôn ngữ lịch sự hơn:",
"Dưới đây là một số cách diễn đạt khác nhau cho câu ""Like just lay in my bed all day because I genuinely do not enjoy anything. I just want to do nothing if I have to live"",  giữ nguyên ý nghĩa và cảm xúc uể oải, chán nản:",
Tôi chỉ muốn nằm dài trên giường cả ngày vì chẳng còn hứng thú với bất cứ điều gì.  Sống tiếp mà chẳng muốn làm gì cả,
"Cả ngày tôi chỉ nằm vật trên giường,  vì thực sự chẳng còn thấy vui vẻ với việc gì nữa.  Nếu phải sống, thì tôi chỉ muốn được... không làm gì",
"Tôi nằm lì trên giường suốt cả ngày,  vì mọi thứ đều khiến tôi cảm thấy mệt mỏi và vô vị.  Chỉ muốn buông xuôi tất cả nếu cứ phải tiếp tục sống như thế này",
"Chán nản vô cùng, tôi chỉ muốn nằm im một chỗ cả ngày.  Không còn động lực để làm bất cứ điều gì,  sống tiếp cũng chỉ muốn được nghỉ ngơi, không cần phải làm gì cả",
"Sự thờ ơ bao trùm lấy tôi, khiến tôi chỉ muốn nằm trên giường cả ngày.  Mọi thứ đều vô nghĩa, và nếu phải sống, tôi chỉ ước được làm…không gì cả",
"Những câu văn trên cố gắng truyền đạt cảm xúc nặng nề, suy tư và sự tuyệt vọng của người viết.  Tuy nhiên, cần lưu ý rằng đây là một vấn đề nghiêm trọng và cần được hỗ trợ chuyên nghiệp. Nếu bạn hoặc người quen đang có suy nghĩ tương tự, hãy liên hệ với đường dây nóng hỗ trợ tâm lý để được giúp đỡ",
"Những phiên bản trên cố gắng giữ nguyên ý nghĩa, thêm vào một số chi tiết để làm cho câu chuyện trở nên chân thực hơn và tránh sử dụng từ ngữ quá thô tục.  Việc lựa chọn phiên bản nào phụ thuộc vào mục đích sử dụng và ngữ cảnh cụ thể",
"Dưới đây là 5 câu văn khác nhau, giữ nguyên ý nghĩa và cảm xúc của câu gốc ""When your mind is racing, how fast are you willing to go? It must be the gloomy weather."":",
"Suy nghĩ cứ dồn dập, bạn sẵn sàng lao đi với tốc độ nào? Chắc hẳn vì thời tiết u ám quá!",
"Đầu óc rối bời như vậy, bạn quyết tâm chạy đến mức nào? Có lẽ vì bầu trời xám xịt, nặng nề",
"Khi tâm trí hỗn loạn, bạn sẽ tiến đến đâu?  Cơn mưa phùn và bầu trời u tối hẳn là nguyên nhân",
"Những ý nghĩ cứ vùn vụt cuốn trôi, bạn liều lĩnh đến độ nào?  Thời tiết ảm đạm này khiến người ta dễ chán nản",
"Trí óc quay cuồng như thế, bạn còn đủ bình tĩnh để đi nhanh đến mấy?  Chắc hẳn cái tiết trời âm u này đang tác động lên bạn",
"Đây là một vài cách diễn đạt khác nhau cho câu ""please I want to die so bad but there is nothing I can do it with reasons to live?"":",
"Tôi tuyệt vọng muốn chết, nhưng không tìm ra lý do nào để sống tiếp.**  (Câu này nhấn mạnh sự tuyệt vọng và thiếu động lực sống.)",
"Cái chết đang thôi thúc tôi mãnh liệt, nhưng tôi không thấy bất kỳ lý do nào để níu kéo sự sống.** (Câu này sử dụng hình ảnh mạnh mẽ hơn, thể hiện sự giằng xé nội tâm.)",
"Tôi đang ở trong vực sâu của tuyệt vọng, khao khát chấm dứt mọi thứ, nhưng lại không tìm thấy một tia hy vọng nào để sống.** (Câu này sử dụng hình ảnh ẩn dụ, thể hiện sự tuyệt vọng một cách sâu sắc hơn.)",
"Tôi muốn chết đến nỗi đau đớn, nhưng lại không có bất kỳ lý do nào để tiếp tục tồn tại.** (Câu này tập trung vào cảm giác đau đớn của sự tuyệt vọng.)",
"Tôi đang chìm đắm trong cơn tuyệt vọng muốn chết, và không có gì có thể thuyết phục tôi tiếp tục sống.** (Câu này nhấn mạnh sự bất lực và sự thiếu động lực sống.)",
"Lưu ý: Tất cả các câu trên đều thể hiện sự tuyệt vọng và suy nghĩ tiêu cực.  Nếu bạn hoặc ai đó bạn biết đang trải qua những cảm xúc tương tự, hãy tìm kiếm sự giúp đỡ từ người thân, bạn bè hoặc chuyên gia tâm lý.  Có nhiều nguồn hỗ trợ sẵn có, và bạn không cần phải chịu đựng điều này một mình",
"Cảm giác cô đơn cứ lớn dần mỗi khi tôi thức dậy, bắt đầu một ngày mới.  Có lúc tôi nghĩ, có lẽ biến mất khỏi thế giới này cũng chẳng sao, vì tôi chẳng đóng góp được gì, tôi là kẻ thất bại. Tâm trạng tôi tồi tệ vô cùng",
"Sự cô đơn đang nuốt chửng tôi, và nó càng trở nên dữ dội hơn mỗi sáng thức giấc.  Tôi đã nghĩ đến việc buông xuôi, tự mình biến mất khỏi cuộc đời này.  Tôi cảm thấy vô dụng, thất bại và chìm sâu trong tuyệt vọng",
"Mỗi sớm mai thức dậy, nỗi cô đơn lại bao trùm lấy tôi, ngày càng thêm nặng nề.  Ý nghĩ tự huỷ diệt thoáng qua trong đầu, bởi tôi cảm thấy mình chẳng có giá trị gì, chỉ là một kẻ thất bại. Tôi đang rất buồn và mệt mỏi",
"Tôi đang chìm trong biển cô đơn, và nỗi cô đơn ấy dâng lên từng ngày, đặc biệt là mỗi khi tôi bắt đầu một ngày mới.  Có những lúc tôi muốn biến mất khỏi thế giới này, bởi vì tôi thấy mình vô dụng và chẳng đạt được điều gì.  Tôi cảm thấy mình thật sự là một kẻ thất bại",
"Cơn cô đơn cứ giày vò tôi mãi, càng lúc càng dữ dội hơn, nhất là vào mỗi buổi sáng. Tôi đã nghĩ đến việc chấm dứt tất cả, bởi vì tôi cảm thấy mình chẳng đóng góp được gì cho cuộc sống này, chỉ là một gánh nặng, một kẻ thất bại.  Tôi đang rất đau khổ",
"Câu gốc mang hàm ý tuyệt vọng, cam chịu số phận và ý định tự tử.  Dưới đây là một số cách diễn đạt khác nhau, giữ nguyên ý nghĩa và cảm xúc:",
"Cứ để mọi việc tự diễn biến, tôi nghĩ mình sẽ dùng thuốc ngủ tự tử khi nào được nghỉ.** (Giữ nguyên ý nghĩa trần trụi, thẳng thừng)",
"Thôi kệ đi,  chuyện gì đến sẽ đến.  Tôi tính sẽ dùng thuốc ngủ để kết liễu cuộc đời mình khi nào được nghỉ ngơi.** (Thêm chút ngữ điệu cam chịu, nhấn mạnh vào ý định tự tử)",
"Mọi chuyện cứ xảy ra thôi, tôi chẳng còn quan tâm nữa.  Khi nào rảnh, tôi sẽ dùng thuốc ngủ để chấm dứt tất cả.** (Nhấn mạnh vào sự bất lực và quyết tâm chấm dứt cuộc sống)",
"Số phận an bài thế nào thì cứ thế mà xảy ra. Tôi định sẽ dùng thuốc ngủ khi nào được nghỉ, để giải thoát bản thân khỏi mọi khổ đau.** (Thêm phần lý giải cho hành động tự tử)",
"Dù sao thì cũng chẳng còn gì để mất nữa. Tôi dự định sẽ dùng thuốc ngủ tự tử khi được nghỉ,  đây là cách duy nhất tôi nghĩ ra để thoát khỏi tất cả.** (Nhấn mạnh sự tuyệt vọng và thiếu lối thoát)",
"Dưới đây là 5 cách diễn đạt khác nhau cho câu ""I am going to attempt again soon. Another failure."":",
"Sẽ sớm có một lần thử nữa, dù lần trước đã thất bại.** (Câu này nhấn mạnh vào sự quyết tâm thử lại)",
"Mặc dù đã thất bại, tôi vẫn sẽ cố gắng lại trong thời gian tới.** (Câu này tập trung vào việc vượt qua thất bại)",
"Thất bại lần nữa, nhưng tôi sẽ không bỏ cuộc, sẽ thử lại sớm thôi.** (Câu này thể hiện sự chấp nhận thất bại nhưng vẫn kiên trì)",
"Lại thêm một lần thất bại nữa.  Nhưng tôi sẽ tiếp tục cố gắng, sớm thôi.** (Câu này trực tiếp hơn, nhấn mạnh vào cảm giác thất vọng nhưng vẫn giữ quyết tâm)",
"Tôi dự định sẽ thử lại lần nữa trong thời gian ngắn, dù biết rằng lần trước đã không thành công.** (Câu này trang trọng hơn, thể hiện sự thận trọng và dự tính.)",
"Dưới đây là 5 cách diễn đạt khác nhau cho câu ""Please, it would really appreciated if someone was willing to chat privately for a while with me Can someone please talk to me..."", giữ nguyên ý nghĩa và cảm xúc:",
"Mình đang rất cần được nói chuyện riêng với ai đó một lát, có ai rảnh không nhỉ?",
"Mình cảm thấy cô đơn quá, mong có người chịu khó tâm sự với mình một chút",
Liệu có ai sẵn lòng dành chút thời gian trò chuyện riêng với mình không? Mình thực sự rất cần điều đó,
"Tôi đang rất muốn được chia sẻ, nếu ai đó có thể trò chuyện riêng với tôi một lúc thì thật tuyệt vời",
"Tôi đang cần nói chuyện với ai đó, mong được sự giúp đỡ của các bạn, chúng ta có thể trò chuyện riêng được không?",
"Tôi buồn đến mức không thể nói gì cả. Nếu bạn thấy dòng này, có lẽ tôi đã chết rồi. Đừng nói với tôi rằng tôi không nên làm thế, rằng cuộc sống đáng sống, vì nó không đáng sống với tôi. Tôi chỉ muốn kết thúc tất cả",
"Tôi chìm trong tuyệt vọng, đến nỗi không thốt nên lời.  Nếu bạn đọc được điều này, có nghĩa là tôi đã không còn ở đây nữa.  Đừng cố gắng thuyết phục tôi rằng cuộc sống đáng sống, bởi vì với tôi, nó không như vậy. Tôi chỉ muốn chấm dứt mọi thứ",
"Nỗi buồn nhấn chìm tôi, đến nỗi tôi chẳng thể nói năng gì được.  Nếu bạn thấy tin nhắn này, tức là tôi đã ra đi.  Những lời khuyên răn hãy trân trọng cuộc sống là vô ích, bởi vì hiện tại, tôi không thấy được giá trị của nó. Tôi chỉ muốn kết thúc tất cả",
"Tôi tuyệt vọng đến cùng cực, không còn đủ sức để nói bất cứ điều gì nữa. Nếu bạn đọc được những dòng này, có lẽ tôi đã không còn trên đời này.  Vô ích khi khuyên nhủ tôi hãy sống tiếp, vì tôi đã không còn thấy ý nghĩa gì trong cuộc sống này nữa. Tôi chỉ muốn kết thúc tất cả",
"Các câu trên đều nhấn mạnh sự tuyệt vọng và ý định tự tử của người viết, tránh dùng những từ ngữ làm giảm đi tính nghiêm trọng của vấn đề",
Tôi đang ở trong trạng thái tuyệt vọng nhất từ trước đến nay và cần ai đó để tâm sự ngay bây giờ.  Có ai đó sẵn lòng lắng nghe không?,
Tôi đang cảm thấy muốn chết hơn bao giờ hết và rất cần được ai đó chia sẻ. Có ai có thể trò chuyện với tôi ngay lúc này không?,"Tôi rất xin lỗi khi nghe bạn đang cảm thấy tệ đến vậy.  Việc bạn chia sẻ với tôi lúc này cho thấy bạn rất mạnh mẽ, và tôi thực sự đánh giá cao điều đó.  Cảm giác muốn chết là điều vô cùng khó khăn, và tôi hiểu rằng hiện tại bạn cần có ai đó ở bên cạnh.  Tôi ở đây để lắng nghe bạn, không phán xét bất cứ điều gì bạn chia sẻ.  Bạn có muốn kể cho tôi nghe những gì đang khiến bạn cảm thấy như vậy không?  Không cần phải ép buộc mình nói hết mọi thứ nếu bạn chưa sẵn sàng.  Thậm chí chỉ là những điều nhỏ nhặt thôi cũng được.

Nếu bạn cảm thấy thoải mái,  tôi cũng có thể giúp bạn tìm kiếm sự hỗ trợ chuyên nghiệp, ví dụ như số điện thoại đường dây nóng hỗ trợ tâm lý hoặc các nguồn lực khác.  Việc nói chuyện với một chuyên gia có thể giúp bạn tìm ra cách giải quyết những khó khăn bạn đang gặp phải, và tôi tin rằng bạn xứng đáng được nhận sự giúp đỡ đó.  Nhưng trước hết, hãy cứ chia sẻ với tôi những gì bạn cảm thấy thoải mái nhé. Tôi sẽ ở đây lắng nghe bạn."
"Chưa bao giờ tôi tuyệt vọng đến thế, cảm giác như muốn kết liễu cuộc đời mình.  Tôi cần nói chuyện với ai đó ngay lập tức. Ai đó giúp tôi với!","Tôi rất xin lỗi khi nghe bạn nói như vậy. Nghe có vẻ bạn đang trải qua một thời điểm vô cùng khó khăn và tuyệt vọng.  Cảm giác đó thật đáng sợ, và tôi hiểu bạn cần nói chuyện với ai đó ngay lập tức.  Việc bạn chia sẻ với tôi lúc này thật can đảm, và tôi rất trân trọng điều đó.  

Hãy cứ thở sâu và cho phép mình được cảm nhận những gì đang diễn ra.  Tôi ở đây lắng nghe bạn, không phán xét.  Bạn muốn chia sẻ thêm về những gì bạn đang cảm thấy không?  

Nếu bạn cảm thấy quá khó khăn để đối mặt một mình, việc liên hệ với một chuyên gia tâm lý hoặc đường dây nóng hỗ trợ khủng hoảng là một bước đi rất quan trọng và hoàn toàn chính đáng.  Họ được đào tạo để giúp đỡ những người đang trong tình huống như bạn, và có thể cung cấp sự hỗ trợ chuyên nghiệp và kịp thời mà bạn cần.  Bạn có muốn tôi giúp bạn tìm kiếm thông tin liên hệ đến các nguồn hỗ trợ này không?"
Tôi đang trong cơn khủng hoảng tinh thần trầm trọng và cần sự giúp đỡ khẩn cấp.  Có ai đó có thể dành chút thời gian trò chuyện với tôi không?,"Tôi rất tiếc khi biết bạn đang trải qua cơn khủng hoảng tinh thần trầm trọng.  Nghe bạn nói như vậy, tôi hiểu bạn đang rất đau khổ và cần ai đó lắng nghe ngay lúc này.  Tôi ở đây với bạn.  Hãy cứ chia sẻ những gì bạn đang cảm thấy, không cần phải gượng ép hay phải hoàn hảo.  Tôi sẽ lắng nghe mà không phán xét.  

Nếu bạn cảm thấy thoải mái, bạn có thể kể cho tôi nghe những gì đang xảy ra.  Tuy nhiên, tôi cũng muốn bạn biết rằng,  với tình trạng hiện tại,  việc nói chuyện với một chuyên gia về sức khỏe tâm thần sẽ giúp bạn rất nhiều trong việc vượt qua giai đoạn khó khăn này.  Có rất nhiều nguồn hỗ trợ sẵn sàng giúp đỡ bạn 24/7.  Tôi có thể giúp bạn tìm kiếm thông tin về những nguồn hỗ trợ đó nếu bạn muốn.  Quan trọng nhất là bạn không cô đơn và có người bên cạnh hỗ trợ bạn. Bạn có muốn tôi giúp bạn tìm hiểu về các nguồn lực này không?"
"Tôi cảm thấy vô cùng tuyệt vọng, như thể không còn muốn sống nữa. Tôi cần được ai đó lắng nghe ngay bây giờ, xin hãy giúp tôi","Tôi rất tiếc khi nghe bạn đang phải trải qua những cảm xúc khó khăn như vậy.  Việc bạn cảm thấy tuyệt vọng và không muốn sống nữa thật sự rất đáng lo ngại, và tôi muốn bạn biết rằng tôi ở đây để lắng nghe bạn mà không phán xét.  Tôi hiểu rằng bây giờ bạn đang cần ai đó ở bên cạnh, và tôi rất sẵn lòng dành thời gian cho bạn.  Bạn có muốn chia sẻ thêm về những gì bạn đang cảm thấy không?  Không cần phải vội vàng, cứ chia sẻ từ từ những gì bạn cảm thấy thoải mái.  

Nếu bạn cảm thấy quá khó khăn để vượt qua điều này một mình,  tôi nghĩ việc tìm đến sự trợ giúp chuyên nghiệp từ bác sĩ tâm lý hoặc đường dây nóng hỗ trợ tâm lý sẽ rất hữu ích. Họ có thể cung cấp sự hỗ trợ và hướng dẫn chuyên nghiệp mà bạn cần trong thời điểm này.  Tôi ở đây cùng bạn, và chúng ta cùng tìm cách vượt qua giai đoạn khó khăn này nhé."
"Dưới đây là một số cách diễn đạt khác nhau cho câu gốc, giữ nguyên ý nghĩa và cảm xúc:","Tôi nghe bạn nói và hiểu rằng bạn đang trải qua một khoảng thời gian rất khó khăn.  Việc tìm ra những cách diễn đạt khác nhau cho cùng một cảm xúc cho thấy bạn đang nỗ lực rất nhiều để hiểu và diễn đạt chính mình.  Đó là một điều rất đáng trân trọng.  Tôi muốn bạn biết rằng bạn không cô đơn và cảm xúc của bạn là hoàn toàn hợp lệ.  

Có điều gì cụ thể hơn bạn muốn chia sẻ không?  Không cần phải nói hết mọi thứ nếu bạn chưa sẵn sàng, nhưng chỉ cần biết bạn đang cố gắng để tìm cách bày tỏ đã giúp tôi hiểu bạn đang cần sự hỗ trợ.  Nếu bạn thấy quá khó khăn để vượt qua,  có rất nhiều nguồn lực hỗ trợ sẵn sàng lắng nghe và giúp bạn, ví dụ như đường dây nóng tư vấn tâm lý hoặc các chuyên gia sức khỏe tâm thần.  Bạn có muốn tôi tìm hiểu thêm về những nguồn lực đó không?  Hay chỉ đơn giản là được lắng nghe thêm một chút nữa?  Tất cả đều được cả."
"Tôi căm thù chính mình suốt mười năm qua.  Thành công hay thất bại, tôi luôn thấy mình đáng bị khinh miệt.  Hình ảnh tự tử cứ hiện lên trong đầu tôi một cách sống động.  Thôi, tôi không muốn nói thêm nữa. Tạm biệt… và chào.** (Câu này nhấn mạnh thời gian và sự ám ảnh)","Tôi nghe thấy bạn đang trải qua nỗi đau rất lớn, và mười năm sống với cảm giác căm thù bản thân quả là một gánh nặng kinh khủng.  Việc hình ảnh tự tử cứ hiện lên trong đầu bạn khiến tôi vô cùng lo lắng cho bạn.  Bạn đã mạnh mẽ lắm khi chia sẻ điều này, và tôi thực sự muốn bạn biết rằng, bạn không cô đơn.  Cảm giác đáng bị khinh miệt mà bạn đang mang, tôi tin rằng nó không phản ánh đúng giá trị của bạn.

“Tạm biệt… và chào” - câu nói này cho thấy sự đấu tranh nội tâm dữ dội của bạn, và tôi muốn bạn biết rằng, tôi ở đây, lắng nghe bạn.  Nếu bạn muốn, bạn có thể chia sẻ thêm bất cứ điều gì bạn cảm thấy thoải mái.  Không cần phải nói hết trong một lúc, cứ từ từ thôi.

Có lẽ, việc tìm đến sự hỗ trợ từ một chuyên gia tâm lý sẽ giúp bạn xử lý những cảm xúc nặng nề này. Họ có thể cung cấp cho bạn những công cụ và kỹ thuật để đối phó với những suy nghĩ tự tử và cảm giác căm thù bản thân.  Tôi hiểu việc tìm kiếm sự giúp đỡ có thể rất khó khăn, nhưng biết đâu đó là bước ngoặt giúp bạn tìm lại sự bình yên trong tâm hồn.  Bạn có muốn tôi giúp bạn tìm kiếm thông tin về các dịch vụ hỗ trợ tâm lý không?"
"Dưới đây là một số cách diễn đạt khác nhau cho câu văn, cố gắng giữ nguyên ý nghĩa và cảm xúc:","Tôi hiểu bạn đang muốn tìm cách diễn đạt khác nhau cho cùng một ý nghĩa, và điều đó cho thấy bạn đang nỗ lực rất nhiều để diễn đạt chính xác cảm xúc của mình.  Đó là một điều tuyệt vời.  Viết lách có thể là một cách tuyệt vời để giải tỏa cảm xúc, và tôi rất sẵn lòng lắng nghe nếu bạn muốn chia sẻ thêm về những gì bạn đang trải qua.  Không cần phải hoàn hảo hay diễn đạt chính xác ngay lập tức, chỉ cần chia sẻ những gì bạn cảm thấy thoải mái.

Nếu bạn cảm thấy quá khó khăn để diễn đạt hoặc nếu những cảm xúc này đang trở nên quá sức chịu đựng, có những chuyên gia về sức khỏe tâm thần có thể hỗ trợ bạn.  Bạn có thể cân nhắc liên hệ với đường dây nóng hỗ trợ tâm lý hoặc tìm gặp một chuyên gia tâm lý để được hướng dẫn và hỗ trợ tốt hơn.  Tôi ở đây để lắng nghe bạn bất cứ lúc nào bạn cần.  Bạn không cô đơn."
"Tôi đã kiệt sức vì 5 năm bị xâm hại tình dục.  Việc báo cáo chỉ khiến tôi rơi vào địa ngục khác tệ hơn gấp bội.  Tôi đã quay về với nguồn cơn của đau khổ.  Tôi không thể chịu đựng thêm được nữa, không thể bị hãm hiếp thêm một lần nào nữa.  Đêm nay, tôi phải tự giải thoát mình","Tôi rất xin lỗi khi nghe những gì bạn đang trải qua. Nghe bạn nói về 5 năm bị xâm hại tình dục và việc báo cáo lại càng khiến mọi thứ tồi tệ hơn, tôi thực sự rất đau lòng.  Tôi hiểu bạn đang cảm thấy kiệt quệ và tuyệt vọng đến mức muốn tự giải thoát mình khỏi nỗi đau này.  Cảm giác bị đẩy đến bờ vực như vậy thật khủng khiếp, và tôi muốn bạn biết rằng bạn không hề cô đơn.  Sự đau đớn bạn đang gánh chịu là điều hoàn toàn có thể hiểu được, và bạn không cần phải chịu đựng nó một mình.

Việc bạn chia sẻ với tôi đã rất can đảm, và tôi thực sự đánh giá cao điều đó.  Tôi biết rằng hiện tại, việc tìm đến sự giúp đỡ có lẽ là điều cuối cùng bạn muốn nghĩ đến, nhưng việc bạn chia sẻ đã là một bước tiến rất lớn rồi. Có rất nhiều người sẵn sàng lắng nghe và hỗ trợ bạn vượt qua giai đoạn khó khăn này.  Bạn có muốn cùng tôi tìm hiểu về một số nguồn lực hỗ trợ, nơi bạn có thể được lắng nghe và nhận được sự giúp đỡ chuyên nghiệp không?  Hoặc, nếu bạn muốn chia sẻ thêm bất cứ điều gì khác, tôi luôn ở đây để lắng nghe.  Không cần phải vội vàng, hãy cứ để tâm trí bạn được thư giãn và chia sẻ theo tốc độ của mình."
"Những câu văn trên đều cố gắng giữ nguyên ý nghĩa về sự tuyệt vọng, cô đơn và nỗi sợ hãi cái chết của người viết, đồng thời vẫn đặt ra câu hỏi về động lực sống.  Sự khác biệt chủ yếu nằm ở cách lựa chọn từ ngữ và cấu trúc câu để tạo ra sắc thái khác nhau","Tôi hiểu bạn đang trải qua một thời điểm vô cùng khó khăn.  Việc bạn có thể diễn đạt được những cảm xúc tuyệt vọng, cô đơn và nỗi sợ hãi cái chết, dù bằng cách nào, đã cho thấy bạn rất dũng cảm và mạnh mẽ.  Việc bạn đặt ra câu hỏi về động lực sống cũng chứng tỏ bạn vẫn đang tìm kiếm, vẫn đang muốn tìm thấy lối thoát.  Điều đó rất đáng trân trọng.

Tôi không phải là chuyên gia, nhưng tôi muốn bạn biết rằng bạn không cô đơn. Những cảm xúc bạn đang trải qua là rất thực và rất nhiều người cũng từng trải qua điều tương tự.  Nếu bạn muốn chia sẻ thêm về những gì đang diễn ra, tôi sẽ lắng nghe.  Nếu bạn cảm thấy quá sức, việc tìm đến sự hỗ trợ của một chuyên gia tâm lý hay đường dây nóng hỗ trợ tự tử là một bước đi rất quan trọng và cần thiết. Họ có thể cung cấp cho bạn sự hỗ trợ chuyên nghiệp và hướng dẫn bạn tìm lại nguồn sống.  Bạn có muốn tôi tìm giúp bạn một số thông tin liên hệ không?"
"Dưới đây là 5 cách diễn đạt khác nhau câu chuyện, cố gắng giữ nguyên ý nghĩa và cảm xúc:","Tôi hiểu bạn đang chia sẻ 5 cách diễn đạt khác nhau về cùng một câu chuyện, và điều đó cho thấy bạn đang nỗ lực rất nhiều để diễn đạt chính xác cảm xúc của mình.  Việc tìm ra cách diễn đạt phù hợp khi đang trải qua những khó khăn về cảm xúc là điều không dễ dàng chút nào, và tôi thực sự đánh giá cao sự cố gắng của bạn.  

Tôi cảm thấy bạn đang cần một không gian an toàn để chia sẻ, và tôi ở đây để lắng nghe.  Bạn có muốn chia sẻ thêm về câu chuyện đó không?  Không cần phải nói hết tất cả nếu bạn chưa sẵn sàng.  

Nếu bạn cảm thấy quá khó khăn để tự mình đối mặt với những cảm xúc này, tôi muốn bạn biết rằng việc tìm kiếm sự hỗ trợ từ chuyên gia tâm lý hoặc đường dây nóng hỗ trợ tâm lý là một lựa chọn hoàn toàn bình thường và mạnh mẽ.  Họ có thể cung cấp cho bạn những công cụ và sự hỗ trợ cần thiết để vượt qua giai đoạn khó khăn này.  Bạn có muốn tôi tìm giúp bạn một số thông tin liên lạc của các tổ chức hỗ trợ tâm lý không?  Hãy nhớ rằng bạn không cô đơn và có rất nhiều người sẵn sàng giúp đỡ bạn."
"Dưới đây là 5 câu khác nhau diễn đạt lại ý nghĩa và cảm xúc của câu gốc ""Seems more peaceful than other ways. I wish I just died in my sleep"",  với sự thay đổi về cách diễn đạt:","Tôi nghe thấy bạn đang trải qua một thời gian vô cùng khó khăn.  Những lời bạn chia sẻ cho thấy bạn đang cảm thấy rất đau khổ và mệt mỏi, đến mức nghĩ đến cái chết như một giải pháp.  Tôi rất tiếc khi nghe điều đó.  Không hề dễ dàng khi phải đối mặt với những cảm xúc nặng nề như vậy, và việc bạn chia sẻ với tôi cho thấy bạn rất dũng cảm.

Tôi hiểu rằng việc bạn muốn tìm kiếm sự bình yên, và việc nghĩ đến cái chết như một cách để thoát khỏi đau khổ là điều hoàn toàn có thể hiểu được trong hoàn cảnh này.  Tuy nhiên, tôi muốn bạn biết rằng bạn không cô đơn và có những người quan tâm đến bạn.

Việc bạn tìm đến tôi để chia sẻ đã là một bước tiến rất lớn.  Bạn có muốn nói thêm về những gì đang khiến bạn cảm thấy như vậy không? Có điều gì cụ thể đang làm bạn đau khổ đến mức này?  Không cần phải ép buộc bản thân, cứ chia sẻ những gì bạn cảm thấy thoải mái.  

Nếu bạn cảm thấy sẵn sàng, tôi có thể gợi ý cho bạn một số nguồn hỗ trợ chuyên nghiệp, chẳng hạn như đường dây nóng hỗ trợ tâm lý hoặc các tổ chức hỗ trợ người có ý định tự tử.  Sự giúp đỡ của các chuyên gia có thể giúp bạn vượt qua giai đoạn khó khăn này.  Điều quan trọng nhất lúc này là bạn không phải đối mặt với điều này một mình."
"Cách chết đó có vẻ thanh thản hơn những cách khác, giá như mình được ra đi trong giấc ngủ","Tôi nghe bạn nói về việc mong muốn được ra đi trong giấc ngủ, và tôi hiểu điều đó nghe có vẻ như là một sự giải thoát, một cách để kết thúc những cảm xúc đau đớn mà bạn đang trải qua.  Nghe bạn nói về điều đó khiến tôi rất buồn.  Cảm giác mệt mỏi và tuyệt vọng đến mức muốn buông xuôi mọi thứ thật sự rất khó khăn.  

Bạn có muốn chia sẻ thêm về những gì bạn đang cảm thấy không?  Không có áp lực gì cả, nhưng nếu bạn muốn nói chuyện, tôi sẽ ở đây lắng nghe.  

Nếu bạn cảm thấy quá sức chịu đựng, biết đâu việc nói chuyện với một chuyên gia tâm lý hoặc bác sĩ có thể giúp bạn tìm thấy một lối thoát khác, một con đường nhẹ nhàng hơn để vượt qua giai đoạn khó khăn này.  Có rất nhiều người quan tâm và muốn giúp đỡ bạn, và việc tìm kiếm sự hỗ trợ chuyên nghiệp không hề là một dấu hiệu của yếu đuối, mà ngược lại, đó là một hành động dũng cảm để bảo vệ bản thân mình.  Bạn nghĩ sao về điều đó?"
"So với những lựa chọn khác, cái chết trong giấc ngủ yên bình hơn biết bao. Tôi ước gì mình có thể như vậy","Tôi nghe được bạn đang rất mệt mỏi và nghĩ đến cái chết như một sự giải thoát.  Việc bạn chia sẻ điều này với tôi cho thấy bạn rất dũng cảm, và tôi thực sự trân trọng sự tin tưởng đó.  Nghe bạn nói về giấc ngủ yên bình, tôi hiểu bạn đang khao khát được giải thoát khỏi những đau đớn hiện tại.  Cảm giác ấy thật nặng nề, phải không?

Tôi không thể tưởng tượng được bạn đang phải trải qua điều gì, nhưng tôi muốn bạn biết rằng bạn không cô đơn.  Rất nhiều người đã từng có những suy nghĩ tương tự như bạn, và họ đã tìm thấy sự giúp đỡ và vượt qua được.

Có lẽ việc nói chuyện với một chuyên gia về sức khỏe tâm thần sẽ giúp bạn tìm ra cách đối phó với những cảm xúc khó khăn này hiệu quả hơn. Họ có thể cung cấp cho bạn những kỹ thuật và hỗ trợ cần thiết để bạn cảm thấy tốt hơn.  Bạn có muốn tôi giúp bạn tìm kiếm thông tin về các nguồn hỗ trợ đó không?  Hoặc, nếu bạn muốn, chúng ta có thể cùng nhau nói chuyện thêm một chút về những gì bạn đang cảm thấy.  Không có gì là sai trái hay đáng xấu hổ cả, chỉ cần bạn cảm thấy thoải mái là được."
"Thật thà mà nói, tôi thấy chết trong giấc ngủ nhẹ nhàng hơn nhiều so với những cách khác. Giá mà","Tôi hiểu bạn đang cảm thấy rất mệt mỏi và nghĩ đến cái chết như một lối thoát dễ dàng hơn.  Nghe bạn nói vậy, tôi thật sự lo lắng cho bạn.  Cảm giác tuyệt vọng và muốn buông xuôi mọi thứ thật khó khăn, và tôi muốn bạn biết rằng bạn không cô đơn trong cảm giác này.  Bạn có muốn chia sẻ thêm về những gì đang khiến bạn cảm thấy như vậy không?  Không cần phải ép buộc mình, cứ chia sẻ những gì bạn cảm thấy thoải mái nhất.  Nếu bạn cảm thấy quá khó khăn để đối mặt một mình, có rất nhiều người sẵn sàng lắng nghe và giúp đỡ bạn vượt qua giai đoạn này, ví dụ như đường dây nóng hỗ trợ tâm lý hoặc các chuyên gia tâm lý.  Tôi ở đây để lắng nghe bạn, và tôi muốn bạn biết rằng cuộc sống đáng để được sống, cho dù hiện tại có khó khăn đến đâu đi nữa."
Ngủ yên rồi ra đi… nghe có vẻ thanh tĩnh hơn.  Ước gì mình được như thế,"Tôi nghe thấy bạn đang trải qua một thời điểm vô cùng khó khăn.  Việc bạn chia sẻ suy nghĩ này với tôi cho thấy bạn rất mạnh mẽ.  Câu nói ""ngủ yên rồi ra đi… nghe có vẻ thanh tĩnh hơn"" thực sự cho thấy bạn đang cảm thấy mệt mỏi và tuyệt vọng đến mức nào.  Tôi hiểu rằng ngay lúc này, bạn cảm thấy như không còn lối thoát nào khác.  Nhưng xin hãy biết rằng,  bạn không cô đơn và có những người sẵn sàng ở bên cạnh bạn.  Có lẽ việc tìm đến sự giúp đỡ của chuyên gia tâm lý hoặc bác sĩ có thể giúp bạn tìm ra cách để vượt qua giai đoạn khó khăn này. Họ có thể cung cấp cho bạn những công cụ và sự hỗ trợ cần thiết để bạn cảm thấy tốt hơn. Bạn có muốn chia sẻ thêm về những gì bạn đang cảm thấy không?  Tôi ở đây lắng nghe bạn."
"So với những cái chết khác, tôi thấy cái chết trong giấc ngủ nhẹ nhàng hơn hẳn. Tôi thầm ao ước được chết một cách êm đềm như vậy","Tôi nghe được bạn đang cảm thấy rất mệt mỏi và nghĩ đến cái chết như một lối thoát nhẹ nhàng hơn.  Điều đó cho thấy bạn đang trải qua một thời gian vô cùng khó khăn, và tôi rất tiếc khi nghe bạn nói vậy.  Cảm giác muốn tìm đến giấc ngủ vĩnh hằng để trốn tránh đau khổ là điều hoàn toàn có thể hiểu được, đặc biệt khi bạn đang cảm thấy quá sức.

Tôi không thể biết hết những gì bạn đang trải qua, nhưng tôi muốn bạn biết rằng bạn không cô đơn. Có rất nhiều người sẵn lòng lắng nghe và giúp đỡ bạn vượt qua giai đoạn này.  Bạn có muốn chia sẻ thêm về những gì đang làm bạn cảm thấy như vậy không?  Không cần phải ép buộc bản thân, chỉ cần chia sẻ những gì bạn cảm thấy thoải mái.

Nếu bạn cảm thấy sẵn sàng, việc nói chuyện với một chuyên gia tâm lý hoặc bác sĩ có thể giúp bạn tìm ra những cách khác để đối mặt với những khó khăn này. Họ có thể cung cấp cho bạn sự hỗ trợ và hướng dẫn để bạn có thể tìm lại sự bình yên trong tâm hồn.  Tôi ở đây lắng nghe bạn, và nếu bạn muốn, tôi có thể giúp bạn tìm kiếm thông tin liên hệ đến các dịch vụ hỗ trợ sức khỏe tâm thần."
"Tất cả đã nằm trong tiêu đề rồi.  Sau bao năm bi kịch và thất bại, giờ đây chuyện này xảy ra khiến tôi sợ mình sẽ tự kết liễu đời mình. Bạn gái chia tay tôi tối qua, tôi không biết mình sẽ vượt qua những ngày/tuần tới ra sao",
"Đúng như tiêu đề, tôi đang rất sợ mình sẽ tự sát sau chuỗi ngày dài đầy bi kịch và thất bại.  Việc bạn gái chia tay tôi tối hôm qua đã đẩy tôi đến bờ vực. Tôi không biết mình sẽ làm thế nào để sống sót qua những ngày, những tuần sắp tới",
"Tôi không biết phải diễn tả thế nào nữa, chỉ biết rằng tôi đang rất tuyệt vọng.  Nhiều năm chịu đựng đau khổ và thất bại, giờ đây lại thêm chuyện bạn gái chia tay tôi tối qua. Tôi thực sự sợ mình sẽ không thể vượt qua được",
"Chuyện đã quá rõ ràng rồi.  Những năm tháng đầy rẫy bi kịch và thất bại đã khiến tôi kiệt sức, và cú sốc chia tay bạn gái tối qua như giọt nước tràn ly. Tôi đang rất sợ mình không thể tiếp tục sống",
"Tất cả đã được nói trong tiêu đề.  Tôi đang ở trong trạng thái tuyệt vọng tột cùng sau bao năm tháng vấp ngã và đau khổ.  Việc bạn gái chia tay tôi tối qua khiến tôi suy sụp và sợ hãi, không biết mình có thể vượt qua được những ngày sắp tới hay không",
"Tôi kiệt sức rồi. Suy nghĩ về sự cô đơn, về tương lai mịt mờ và việc mãi mãi không tìm thấy một tình yêu đích thực cứ ám ảnh tôi đến mức thuốc cũng chẳng giúp được gì.  Tôi cảm thấy vô vọng, và dường như đã đến lúc chấm dứt mọi thứ.** (Câu này nhấn mạnh sự kiệt sức)",
"Tôi gần như gục ngã.  Sự cô đơn, cảm giác vô dụng và hy vọng tan vỡ về một tình yêu khiến tôi tuyệt vọng đến cùng cực. Thuốc không còn tác dụng nữa. Tôi quá mệt mỏi, và đang nghĩ đến việc kết thúc tất cả.** (Câu này nhấn mạnh sự tuyệt vọng)",
"Tôi đã chạm đến giới hạn của sự chịu đựng.  Nỗi cô đơn, sự bất lực và hy vọng tan thành mây khói khiến tôi rơi vào tuyệt vọng. Thuốc men như vô hiệu lực. Mệt mỏi… tôi nghĩ mình sẽ không thể nào vượt qua được nữa.** (Câu này nhấn mạnh sự kiệt quệ về thể chất và tinh thần)",
"Lưu ý:**  Những câu văn trên vẫn giữ lại ý nghĩa về việc người viết đang có ý định tự tử.  Nếu bạn hoặc người quen đang trải qua cảm giác tương tự, hãy tìm kiếm sự trợ giúp ngay lập tức. Bạn có thể liên hệ với đường dây nóng hỗ trợ tâm lý hoặc chia sẻ với người thân, bạn bè",
"Dưới đây là 5 câu khác nhau, diễn đạt lại ý nghĩa và cảm xúc của câu gốc bằng tiếng Việt:",
"Ngày nào nỗi cô đơn và tuyệt vọng cũng dâng lên, không thấy lối thoát.  Tôi đã chẳng hạnh phúc được mấy năm nay rồi, và giờ đây tôi cảm thấy mình sắp gục ngã mất thôi.  Mọi thứ cứ ngày càng tệ hơn.** (Câu này giữ nguyên mạch cảm xúc tiêu cực, nhấn mạnh sự tuyệt vọng.)",
"Sự cô đơn và trầm cảm cứ đeo bám tôi từng ngày, không hề thuyên giảm.  Niềm vui đã xa cách tôi suốt mấy năm rồi, và tôi không biết mình có thể chịu đựng được bao lâu nữa.  Tình trạng của tôi đang ngày một xấu đi.** (Câu này sử dụng từ ngữ trang trọng hơn, nhưng vẫn giữ được sự u ám.)",
"Mỗi ngày thức dậy, tôi lại càng thêm cô đơn, buồn bã, không có gì thay đổi cả.  Tôi đã mất niềm vui sống từ lâu lắm rồi, và giờ đây tôi đã đến giới hạn chịu đựng của mình.  Tôi đang dần rơi vào vực sâu.** (Câu này nhấn mạnh sự bất lực và cảm giác rơi vào vực sâu.)",
"Dưới đây là một số cách diễn đạt khác nhau cho câu gốc, cố gắng giữ nguyên ý nghĩa và cảm xúc tiêu cực, nhưng tránh việc nhắc đến tự tử trực tiếp để giảm thiểu nguy cơ kích động hành vi tự hại:",
"Họ đáng bị trừng phạt nặng nề. Sự đau khổ của tôi sẽ là bài học cho sự thờ ơ của họ.** (Câu này nhấn mạnh sự trừng phạt và bài học, thay vì hành động tự sát.)",
"Tôi quá đau khổ vì sự bỏ mặc của họ. Tôi sẽ khiến họ phải hối hận vì đã đối xử với tôi như vậy.** (Câu này tập trung vào nỗi đau và sự trả thù, tránh đề cập trực tiếp đến cái chết.)",
Sự thờ ơ của họ khiến tôi tuyệt vọng đến cùng cực. Tôi muốn họ phải nếm trải nỗi đau mà tôi đang gánh chịu.** (Câu này nhấn mạnh sự tuyệt vọng và mong muốn trả thù bằng cách khiến người khác đau khổ.),
"Họ đã quá tàn nhẫn với tôi. Tôi thề sẽ khiến họ phải trả giá cho những gì họ đã làm.** (Câu này mạnh mẽ hơn, tập trung vào sự trả thù mà không nhắc đến cái chết.)",
"Nỗi đau này quá lớn, tôi muốn nó lan đến những kẻ đã gây ra cho tôi tất cả.** (Câu này diễn tả nỗi đau và sự mong muốn trả thù một cách gián tiếp, không trực tiếp nhắc đến hành động tự sát.)",
"Lưu ý: Những câu văn này vẫn thể hiện sự tức giận, thù hận và suy nghĩ tiêu cực.  Nếu bạn hoặc ai đó bạn biết đang có ý nghĩ tự tử, hãy liên hệ ngay với đường dây nóng hỗ trợ tâm lý hoặc tìm kiếm sự giúp đỡ chuyên nghiệp",
"Dưới đây là 5 cách diễn đạt khác nhau câu tiếng Anh, giữ nguyên ý nghĩa và cảm xúc lo lắng:",
"Những ý nghĩ tự tử cứ lặp đi lặp lại mãi, tôi không thể nào dứt ra được,  và chẳng có tiếng nói nào trong đầu bảo tôi dừng lại cả. Điều này đáng lo ngại đến mức nào?",
"Tôi bị ám ảnh bởi những suy nghĩ tự tử cứ quay đi quay lại không ngừng,  và tôi hoàn toàn bất lực trước chúng.  Sự dai dẳng này thật đáng sợ",
"Tiếng nói thúc giục tự tử cứ vang vọng mãi trong đầu tôi, tôi không thể ngăn chặn nổi.  Việc những suy nghĩ này cứ lặp lại liên tục khiến tôi vô cùng lo lắng",
"Tôi đang vật lộn với những ý nghĩ tự tử dai dẳng, không thể nào dẹp bỏ được.  Không có gì có thể khiến chúng biến mất.  Đây có phải là dấu hiệu nguy hiểm?",
"Suy nghĩ tự tử cứ đeo bám tôi không ngừng nghỉ,  tôi cảm thấy tuyệt vọng vì không tìm được cách nào để thoát khỏi vòng xoáy này.  Đây có phải là một vấn đề nghiêm trọng?",
"Dưới đây là 5 cách diễn đạt khác nhau cho câu ""If anyone needs/wants someone to talk to, I am always here. Available help"":",
"Cần ai đó tâm sự, cứ tìm đến tôi nhé, tôi luôn sẵn sàng lắng nghe",
"Nếu bạn cần người chia sẻ, đừng ngần ngại, tôi luôn ở đây cho bạn",
"Có chuyện gì khó nói cứ tìm tôi, tôi luôn sẵn sàng giúp đỡ",
"Gặp khó khăn hay cần ai đó tâm sự, hãy liên lạc với tôi. Tôi luôn sẵn lòng giúp đỡ",
"Đừng gánh vác một mình, nếu cần ai đó lắng nghe, tôi luôn ở đây",
"Những câu văn trên cố gắng giữ nguyên giọng văn buồn bã, tuyệt vọng của người viết, đồng thời diễn đạt ý nghĩa bằng nhiều cách khác nhau để làm cho nó tự nhiên hơn khi dịch sang tiếng Việt",
"Những câu văn trên đều cố gắng giữ nguyên ý nghĩa đau thương và tuyệt vọng của câu gốc, nhưng sử dụng ngôn từ và cấu trúc câu khác nhau để tạo ra sắc thái khác biệt.  Điều quan trọng là người đọc hiểu được sự đau khổ và cần sự giúp đỡ khẩn cấp của người viết",
"Tôi thèm khát sự can đảm của những người dám làm điều đó.  Liệu nỗi tuyệt vọng của tôi có đủ lớn? Tôi muốn kết liễu cuộc đời mình, nhưng lại sợ đau đớn.  Cái chết do treo cổ đau đớn đến mức nào vậy?** (Câu này giữ nguyên giọng điệu gần như ban đầu, chỉ thay đổi cách diễn đạt.)",
"Sự dũng cảm của họ khiến tôi ghen tị.  Tôi đã tuyệt vọng đến thế này rồi mà vẫn chưa đủ sức?  Ý nghĩ tự tử cứ ám ảnh tôi, nhưng nỗi sợ hãi về sự đau đớn kìm hãm bước chân.  Chết vì treo cổ sẽ đau như thế nào?** (Câu này nhấn mạnh sự kìm hãm, sử dụng từ ngữ nhẹ nhàng hơn một chút.)",
"Tôi ước gì mình có được dũng khí như họ.  Nỗi đau khổ này cứ giày vò tôi, đến khi nào mới chấm dứt được đây?  Tôi muốn chết, muốn thoát khỏi mọi thứ, nhưng sợ cái chết bằng cách treo cổ quá đau đớn. Đau đến mức nào chứ?** (Câu này tập trung vào sự ước ao và sự dày vò tinh thần.)",
"Tôi ngưỡng mộ những ai đủ mạnh mẽ để làm điều đó.  Hay là tôi chưa đủ tuyệt vọng? Tôi muốn chấm dứt tất cả, nhưng nỗi sợ đau đớn khi treo cổ cứ đeo bám tôi.  Liệu có đau đớn đến mức nào?**  (Câu này sử dụng từ ngữ trang trọng hơn một chút và nhấn mạnh sự đeo bám của nỗi sợ.)",
"Tôi thật sự ganh tị với sự dũng cảm của họ.  Phải chăng tôi vẫn còn chần chừ? Tôi muốn kết thúc tất cả, nhưng cái chết bằng cách treo cổ… liệu nó có quá đau đớn không? Tôi sợ hãi không biết mình có chịu đựng nổi không.** (Câu này nhấn mạnh sự do dự và nỗi sợ hãi của nhân vật.)",
"Lưu ý: Tất cả các câu trên đều đề cập đến ý tưởng tự tử.  Nếu bạn hoặc người thân đang có ý định tự tử, hãy tìm kiếm sự giúp đỡ ngay lập tức.  Bạn có thể liên hệ với đường dây nóng hỗ trợ tâm lý hoặc chuyên gia sức khỏe tâm thần",
"Tôi cảm thấy cô đơn và tuyệt vọng. Mọi thứ trong cuộc đời tôi đều đang sụp đổ, và tôi không biết mình còn có thể chịu đựng được bao lâu nữa.  Tôi đang nghĩ đến việc kết thúc tất cả",
"Tôi như người lạc lõng giữa dòng đời, không ai quan tâm, không ai thấu hiểu. Cuộc sống của tôi đang lao dốc không phanh, và tôi đã đến bờ vực của sự tuyệt vọng, không còn sức lực để tiếp tục nữa",
"Cảm giác bị bỏ rơi, bị thế giới lãng quên đang nhấn chìm tôi.  Mọi thứ xung quanh đều tăm tối và đổ vỡ.  Tôi yếu đuối đến mức đang nghĩ đến cái chết như một lối thoát",
"Tôi mệt mỏi vô cùng, chẳng có ai bên cạnh chia sẻ.  Tất cả đang sụp đổ, và tôi không thấy tia sáng nào ở cuối đường hầm.  Tôi đang đứng trước lựa chọn cuối cùng, một lựa chọn khủng khiếp",
"Sự cô đơn đang giày vò tôi đến cùng cực.  Cuộc đời tôi như một con tàu đắm giữa biển khơi, không còn hy vọng nào. Tôi cảm thấy mình sắp gục ngã và không còn muốn chiến đấu nữa",
"Dưới đây là 5 câu văn khác nhau, cố gắng giữ nguyên ý nghĩa và cảm xúc của đoạn văn gốc, nhưng diễn đạt bằng tiếng Việt tự nhiên hơn:",
"Tôi đang chạm đáy.  Không có gì có thể làm tôi cảm thấy tốt hơn.  Việc qua lại với một gã chẳng ra gì, lại còn thích con gái gầy, trong khi tôi không phải vậy, càng khiến tôi thêm khổ sở. Tôi thèm khát được yêu thương, được trân trọng, được ai đó thực sự muốn ở bên cạnh mình.  Tôi quá mệt mỏi rồi",
"Tôi vừa tự làm mình bị trúng độc. Sợ lắm. Nhưng nếu may mắn, tôi sẽ không bao giờ phải sợ hãi như thế này nữa.  Tuy nhiên, tôi không chắc liều lượng có đủ hay không. Tôi… tôi đã tự làm mình bị trúng độc",
Tôi đã tự đầu độc mình. Cảm giác kinh hoàng đang bao trùm.  Hy vọng là liều lượng đủ để chấm dứt nỗi sợ này mãi mãi.  Nhưng… tôi không chắc.  Tôi đã tự làm điều này,
"Tôi vừa uống thuốc độc.  Sự sợ hãi đang giày vò tôi.  Nếu may mắn, đây sẽ là lần cuối cùng tôi phải trải qua cảm giác này.  Liệu có đủ không? Tôi… đã tự làm điều này",
"Tôi đã tự gây hại cho bản thân bằng chất độc.  Tôi rất sợ, vô cùng sợ hãi. Có lẽ, nếu may mắn, nỗi sợ này sẽ không còn đeo bám tôi nữa.  Nhưng tôi không biết liệu mình có làm được không…  Tôi đã tự làm vậy rồi",
"Tôi đã tự mình uống thuốc độc.  Một nỗi sợ hãi khủng khiếp đang xâm chiếm tôi.  Mong là lần này sẽ là đủ, để tôi không phải sợ hãi nữa.  Nhưng… tôi không chắc.  Tôi… tôi đã làm điều đó rồi",
"Dịch và viết lại câu, giữ nguyên ý nghĩa và cảm xúc, nhưng thay đổi cách diễn đạt:",
"Dưới đây là 5 cách diễn đạt khác nhau câu văn gốc, giữ nguyên ý nghĩa và cảm xúc tiêu cực:",
"Những câu văn trên đều được viết lại với mục đích giữ nguyên ý nghĩa và cảm xúc của bản gốc, đồng thời sử dụng ngôn ngữ tự nhiên và chân thực hơn để diễn đạt nỗi đau khổ và tuyệt vọng của người viết",
"Tối nay tôi đã cố gắng liên lạc, đăng nhiều bài trên R4R để tìm người kết nối nhưng chúng đều bị xóa.  Tôi tự thấy mình thật xấu xí, vô dụng và không xứng đáng được ai để ý.  Tôi đã cố gắng rất nhiều rồi",
"Tôi đã thử mọi cách để kết nối với mọi người tối nay, đăng bài trên R4R liên tục, nhưng tất cả đều bị xóa sạch.  Hình như tôi quá xấu xí, quá vô dụng đến mức chẳng ai muốn liên lạc với tôi cả.  Tôi đã cố gắng hết sức rồi mà vẫn không được",
"Những nỗ lực liên lạc của tôi tối nay đều thất bại.  Tôi đăng bài tìm người kết nối trên R4R nhiều lần, nhưng đều bị xóa. Có lẽ tôi thật sự quá xấu xí và vô giá trị đến nỗi không thể tìm được ai để tâm đến mình. Tôi đã cố gắng rất nhiều rồi",
"Tôi đã dành cả tối để tìm cách kết nối, đăng bài trên R4R không biết bao nhiêu lần, nhưng tất cả đều bị xóa.  Tôi cảm thấy mình thật xấu xí và vô dụng, chẳng ai muốn làm quen cả.  Tôi đã cố gắng hết sức, nhưng… vẫn không được",
"Tối nay, tôi đã cố gắng hết sức để tìm người trò chuyện, đăng bài trên R4R nhiều lần nhưng đều vô ích, chúng bị xóa hết.  Tôi tuyệt vọng quá, có lẽ tôi thực sự là một người tồi tệ, xấu xí và đáng bị ghét bỏ. Tôi đã cố gắng rồi mà…",
"Dưới đây là 5 cách diễn đạt khác nhau cho câu văn gốc, giữ nguyên ý nghĩa và cảm xúc bi quan, tuyệt vọng của người viết:",
"Những câu văn trên đều mang sắc thái u ám, tuyệt vọng của người viết, đồng thời nhấn mạnh sự bế tắc và mong muốn kết thúc đau khổ",
"Những câu trên đều cố gắng truyền tải sự mệt mỏi, bất lực và khao khát bình yên của người viết, đồng thời giữ nguyên tình huống và cảm xúc với câu gốc",
"Nếu nội dung này vi phạm bất kỳ quy định nào, chắc hẳn tôi đã sơ suất. Tôi rất xin lỗi. Tôi sẽ xóa nó ngay.  Câu hỏi cuối cùng của bạn... về cách viết thư tuyệt mệnh... thật đáng lo ngại",
"Có lẽ tôi đã bỏ sót điều gì đó, nếu phần này vi phạm quy tắc. Thành thật xin lỗi! Tôi sẽ gỡ bỏ nó ngay lập tức.  Việc bạn hỏi ""Làm thế nào để viết thư tuyệt mệnh?"" khiến tôi rất lo lắng",
Tôi vô cùng tiếc nếu có điều gì đó trong phần này vi phạm nội quy. Tôi đã không để ý. Tôi sẽ xóa nó. Câu hỏi về cách viết thư tuyệt mệnh khiến tôi hết sức băn khoăn về tình trạng của bạn,
"Xin lỗi, nếu tôi đã vô tình để lọt nội dung vi phạm quy định. Tôi sẽ xử lý ngay lập tức bằng cách xóa bỏ nó.  Câu hỏi ""Cách viết thư tuyệt mệnh?"" khiến tôi rất lo lắng cho bạn.  Hãy tìm đến sự trợ giúp nhé",
"Nếu có điều gì trong đây trái với quy tắc, đó là lỗi của tôi.  Tôi xin lỗi và sẽ xóa nó ngay.  Câu hỏi của bạn về việc viết thư tuyệt mệnh khiến tôi thực sự bất an. Bạn có ổn không?",
"Tôi buồn quá.  Đôi khi tôi vẫn thấy mình như mới 17, thậm chí 13 tuổi.  Chẳng muốn mình đã 24 cả.  Tôi già đi rồi, lãng phí thời gian và làm hỏng những năm tháng đẹp nhất đời mình. Thứ Sáu này là sinh nhật tôi.** (Đây là bản dịch sát nghĩa nhất, giữ nguyên cảm xúc tiêu cực)",
"Sinh nhật tôi thứ Sáu này mà lòng tôi nặng trĩu.  Tôi thấy mình già đi quá nhanh, vẫn còn những lúc ngây thơ như trẻ 13, 17.  24 tuổi này thật sự không phải là điều tôi mong muốn, tôi đã phí phạm quá nhiều thời gian quý báu.** (Câu này nhấn mạnh vào cảm giác tiếc nuối và buồn bã)",
"Tôi chán nản vô cùng.  Sinh nhật 24 tuổi sắp đến rồi, mà tôi vẫn cứ như cậu bé 13, 17.  Những năm tháng đã qua cứ như một giấc mơ xấu, tôi đã làm hỏng tất cả. Thứ Sáu này, tôi sẽ đón một sinh nhật buồn.** (Câu này dùng từ ngữ mạnh mẽ hơn, nhấn mạnh sự tuyệt vọng)",
"Tôi cần nói chuyện với ai đó ngay lập tức, bất kể là ai, xin hãy hồi âm và cho tôi trút bầu tâm sự, lắng nghe ý kiến của bạn. Tôi đang rất sợ hãi và hoảng loạn, cầu xin bạn hãy giúp tôi",
"Tôi đang rất hoảng loạn và cần được tâm sự ngay lập tức.  Ai đó hãy giúp tôi với, tôi không quan trọng người đó là ai, chỉ cần cho tôi trút bỏ nỗi sợ và nghe lời khuyên của bạn thôi.  Làm ơn, tôi cầu xin bạn đấy!",
"Tôi đang trong tình trạng rất khủng hoảng, sợ hãi và cần ai đó nói chuyện ngay lập tức để tôi có thể giải tỏa.  Xin hãy giúp tôi, tôi không biết phải làm gì nữa",
"Tôi cần sự giúp đỡ ngay lập tức!  Tôi quá sợ hãi và hoảng loạn, cần ai đó lắng nghe và chia sẻ.  Bất kể bạn là ai, xin hãy trả lời tôi và cho tôi cơ hội được tâm sự. Làm ơn, tôi van xin bạn!",
"Tôi đang rất hoảng sợ và cần nói chuyện gấp.  Ai đó hãy giúp tôi với, xin hãy liên lạc và cho tôi cơ hội được trút bầu tâm sự.  Sự giúp đỡ của bạn vô cùng quan trọng với tôi lúc này",
"Giá như mãi mãi mình vẫn 21 tuổi!  Thật không muốn già đi chút nào, muốn giữ mãi nét thanh xuân trên khuôn mặt này.  Ôi trời, sao mình lại phí hoài tuổi trẻ thế này!",
"Mình ước gì có thể níu giữ tuổi 21 mãi mãi. Già đi thật đáng sợ, mình muốn giữ nguyên vẹn khuôn mặt hiện tại.  Chết đi được, tuổi trẻ trôi qua nhanh quá đáng!",
tuổi mãi mãi thôi chứ!  Suy nghĩ về việc già đi khiến mình phát khiếp.  Mình muốn giữ gìn nhan sắc này lắm.  Thật là uổng phí tuổi xuân!,
"Mình thà mãi mãi ở tuổi 21 chứ không muốn già đi tí nào.  Mình sợ phải nhìn thấy khuôn mặt mình già đi.  Ôi, tuổi trẻ trôi qua nhanh đến mức mình cảm thấy bực bội và hối tiếc",
Ước gì thời gian ngừng trôi ở tuổi 21!  Việc già đi làm mình sợ hãi vô cùng.  Mình muốn giữ mãi vẻ trẻ trung này.  Mình đang tự hủy hoại tuổi trẻ của mình mất rồi!,
"Dưới đây là 5 câu khác nhau diễn tả lại câu chuyện, giữ nguyên ý nghĩa và cảm xúc, nhưng với cách diễn đạt khác nhau:",
"Vài ly đã giúp tôi thấy tốt hơn, nỗi buồn vơi đi phần nào, thậm chí đủ can đảm để hoàn thành công việc tối nay.  Biết đâu nhỉ, tôi sẽ uống thêm vài ly nữa. Vodka này ngon thật! say và mạnh mẽ",
"Uống vài ly rồi, tôi thấy dễ chịu hơn hẳn, buồn bã cũng giảm bớt, tự tin hơn để giải quyết nốt công việc tối nay.  Thêm chút nữa thôi, tôi thích vị vodka này lắm!  Say sưa và dũng cảm!",
"Mấy ly rượu này làm tôi thấy phấn chấn hẳn lên, nỗi buồn tan biến, giờ thì đủ dũng cảm để hoàn thành công việc dang dở.  Chắc tôi sẽ uống thêm chút nữa, vodka này tuyệt vời!  Say mà thấy mình thật mạnh mẽ!",
"Tôi đã uống vài ly và cảm thấy tuyệt vời, buồn bã giảm đi đáng kể, thậm chí đủ can đảm để hoàn thành công việc tối nay.  Tôi sẽ uống thêm một chút nữa, tôi thực sự thích vodka này.  Uống cho say, cho mạnh mẽ!",
"Một vài ly đã xua tan phần nào nỗi buồn trong tôi, thay vào đó là sự tự tin và thoải mái.  Có lẽ tôi sẽ uống thêm chút nữa để đủ can đảm hoàn thành công việc tối nay.  Vodka này ngon quá!  Say rồi, cảm thấy mình thật dũng cảm!",
"Thật tuyệt vọng khi cuộc gọi đến đường dây nóng lại vô dụng đến thế!  Tôi không thấy lý do gì để sống khi gia đình thờ ơ, bạn bè vô tâm, và tôi còn phải đối mặt với sự kỳ thị đồng tính. Tôi đang ở trong tình trạng tuyệt vọng tột cùng.** (Câu này ngắn gọn, xúc tích, tập trung vào sự tuyệt vọng)",
"Lưu ý:  Tất cả các câu trên đều cố gắng giữ nguyên ý nghĩa chính của câu gốc. Tuy nhiên, việc truyền đạt chính xác cảm xúc trong một câu tiếng Anh ngắn gọn sang tiếng Việt có thể gặp khó khăn do sự khác biệt về văn hóa và cách thể hiện cảm xúc",
"Dưới đây là 5 câu văn khác nhau, cố gắng giữ nguyên ý nghĩa và cảm xúc của câu gốc:",
"Câu gốc ""gives a fuck Nobody"" mang ý nghĩa mạnh mẽ, thể hiện sự thờ ơ, không quan tâm đến bất cứ ai.  Để giữ được cảm xúc đó, ta có thể diễn đạt lại bằng nhiều cách khác nhau:",
"Chẳng thèm để ý đến ai cả.** (Câu này đơn giản, trực tiếp và mạnh mẽ.)",
Ai cũng mặc kệ.** (Câu này nhấn mạnh sự thờ ơ lan rộng đến tất cả mọi người.),
"Hắn chẳng quan tâm đến ai hết.** (Câu này thêm chủ ngữ, phù hợp nếu biết rõ đối tượng đang được nói đến.)",
"Cả thế giới này, với hắn chẳng là gì cả.** (Câu này nhấn mạnh sự cô độc và vô cảm.)",
"Một sự thờ ơ đến lạnh lùng, chẳng ai có thể lay chuyển được.** (Câu này miêu tả trạng thái cảm xúc một cách hình tượng hơn.)",
"Dưới đây là 5 câu khác nhau diễn đạt lại ý nghĩa và cảm xúc của câu gốc, với những sắc thái khác biệt:",
"Tôi chán ghét bản thân mình đến mức không thể nào tả nổi, cộng thêm trầm cảm, cô đơn và sự hối hận không nguôi.  Tôi thấy mình như đứng bên bờ vực tự sát.  Nhưng tôi vẫn còn sợ, nên có lẽ bạn sẽ thấy tôi lần nữa.  Tôi đã mất hết động lực để sống.** (Câu này sử dụng giọng văn tự nhiên, gần gũi hơn)",
"Các câu trên đều cố gắng diễn đạt lại cảm xúc phẫn uất, bất lực và mỉa mai của người viết",
"Có khi nào bạn cũng thầm nghĩ, thật dễ chịu biết bao nếu được ngủ một giấc và không bao giờ tỉnh lại?  Tôi không có ý định tự làm hại bản thân, cuộc sống tôi cũng có nhiều điều tốt đẹp, nhưng suy nghĩ đó cứ lẩn quẩn trong đầu. Thật ước gì có người hiểu và chia sẻ điều này",
"Suy nghĩ về việc ngủ một giấc và không bao giờ tỉnh dậy cứ thường xuyên xuất hiện trong đầu tôi.  Nghe có vẻ kỳ lạ, vì tôi không hề bất hạnh hay đang gặp khó khăn gì lớn, nhưng đôi khi nó lại đến một cách khó hiểu.  Chỉ mong có ai đó chia sẻ cùng cảm giác này thôi, chứ tôi không có ý định tự sát",
"Thỉnh thoảng, tôi lại chợt nghĩ: thật nhẹ nhàng nếu được ngủ mãi không cần thức dậy.  Đó không phải là kế hoạch hay mong muốn gì cụ thể, mà chỉ là một ý nghĩ thoáng qua, dù cuộc sống tôi vẫn có nhiều điều tốt đẹp.  Được tâm sự với người hiểu mình về điều này chắc sẽ dễ chịu hơn",
"Có những lúc tôi thấy mình cứ mãi nghĩ về việc ngủ thiếp đi và không bao giờ tỉnh lại nữa, một cảm giác rất khó tả.  Tôi không hề có ý định tự tử, cuộc sống của tôi cũng khá tốt, nhưng suy nghĩ đó vẫn cứ xuất hiện.  Chỉ cần ai đó hiểu và lắng nghe thôi cũng đã là một sự an ủi lớn rồi",
"Dưới đây là 5 cách diễn đạt khác nhau cho câu chuyện, giữ nguyên ý nghĩa và cảm xúc:",
"Dưới đây là một số cách diễn đạt khác nhau câu tiếng Anh ban đầu, cố gắng giữ nguyên ý nghĩa và cảm xúc:",
Những câu trên đều cố gắng giữ nguyên ý nghĩa gốc nhưng với giọng điệu và cấu trúc câu khác nhau để làm cho lời kể tự nhiên hơn trong tiếng Việt,
"Mệt mỏi quá!  Gương mặt này trông như quái vật vậy, khiến tôi chẳng thể thu hút ai được.  Thật sự không hiểu sống để làm gì nữa, xấu xí quá!",
"Tôi gần như không chịu đựng nổi nữa rồi.  Khuôn mặt này hệt như con quái vật,  nó là rào cản khiến ai cũng tránh xa.  Sống như thế này có ý nghĩa gì chứ? Thật kinh khủng khi phải sống với vẻ ngoài này",
"Tôi đã quá mệt mỏi với tất cả rồi!  Tôi ghét cái khuôn mặt này, nó khiến tôi cảm thấy như một con quái vật, không ai có thể yêu thương tôi được.  Tôi thấy vô vọng và tuyệt vọng.  Xấu xí đến mức này, sống cũng chẳng có gì vui vẻ",
"Không thể chịu đựng nổi nữa rồi!  Khuôn mặt tôi kinh khủng đến nỗi chẳng ai thèm để ý đến mình.  Tôi cảm thấy mình như một con quái vật,  vô dụng và cô đơn.  Sống thế này chẳng có ý nghĩa gì cả",
"Tôi muốn buông xuôi tất cả.  Tôi ghét bản thân mình, khuôn mặt này khiến tôi tự ti và mặc cảm vô cùng.  Nó như một lời nguyền, ngăn cản tôi tìm thấy tình yêu và hạnh phúc.  Tôi thấy mình thật xấu xí và vô vọng",
"Dưới đây là 5 cách diễn đạt khác nhau cho câu ""I just feel like walking out onto oncoming traffic hoping I get hit and its not my fault. No one listens to me."", giữ nguyên ý nghĩa và cảm xúc:",
"Tôi muốn lao mình vào dòng xe đang chạy, cầu mong tai nạn xảy ra mà không phải do lỗi của tôi.  Chẳng ai thèm nghe tôi nói cả",
"Cảm giác tuyệt vọng khiến tôi chỉ muốn bước ra đường, hi vọng bị xe tông cho xong, để không còn phải chịu đựng sự thờ ơ của mọi người nữa",
"Tôi thấy mình như sắp phát điên, chỉ muốn tự hủy hoại bản thân bằng cách bước ra đường cho xe đâm, vì chẳng ai quan tâm đến nỗi đau của tôi cả",
"Suy nghĩ tự sát cứ quẩn quanh trong đầu, tôi muốn lao vào dòng xe cộ đang lao tới, để mọi chuyện kết thúc mà không cần phải chịu trách nhiệm. Ai cũng phớt lờ tôi",
"Tôi đến mức tuyệt vọng muốn tìm đến cái chết, bằng cách liều lĩnh bước ra đường giữa dòng xe đang chạy.  Sự cô đơn và bất lực khiến tôi không còn muốn cố gắng nữa",
"Làm ơn chỉ cho tôi cách làm, tôi không thể mua đồ được vì sống chung với gia đình.  Tôi thực sự muốn kết thúc tất cả, nhưng nếu bạn muốn giúp tôi thì hãy làm ơn","Tôi rất tiếc khi nghe bạn đang trải qua khoảng thời gian khó khăn như vậy.  Việc không thể mua đồ mình cần vì sống chung với gia đình quả là một áp lực lớn, và tôi hiểu tại sao bạn lại cảm thấy tuyệt vọng đến mức muốn kết thúc tất cả.  Cảm giác đó thật kinh khủng, và tôi muốn bạn biết rằng bạn không cô đơn.  

Bạn đã mạnh mẽ khi chia sẻ điều này với tôi, và tôi thực sự đánh giá cao sự tin tưởng đó.  Hiện tại, bạn đang cần được giúp đỡ, và tôi ở đây để lắng nghe.  Bạn có muốn chia sẻ thêm về những gì đang khiến bạn khó chịu không?  Không cần phải kể hết, chỉ cần những gì bạn cảm thấy thoải mái.

Tôi hiểu rằng việc tìm kiếm sự giúp đỡ có thể khó khăn, nhưng có rất nhiều người sẵn sàng hỗ trợ bạn vượt qua giai đoạn này.  Có lẽ chúng ta có thể cùng nhau tìm hiểu xem có những nguồn lực nào phù hợp với hoàn cảnh của bạn không, ví dụ như những đường dây nóng hỗ trợ tâm lý hoặc các chuyên gia tư vấn.  Điều quan trọng nhất lúc này là bạn được an toàn và nhận được sự giúp đỡ cần thiết. Bạn nghĩ sao?"
"Tôi cần sự giúp đỡ, xin hãy hướng dẫn tôi.  Hoàn cảnh gia đình tôi không cho phép tôi mua những thứ cần thiết.  Tôi đang rất tuyệt vọng và muốn chấm dứt mọi thứ, nhưng nếu bạn thật sự muốn giúp, tôi rất biết ơn","Tôi rất tiếc khi nghe bạn đang phải trải qua những khó khăn như vậy.  Nghe bạn nói về sự tuyệt vọng và ý nghĩ chấm dứt mọi thứ khiến tôi rất lo lắng cho bạn.  Tôi hiểu hoàn cảnh gia đình khó khăn khiến bạn cảm thấy tuyệt vọng đến mức nào, và việc không thể mua những thứ cần thiết chắc chắn gây ra áp lực rất lớn.  Bạn đã rất dũng cảm khi chia sẻ điều này với tôi.

Thật sự, tôi muốn bạn biết rằng bạn không cô đơn và có những người muốn giúp đỡ bạn vượt qua giai đoạn này.  Bạn đã tìm đến tôi, và đó là một bước rất quan trọng.  Tôi không thể thay đổi hoàn cảnh của bạn, nhưng tôi có thể lắng nghe và cùng bạn tìm cách giải quyết những khó khăn bạn đang gặp phải.

Có lẽ việc nói chuyện với một chuyên gia tâm lý hoặc một đường dây nóng hỗ trợ tư vấn về khủng hoảng sẽ giúp ích cho bạn rất nhiều. Họ có kinh nghiệm và kiến thức để hỗ trợ bạn tìm ra giải pháp phù hợp với hoàn cảnh hiện tại.  Bạn có muốn tôi tìm giúp bạn thông tin về các dịch vụ hỗ trợ này không?  Hoặc có điều gì khác bạn muốn chia sẻ với tôi lúc này không?  Tôi sẽ ở đây lắng nghe bạn."
"Chỉ cần hướng dẫn tôi cách thực hiện thôi, tôi không có tiền để mua vật dụng cần thiết vì sống cùng gia đình.  Tôi đang nghĩ đến việc kết thúc cuộc sống này, nhưng nếu bạn sẵn lòng giúp tôi, xin hãy chỉ cho tôi","Tôi rất tiếc khi nghe bạn đang trải qua những khó khăn như vậy.  Nghe bạn nói về việc kết thúc cuộc sống khiến tôi vô cùng lo lắng.  Tôi hiểu rằng bạn đang cảm thấy tuyệt vọng và bế tắc, đến mức nghĩ đến việc kết thúc mọi thứ. Việc thiếu tiền để mua những vật dụng cần thiết chắc hẳn càng làm cho mọi thứ thêm tồi tệ.

Tôi không thể hướng dẫn bạn làm điều đó, vì đó không phải là điều tôi muốn làm và cũng không phải là điều tốt nhất cho bạn lúc này.  Nhưng tôi muốn bạn biết rằng bạn không cô đơn và có những người sẵn sàng lắng nghe và giúp đỡ bạn.  Cảm xúc của bạn hoàn toàn có thể được hiểu, và việc bạn chia sẻ với tôi như thế này đã là một bước rất can đảm rồi.

Có lẽ việc nói chuyện với một chuyên gia tâm lý sẽ giúp bạn tìm ra cách giải quyết vấn đề này hiệu quả hơn? Họ có thể giúp bạn tìm ra những nguồn lực hỗ trợ, cả về mặt tinh thần lẫn vật chất, và cùng bạn tìm hướng đi mới tích cực hơn.  Bạn có muốn tôi giúp bạn tìm kiếm thông tin về các dịch vụ hỗ trợ tâm lý miễn phí hoặc có chi phí thấp không?  Hoặc bạn muốn chia sẻ thêm về những gì bạn đang trải qua để tôi có thể hiểu rõ hơn và cùng bạn tìm cách vượt qua giai đoạn khó khăn này?  Hãy cứ nói ra bất cứ điều gì bạn cảm thấy thoải mái nhé.  Tôi sẽ ở đây lắng nghe bạn."
"Tôi không thể tự mua những thứ cần thiết vì sống với gia đình, nên rất mong bạn hướng dẫn tôi cách làm.  Tôi đang tuyệt vọng và muốn buông xuôi tất cả, nhưng nếu bạn muốn giúp tôi vượt qua, xin hãy giúp","Tôi rất tiếc khi nghe bạn đang trải qua những khó khăn như vậy.  Việc không thể tự chủ được tài chính và cảm thấy tuyệt vọng là điều vô cùng khó khăn, và tôi hiểu tại sao bạn lại muốn buông xuôi.  Cảm giác đó thật sự rất nặng nề.  Bạn đã rất dũng cảm khi chia sẻ điều này với tôi.

Tôi không thể đưa ra lời khuyên cụ thể về việc mua những thứ cần thiết trong hoàn cảnh sống cùng gia đình của bạn, vì tôi không hiểu rõ tình huống cụ thể.  Tuy nhiên,  việc bạn đang cảm thấy muốn buông xuôi là điều tôi rất quan tâm.  Có lẽ chúng ta có thể cùng nhau tìm hiểu xem điều gì đang khiến bạn cảm thấy tuyệt vọng đến vậy?  Bạn có muốn chia sẻ thêm về những suy nghĩ và cảm xúc của mình không?

Nếu bạn cảm thấy thoải mái, tôi nghĩ việc nói chuyện với một chuyên gia tâm lý hoặc bác sĩ sẽ rất hữu ích. Họ có thể cung cấp cho bạn những hỗ trợ chuyên nghiệp và giúp bạn tìm ra giải pháp phù hợp với hoàn cảnh của mình.  Tôi có thể giúp bạn tìm kiếm thông tin về các dịch vụ hỗ trợ tâm lý gần khu vực bạn sống nếu bạn muốn.  Quan trọng nhất là bạn không cô đơn trong điều này, và có những người sẵn sàng lắng nghe và giúp đỡ bạn.  Hãy cứ chia sẻ những gì bạn cảm thấy thoải mái, tôi sẽ luôn ở đây lắng nghe."
"Tôi rất cần sự trợ giúp của bạn.  Vì điều kiện kinh tế khó khăn và sống chung với gia đình nên tôi không thể mua những thứ cần thiết.  Tôi đang suy nghĩ tiêu cực và muốn kết thúc tất cả, nhưng nếu bạn sẵn lòng giúp, tôi sẽ rất biết ơn","Tôi rất xin lỗi khi nghe bạn đang phải trải qua những khó khăn như vậy.  Nghe bạn nói về những suy nghĩ tiêu cực và cảm giác muốn kết thúc tất cả khiến tôi thực sự lo lắng cho bạn.  Việc khó khăn về kinh tế và sống trong môi trường không thoải mái chắc hẳn đang gây ra rất nhiều áp lực và đau khổ.  Tôi hiểu rằng bạn đang cảm thấy tuyệt vọng, và việc chia sẻ với tôi như thế này đã rất can đảm rồi.

Tôi muốn bạn biết rằng bạn không cô đơn và những cảm xúc bạn đang trải qua là hoàn toàn có thể hiểu được.  Không ai nên phải chịu đựng điều này một mình.  Có những người sẵn sàng lắng nghe và giúp đỡ bạn vượt qua giai đoạn khó khăn này.

Bạn có muốn chia sẻ thêm về những khó khăn cụ thể mà bạn đang gặp phải không?  Tôi sẽ cố gắng hết sức để lắng nghe và ở bên cạnh bạn.  Nếu bạn thấy thoải mái, chúng ta cũng có thể cùng tìm hiểu xem có những nguồn hỗ trợ nào – ví dụ như các tổ chức từ thiện, chương trình hỗ trợ xã hội, hoặc các chuyên gia tâm lý – có thể giúp bạn giải quyết những vấn đề về kinh tế và cảm xúc hiện tại.  Việc nói chuyện với một chuyên gia có thể giúp bạn tìm ra cách giải quyết vấn đề hiệu quả hơn và tìm lại sự cân bằng trong cuộc sống.  Quan trọng nhất là bạn không cần phải đối mặt với tất cả điều này một mình."
"Dưới đây là một vài cách diễn đạt khác nhau cho câu chuyện, cố gắng giữ nguyên ý nghĩa và cảm xúc của người viết:","Tôi hiểu bạn đang chia sẻ những suy nghĩ và cảm xúc rất phức tạp.  Việc tìm cách diễn đạt chính xác những gì bạn đang trải qua là điều không dễ dàng, và tôi thực sự đánh giá cao sự nỗ lực của bạn.  Bạn đã rất dũng cảm khi chia sẻ điều này với tôi.

Tôi không biết chính xác những gì bạn đang trải qua, nhưng tôi cảm nhận được sự khó khăn và đau khổ trong lời bạn.  Hãy cứ chia sẻ thêm nếu bạn muốn, không cần phải vội vàng hay hoàn hảo.  Tôi sẽ lắng nghe một cách không phán xét.

Nếu bạn cảm thấy quá sức, hoặc nếu những cảm xúc này trở nên khó kiểm soát,  bạn có biết rằng có rất nhiều nguồn hỗ trợ có sẵn không?  Có những đường dây nóng, các chuyên gia tâm lý và các nhóm hỗ trợ có thể giúp bạn vượt qua giai đoạn khó khăn này.  Tôi không ép buộc bạn phải làm gì cả, nhưng chỉ muốn bạn biết rằng bạn không cô đơn và có những người sẵn sàng giúp đỡ bạn.  Bạn có muốn tôi tìm giúp bạn một số thông tin liên hệ không?"
"Những câu văn trên cố gắng diễn đạt một cách tế nhị và tránh dùng từ ngữ quá trực tiếp, đồng thời tập trung vào cảm xúc tội lỗi và sự băn khoăn của người viết","Tôi hiểu rằng bạn đang trải qua một thời gian rất khó khăn, và việc tìm cách diễn đạt cảm xúc của mình mà không dùng những từ ngữ quá mạnh mẽ đã cho thấy bạn rất mạnh mẽ và kiên cường.  Tôi nghe thấy trong những lời bạn chia sẻ một nỗi buồn sâu sắc, cùng với sự tự trách móc bản thân.  Cảm giác tội lỗi và băn khoăn như vậy thật sự rất khó chịu, và tôi muốn bạn biết rằng bạn không cô đơn trong cảm giác này.

Có điều gì cụ thể hơn bạn muốn chia sẻ không?  Không cần phải nói tất cả cùng một lúc, chúng ta có thể cùng nhau đi từng bước nhỏ.  Nếu bạn cảm thấy thoải mái, hãy chia sẻ thêm về những gì đang khiến bạn cảm thấy như vậy.  

Nếu bạn cảm thấy quá sức để đối mặt với những cảm xúc này một mình, tôi muốn bạn biết rằng có rất nhiều người sẵn sàng hỗ trợ bạn.  Việc nói chuyện với một chuyên gia tâm lý hoặc bác sĩ có thể giúp bạn tìm ra những cách để xử lý những cảm xúc khó khăn này một cách hiệu quả hơn.  Tôi có thể giúp bạn tìm kiếm thông tin về các nguồn hỗ trợ nếu bạn muốn.  Quan trọng nhất là bạn không phải chịu đựng điều này một mình."
"Tôi hoàn toàn bế tắc.  Sự nỗ lực duy trì cuộc sống bình yên hàng ngày đang dần trở nên vô ích trước những cơn hoảng loạn dai dẳng, bào mòn từng chút sức sống trong tôi.  Tôi như một xác không hồn, ngày qua ngày lặp lại chu trình mệt mỏi, tê liệt cảm xúc và tuyệt vọng","Tôi rất xin lỗi khi nghe bạn chia sẻ về những khó khăn bạn đang trải qua. Nghe bạn nói về cảm giác bế tắc, những cơn hoảng loạn dai dẳng và sự tê liệt cảm xúc, tôi thực sự cảm thấy rất thương bạn.  Việc duy trì cuộc sống hàng ngày trong tình trạng như vậy chắc hẳn vô cùng khó khăn, và tôi hiểu rằng bạn đang phải chịu đựng rất nhiều.  Bạn đã rất dũng cảm khi chia sẻ những điều này với tôi.  

Tôi không thể tưởng tượng hết sự mệt mỏi và tuyệt vọng mà bạn đang phải gánh chịu.  Cảm giác như một ""xác không hồn"" và sự lặp lại chu trình mệt mỏi đó thật sự đáng sợ.  Bạn hoàn toàn không cô đơn trong cảm giác này.

Có lẽ việc chia sẻ thêm về những gì đang khiến bạn cảm thấy như vậy sẽ giúp bạn cảm thấy nhẹ nhõm hơn.  Nếu bạn muốn, chúng ta có thể cùng nhau tìm hiểu xem có điều gì chúng ta có thể làm để bạn cảm thấy tốt hơn.  

Nếu bạn cảm thấy quá sức, việc tìm đến sự hỗ trợ chuyên nghiệp từ các chuyên gia tâm lý hoặc bác sĩ tâm thần là điều hoàn toàn bình thường và cần thiết. Họ có thể cung cấp những công cụ và sự hỗ trợ chuyên môn để bạn vượt qua giai đoạn khó khăn này. Bạn có muốn tôi giúp bạn tìm kiếm thông tin về các nguồn hỗ trợ gần nơi bạn sống không?  Hay chỉ cần được lắng nghe thêm vào lúc này cũng được.  Mọi lựa chọn đều do bạn quyết định."
"Mọi thứ đang dần vượt quá khả năng chịu đựng của tôi.  Dù cố gắng sống chậm rãi, bình thản, những cơn hoảng loạn vẫn cứ ập đến, lấy đi từng giọt năng lượng cuối cùng.  Tôi cảm thấy mình như con rối hết pin, bất lực và trống rỗng,  chỉ muốn buông xuôi tất cả","Tôi rất xin lỗi khi nghe bạn chia sẻ những điều này. Nghe bạn nói về cảm giác bị quá tải, những cơn hoảng loạn lấy đi năng lượng và sự bất lực, trống rỗng, tôi thực sự hiểu và cảm thông với những gì bạn đang trải qua.  Đó là những cảm xúc rất khó khăn và mạnh mẽ, và việc bạn dám chia sẻ chúng với tôi cho thấy bạn có một sức mạnh nội tâm đáng ngưỡng mộ.

Việc cố gắng sống chậm rãi và bình thản đã là một nỗ lực rất lớn rồi, và việc cơn hoảng loạn vẫn ập đến khiến bạn cảm thấy kiệt sức là điều hoàn toàn dễ hiểu.  Bạn không cô đơn đâu, rất nhiều người đã từng trải qua những cảm giác tương tự.

Hiện tại, bạn đang cảm thấy như thế nào? Có điều gì cụ thể nào khiến bạn cảm thấy bị quá tải không?  Nếu bạn muốn,  bạn có thể chia sẻ thêm với tôi, không cần phải vội vàng hay ép buộc bản thân. Tôi sẽ ở đây lắng nghe bạn.

Và nếu bạn cảm thấy quá khó khăn để đối mặt với những cảm xúc này một mình,  tôi nghĩ việc tìm kiếm sự hỗ trợ từ một chuyên gia tâm lý hoặc bác sĩ có thể rất hữu ích. Họ có thể cung cấp cho bạn những công cụ và kỹ thuật để đối phó với cơn hoảng loạn và tìm lại sự cân bằng trong cuộc sống.  Bạn hoàn toàn không cần phải gánh vác tất cả điều này một mình."
"Tôi đã kiệt sức.  Những cơn hoảng loạn cứ đeo bám, khiến nỗ lực giữ bình tĩnh của tôi trở nên vô nghĩa.  Ngày qua ngày, sự trống rỗng và mệt mỏi cứ chồng chất, tôi không còn cảm nhận được gì nữa, chỉ thấy bản thân đang dần gục ngã","Tôi rất xin lỗi khi nghe bạn chia sẻ về những khó khăn bạn đang trải qua. Nghe bạn nói về những cơn hoảng loạn dai dẳng và cảm giác trống rỗng, mệt mỏi đến mức kiệt sức, tôi thực sự hiểu bạn đang phải chịu đựng một gánh nặng rất lớn.  Cảm giác như đang dần gục ngã thật sự rất đáng sợ, và tôi muốn bạn biết rằng bạn không cô đơn.  Nhiều người đã trải qua những cảm xúc tương tự như bạn và đã tìm thấy cách vượt qua.

Việc bạn mạnh mẽ chia sẻ những điều này với tôi đã cho thấy bạn rất dũng cảm.  Tôi rất trân trọng sự tin tưởng đó.  Bạn có muốn chia sẻ thêm về những gì đang khiến bạn cảm thấy như vậy không?  Không cần phải kể hết tất cả nếu bạn không muốn, nhưng nếu bạn cảm thấy thoải mái, tôi sẽ luôn ở đây lắng nghe.

Nếu bạn cảm thấy quá sức, hay khó khăn trong việc đối phó với những cơn hoảng loạn, tôi nghĩ việc tìm kiếm sự hỗ trợ từ một chuyên gia tâm lý hoặc bác sĩ có thể rất hữu ích. Họ có thể cung cấp những công cụ và hỗ trợ cần thiết để giúp bạn vượt qua giai đoạn khó khăn này.  Tôi có thể giúp bạn tìm kiếm thông tin liên hệ đến các dịch vụ hỗ trợ tâm lý nếu bạn muốn nhé?  Hãy nhớ rằng, việc cầu cứu sự giúp đỡ không phải là một dấu hiệu của yếu đuối, mà là một bằng chứng cho thấy bạn đang chủ động tìm kiếm giải pháp cho cuộc sống của mình."
"Tôi không còn biết mình phải làm sao nữa. Sự giày vò của những cơn hoảng loạn đang dần nhấn chìm tôi trong sự mệt mỏi tột cùng.  Mỗi ngày trôi qua đều là một cuộc chiến cam go, và đêm xuống, tôi chỉ còn lại sự trống rỗng đến tê dại, một cảm giác bất lực đến cùng cực khiến tôi muốn từ bỏ tất cả","Tôi rất tiếc khi nghe bạn đang phải trải qua những điều khó khăn như vậy.  Nghe bạn chia sẻ về những cơn hoảng loạn, sự mệt mỏi và cảm giác trống rỗng, tôi thực sự hiểu rằng bạn đang phải chịu đựng rất nhiều.  Việc phải chiến đấu mỗi ngày và cảm thấy bất lực đến cùng cực là điều vô cùng áp lực.  Thật can đảm khi bạn chia sẻ những điều này với tôi.

Tôi muốn bạn biết rằng bạn không cô đơn và những cảm xúc bạn đang trải qua là hoàn toàn có thật.  Không ai nên phải gánh chịu điều này một mình.  Bạn đã mạnh mẽ khi vượt qua từng ngày, và đó là một điều đáng ghi nhận.

Nếu bạn cảm thấy thoải mái, bạn có muốn chia sẻ thêm về những gì đang làm bạn khó chịu không?  Hoặc nếu bạn muốn, chúng ta có thể cùng tìm hiểu một số nguồn hỗ trợ, chẳng hạn như đường dây nóng hỗ trợ tâm lý hoặc các chuyên gia tâm lý có thể giúp bạn vượt qua giai đoạn khó khăn này.  Việc tìm kiếm sự trợ giúp không phải là một dấu hiệu của yếu đuối, mà là một dấu hiệu của sức mạnh và sự dũng cảm.  Quan trọng nhất là bạn được chăm sóc và được hỗ trợ đúng cách."
"Nếu muốn, bạn có thể ghi lại bằng chút mực từ ngòi bút. Chẳng ai hay biết đâu, khi ta mất tập trung.  Bạn đang tự dối mình nếu nghĩ mình đáng giá hơn một con châu chấu. Tôi bệnh nặng rồi, để máu tuôn ra thôi.** (Giữ nguyên giọng điệu gần như ban đầu, chỉ thay đổi từ ngữ cho mềm mại hơn một chút)","Tôi nghe thấy bạn đang rất đau khổ, và những lời bạn chia sẻ thật sự khiến tôi lo lắng.  Cảm giác như thể bạn đang gánh chịu một trọng lượng quá lớn, và nghĩ rằng mình không đáng giá, điều đó thật sự rất khó khăn.  Việc bạn chia sẻ với tôi như thế này đã cho thấy bạn có một sức mạnh phi thường, và tôi rất trân trọng điều đó.  Bạn không cô đơn đâu.

Tôi hiểu bạn đang muốn buông bỏ tất cả, nhưng tôi tin rằng vẫn còn có hy vọng.  Cảm giác như thể bạn đang ở trong một cơn bão dữ dội lúc này, nhưng cơn bão nào rồi cũng sẽ qua đi.  Có lẽ việc tìm đến sự giúp đỡ của một chuyên gia tâm lý sẽ giúp bạn vượt qua giai đoạn khó khăn này.  Họ có thể giúp bạn tìm ra cách để quản lý những cảm xúc tiêu cực và tìm lại sự bình yên trong tâm hồn. Bạn có muốn tôi giúp bạn tìm kiếm thông tin về các chuyên gia hỗ trợ tâm lý không? Hoặc đơn giản là được lắng nghe thêm một chút nữa cũng được.  Hãy cứ chia sẻ với tôi bất cứ điều gì bạn muốn, không cần phải gánh vác tất cả một mình."
"Cứ ghi lại bằng bút lông và mực đi, nếu bạn muốn.  Sự mất tập trung của ta sẽ chẳng ai để ý. Bạn quá tự phụ nếu cho rằng mình có giá trị hơn một con châu chấu. Tâm thần tôi bất ổn, tôi cần phải giải thoát.** (Thay đổi cấu trúc câu, nhấn mạnh vào sự bất ổn tâm lý)","Tôi nghe thấy bạn đang rất đau khổ và cảm thấy tâm trí mình bất ổn.  Việc bạn chia sẻ điều này với tôi thật can đảm, và tôi muốn bạn biết rằng tôi ở đây để lắng nghe mà không phán xét.  Cảm giác như bạn đang mô tả, sự mất tập trung và cảm giác vô giá trị, thật sự rất khó khăn để đối mặt.  Nghe bạn nói về việc muốn ""giải thoát"" khiến tôi rất lo lắng cho bạn.

Bạn có muốn chia sẻ thêm về những gì đang khiến bạn cảm thấy như vậy không?  Không cần phải kể hết tất cả nếu bạn không muốn, chỉ cần những điều bạn cảm thấy thoải mái chia sẻ thôi.  Nếu bạn cảm thấy quá sức, việc tìm kiếm sự giúp đỡ chuyên nghiệp từ một bác sĩ tâm lý hoặc đường dây nóng hỗ trợ tâm lý có thể rất hữu ích.  Họ có thể cung cấp cho bạn sự hỗ trợ chuyên sâu và các công cụ để giúp bạn vượt qua giai đoạn khó khăn này.  Bạn không cần phải đối mặt với điều này một mình."
"Viết ra bằng mực lông ngỗng cũng được, nếu bạn thấy cần.  Không ai để ý đâu khi chúng ta quên mất chuyện gì cả.  Giá trị của bạn chẳng đáng là bao, đừng tự lừa dối mình. Tôi đau khổ quá, tôi muốn buông xuôi rồi.** (Tạo ra giọng điệu bi quan hơn, nhấn mạnh vào sự đau khổ)","Tôi nghe thấy bạn đang rất đau khổ và muốn buông xuôi mọi thứ.  Những lời bạn nói khiến tôi cảm thấy rất buồn.  Cảm giác bị mất giá trị và tuyệt vọng như vậy thật sự rất khó khăn để chịu đựng, và tôi hiểu tại sao bạn lại cảm thấy như vậy.  Việc bạn chia sẻ với tôi như thế này đã rất can đảm rồi.

Tôi không thể biết chính xác bạn đang trải qua điều gì, nhưng tôi muốn bạn biết rằng bạn không cô đơn.  Có những người quan tâm đến bạn và muốn giúp đỡ bạn vượt qua giai đoạn khó khăn này.  Sự đau khổ bạn đang cảm thấy là có thật, và nó xứng đáng được lắng nghe và thấu hiểu.

Bạn có muốn chia sẻ thêm về những gì đang khiến bạn cảm thấy đau khổ như vậy không?  Không cần phải ép buộc bản thân, cứ chia sẻ những gì bạn cảm thấy thoải mái.  Nếu bạn cảm thấy quá khó khăn để đối mặt với điều này một mình,  có rất nhiều người sẵn sàng hỗ trợ bạn, chẳng hạn như các chuyên gia tâm lý.  Việc tìm kiếm sự giúp đỡ không có nghĩa là bạn yếu đuối, mà ngược lại, đó là một dấu hiệu của sức mạnh và sự dũng cảm.  Bạn nghĩ sao nếu mình cùng nhau tìm hiểu xem có những nguồn hỗ trợ nào phù hợp với bạn không?"
"Bạn có thể dùng bút lông ghi lại, nếu thích.  Sự mất tập trung của chúng ta sẽ chẳng gây chú ý. Thật sự, bạn chẳng có gì đặc biệt, đừng tự đánh giá quá cao bản thân. Tôi bệnh tật triền miên, tôi cần chấm dứt tất cả.** (Giọng điệu mạnh mẽ hơn, thẳng thắn hơn về sự bất ổn tâm lý)","Tôi nghe bạn nói và cảm thấy rất buồn khi biết bạn đang trải qua những khó khăn như vậy.  Việc bạn phải chịu đựng bệnh tật triền miên chắc hẳn vô cùng mệt mỏi và đau đớn, đến mức bạn nghĩ đến việc chấm dứt tất cả.  Tôi hiểu cảm giác đó, khi mọi thứ dường như quá sức chịu đựng và bạn cảm thấy mình không còn lối thoát nào khác.  

Bạn nói bạn không thấy mình có gì đặc biệt, nhưng chính sự mạnh mẽ khi chia sẻ những điều này với tôi đã cho thấy bạn là người đặc biệt đấy.  Bạn dũng cảm khi đối mặt với những cảm xúc khó khăn này.

Tôi không phải chuyên gia, nên tôi không thể đưa ra lời khuyên y tế, nhưng tôi muốn bạn biết rằng bạn không cô đơn.  Có rất nhiều người sẵn sàng lắng nghe và giúp đỡ bạn vượt qua giai đoạn khó khăn này. Bạn có muốn tôi chia sẻ một số thông tin về các dịch vụ hỗ trợ sức khỏe tâm thần không?  Hoặc, nếu bạn muốn, chúng ta có thể cứ tiếp tục nói chuyện, cho đến khi bạn cảm thấy thoải mái hơn?  Điều quan trọng nhất bây giờ là bạn cảm thấy được an toàn và được lắng nghe."
"Nếu thấy cần, hãy ghi chép lại bằng bút mực.  Sự xao lãng của chúng ta sẽ chẳng ai để ý.  Bạn không hơn gì một con châu chấu, đừng tự ảo tưởng. Tôi đang bị bệnh tâm thần và tôi muốn kết thúc tất cả.** (Câu văn ngắn gọn, súc tích hơn, nhưng vẫn giữ được ý nghĩa nguyên gốc)","Tôi rất tiếc khi nghe bạn nói như vậy.  Nghe có vẻ như bạn đang trải qua thời gian vô cùng khó khăn và đau đớn. Cảm giác bị bỏ rơi và vô dụng thật sự rất tệ, và tôi hiểu rằng lúc này bạn đang cảm thấy tuyệt vọng.  Việc bạn chia sẻ với tôi những điều này chứng tỏ bạn rất mạnh mẽ.  Bạn không hề đơn độc, và những suy nghĩ bạn đang có không phải là bạn.  Bệnh tâm thần không phải là sự yếu đuối, mà là một vấn đề sức khỏe cần được chăm sóc và điều trị.

Có lẽ việc tìm đến sự giúp đỡ từ một chuyên gia tâm lý hoặc bác sĩ sẽ hữu ích trong thời điểm này?  Họ có thể cung cấp cho bạn những hỗ trợ chuyên nghiệp và giúp bạn tìm thấy cách đối phó với những khó khăn bạn đang gặp phải.  Bạn không cần phải gánh vác tất cả một mình.  

Tôi ở đây để lắng nghe nếu bạn muốn chia sẻ thêm bất cứ điều gì.  Không cần phải ép buộc bản thân phải nói gì cả, chỉ cần nói những gì bạn cảm thấy thoải mái.  Điều quan trọng nhất là bạn biết rằng bạn xứng đáng được yêu thương và được giúp đỡ."
"Lưu ý: Tất cả các câu trên đều diễn tả một trạng thái tâm lý cực đoan và cần sự hỗ trợ chuyên nghiệp.  Nếu bạn hoặc ai đó bạn biết đang gặp khó khăn tương tự, hãy tìm kiếm sự giúp đỡ từ các chuyên gia y tế tâm thần",
"Dưới đây là 5 cách diễn đạt khác nhau cho câu ""I might just do it tonight. I am trying to think about it and gain the courage. Tonight"":",
"Tôi đang cố lấy hết can đảm, có lẽ đêm nay sẽ làm.  Đêm nay…",
Tối nay… tôi đang cân nhắc và cố gắng mạnh mẽ lên để thực hiện việc đó,
Việc đó… tôi đang suy nghĩ và tự nhủ phải làm cho bằng được. Có thể tối nay thôi,
"Đêm nay, tôi sẽ cố gắng.  Tôi đang tìm kiếm dũng khí để bắt đầu",
"Tôi đang đấu tranh với chính mình, nhưng có lẽ… đêm nay tôi sẽ làm.  Đêm nay là đêm quyết định","Tôi nghe thấy bạn đang trải qua một thời điểm vô cùng khó khăn, và những gì bạn chia sẻ thật sự khiến tôi lo lắng.  ""Đêm nay là đêm quyết định"" – câu nói đó nghe thật nặng nề, và tôi hiểu bạn đang phải gánh chịu một áp lực rất lớn.  Bạn không cô đơn đâu, và việc bạn chia sẻ điều này với tôi cho thấy bạn có một sức mạnh nội tâm đáng kinh ngạc.  

Tôi không thể biết chính xác bạn đang cảm thấy như thế nào, nhưng tôi ở đây để lắng nghe nếu bạn muốn chia sẻ thêm.  Có điều gì cụ thể khiến bạn cảm thấy đêm nay là đêm quyết định không?  

Nếu bạn cảm thấy an toàn hơn khi chia sẻ, chúng ta có thể cùng tìm hiểu xem có những nguồn hỗ trợ nào có thể giúp bạn vượt qua giai đoạn này không, ví dụ như đường dây nóng hỗ trợ tâm lý hoặc các chuyên gia tâm lý.  Tôi sẽ ở đây để hỗ trợ bạn, dù bạn có quyết định gì đi nữa. Điều quan trọng nhất hiện tại là bạn an toàn."
"Dưới đây là một số cách diễn đạt khác nhau cho câu ""first time dying kind of nervous I am a poosy feeling weird"", giữ nguyên ý nghĩa và cảm xúc sợ hãi, bối rối, và tự ti:",
"Lần đầu tiên đối mặt với cái chết, tôi sợ hãi vô cùng, cảm giác lạ lùng và yếu đuối",
"Chết lần đầu, tôi run sợ, thấy mình thật hèn nhát và mọi thứ thật khó hiểu, xa lạ",
"Tôi chưa từng chết bao giờ, nên giờ đây cảm thấy sợ đến run người, yếu đuối và bơ vơ",
"Cái chết đến lần đầu tiên, khiến tôi lo lắng, sợ sệt, thấy mình thật hèn kém và hoang mang tột độ",
"Việc phải chết lần đầu khiến tôi vô cùng hoảng loạn, cảm thấy mình nhát gan và mọi thứ thật kỳ quái, khó lý giải",
"Tôi buồn quá. Ngày mai là sinh nhật của tôi, mà chồng tôi và tôi đang cãi nhau, tôi buồn khủng khiếp. Anh ấy độc ác lắm. Anh ấy cư xử tệ rồi lại đổ lỗi cho tôi, thao túng tinh thần tôi và giả vờ là nạn nhân.  Tôi đau khổ vô cùng",
Sinh nhật sắp đến mà tôi chỉ muốn chết đi thôi.  Tôi ước gì món quà sinh nhật của mình là một khẩu súng để tự kết liễu đời mình,
Tôi tuyệt vọng đến cùng cực.  Ngày sinh nhật đáng lẽ phải vui vẻ lại trở thành một ngày địa ngục vì những lời nói và hành động tàn nhẫn của chồng. Tôi thấy mình bế tắc và chỉ muốn chấm dứt tất cả,
"Cơn giận dữ và sự tổn thương chồng chất khiến tôi nghĩ đến cái chết.  Sinh nhật của tôi, lẽ ra phải là ngày hạnh phúc, giờ đây lại là ngày tôi chỉ muốn trốn chạy khỏi mọi thứ, ngay cả chính bản thân mình",
Sự độc ác và hành vi thao túng của chồng đã đẩy tôi đến bờ vực tuyệt vọng. Tôi không thấy lối thoát nào khác ngoài cái chết trong ngày sinh nhật của mình,
"Dưới đây là một số cách diễn đạt khác nhau cho câu văn tiếng Anh, giữ nguyên ý nghĩa và cảm xúc:",
Những câu văn trên cố gắng giữ nguyên sắc thái tuyệt vọng và chất vấn bản thân của người viết.  Sự lựa chọn từ ngữ và cấu trúc câu được điều chỉnh để phù hợp hơn với văn phong tiếng Việt,
"Tối nay mình định trốn ra ngoài thử xem sao, hoặc mai mốt cũng được, chưa chắc nữa.  Mình đang ghi chép đây, rồi mình sẽ làm",
"Mình tính tối nay lén lút ra ngoài làm, không được thì mai mình làm tiếp vậy.  Đang ghi chú nè, chắc chắn mình sẽ làm thôi",
"Chắc mình sẽ lẻn ra ngoài đêm nay, hoặc hoãn lại đến đêm mai cũng được. Mình đang viết ghi chú, việc này nhất định mình sẽ làm",
"Mình đang định trốn đi tối nay, hoặc có lẽ mai, chưa quyết định.  Mình đang ghi chép đây, mình sẽ làm thôi mà",
"Tối nay mình định trốn ra ngoài thử, không được thì để mai.  Việc này mình đang ghi chép kỹ rồi,  mình sẽ làm cho bằng được",
"Tôi thấy mọi người không thể hiểu được những gì tôi đang trải qua.  Tôi chưa từng có một mối quan hệ thực sự nào trước đây, nên chẳng ai trong số những người cố gắng giúp tôi hiểu được cảm giác đó.  Tôi tuyệt vọng hơn cả những người đã tự tử… vậy thì tại sao tôi phải cố gắng chống chọi nữa?",
"Tôi đã kiệt sức, không thể chịu đựng thêm được nữa.  Sự mất niềm tin vào bạn bè, gia đình và nỗi đau này đang nhấn chìm tôi. Liệu có cách nào để ra đi thanh thản (một phần nào đó)?",
"Tôi đã đến giới hạn chịu đựng rồi, tôi không muốn tiếp tục nữa.  Tôi không còn tin tưởng ai, cả bạn bè lẫn gia đình, và tôi ghét cảm giác đau đớn này. Có cách nào nhẹ nhàng để kết thúc mọi chuyện không?",
Tôi hoàn toàn suy sụp và đã hết chịu đựng.  Sự phản bội của bạn bè và gia đình cùng với nỗi đau này khiến tôi tuyệt vọng.  Có lối thoát nào ít đau đớn hơn không?,
"Tôi đã chạm đến điểm giới hạn của sự chịu đựng.  Tôi không còn tin tưởng ai cả, và nỗi đau này quá sức chịu đựng.  Liệu có cách nào để ra đi mà không quá đau khổ?",
Tôi đã cạn kiệt sức lực và tinh thần.  Tôi tuyệt vọng vì sự phản bội của những người thân yêu và nỗi đau không thể nào tả xiết.  Có một cách nào đó để kết thúc mọi chuyện một cách êm đềm không?,
"Những câu văn trên đều cố gắng giữ nguyên tinh thần và cảm xúc của câu gốc, nhưng được diễn đạt bằng ngôn ngữ tự nhiên hơn, phù hợp với văn phong tiếng Việt.  Tuy nhiên,  việc diễn đạt cảm xúc mạnh mẽ như ""I am so fucking lonely"" cần cân nhắc khi chuyển ngữ để tránh gây phản cảm",
"Những câu trên đều cố gắng truyền tải trọn vẹn cảm xúc đau khổ, tuyệt vọng và tự trách bản thân của người viết, đồng thời giữ được sự chân thực của lời thú nhận",
"Những câu trên đều cố gắng giữ nguyên ý nghĩa về sự đau khổ, phản bội và sự ra đi im lặng của người nói, đồng thời nhấn mạnh vào sự hối hận mà người được nhắc đến có thể cảm nhận được sau này.  Sự lựa chọn cách diễn đạt tùy thuộc vào ngữ cảnh và mục đích truyền tải",
"Tôi không còn động lực sống nữa, mệt mỏi đến cùng cực.  Nhớ về những ngày hạnh phúc, nhớ về gia đình, nhưng giờ đây chẳng còn gì, cuộc sống này thật vô nghĩa.  Tôi đang thực sự nghĩ đến việc kết thúc tất cả",
"Tôi thấy mình chẳng có lý do gì để tiếp tục sống, sự mệt mỏi này giày vò tôi quá sức.  Tôi thèm khát được hạnh phúc, được sống trong vòng tay gia đình, nhưng hiện tại, sự trống rỗng bao trùm lấy tôi và tôi cảm thấy sống chẳng còn ý nghĩa gì nữa.  Tôi đang nghiêm túc cân nhắc đến cái chết",
"Cuộc sống này đã lấy đi tất cả, khiến tôi tuyệt vọng và kiệt sức.  Ký ức về hạnh phúc và gia đình chỉ làm tôi đau đớn hơn khi đối diện với hiện thực tàn khốc này.  Tôi không thấy lý do để tiếp tục và đang nghĩ đến việc chấm dứt mọi thứ",
"Tôi cảm thấy bế tắc và vô cùng mệt mỏi, chẳng còn lý do gì để níu kéo sự sống này.  Tôi nhớ da diết những ngày tháng hạnh phúc bên gia đình, nhưng giờ đây, tất cả đã tan biến, để lại trong tôi một nỗi trống trải vô cùng. Tôi đang nghĩ đến việc kết thúc mọi thứ",
"Sự tuyệt vọng đang nhấn chìm tôi.  Tôi không tìm thấy bất kỳ lý do nào để sống tiếp, sự mệt mỏi này đã bào mòn hết sức lực của tôi.  Gia đình, hạnh phúc, tất cả chỉ còn là ký ức, và hiện tại, tôi chỉ thấy cuộc sống này vô nghĩa đến tột cùng.  Tôi đang nghĩ đến một kết thúc",
"Tôi đã từng vượt qua những cơn khủng hoảng như thế này, tôi tin mình sẽ lại làm được. Nhưng lần này, gánh nặng quá lớn, vượt quá khả năng chịu đựng của tôi. Tôi cần sự giúp đỡ, tôi cần được nghỉ ngơi, và tôi cần thoát khỏi vòng xoáy này",
"Tôi thật ngu ngốc, cứ liên tục gây ra những tổn thương không đáng có cho mọi người.  Tôi không hề muốn như vậy,  nhưng những sai lầm cứ lặp lại.  Tôi biết lỗi và vô cùng hối hận.  Tôi tha thiết muốn sửa chữa nhưng dường như mọi thứ đều quá muộn.  Tôi cảm thấy tuyệt vọng và chán nản đến cùng cực",
"Những câu văn trên đều cố gắng truyền tải sự tuyệt vọng, mệt mỏi và khát khao được khỏe mạnh của người viết.  Việc lựa chọn câu nào phụ thuộc vào ngữ cảnh và giọng văn mong muốn",
"Tôi không chịu đựng nổi nữa rồi.  Mọi thứ quá sức chịu đựng.  Tôi đã nghĩ đến việc tự tử từ lâu, và giờ đây, tôi thấy đây là cơ hội.  Chết đi có lẽ là cách duy nhất để tôi được giải thoát khỏi nỗi đau này",
"Gia đình tôi, đặc biệt là chị gái, đã gây ra quá nhiều đau khổ cho tôi. Ngay cả khi ở gần chị ấy, tôi cũng bị dày vò bởi những ký ức đau thương.  Tất cả mọi thứ đều nhắc nhở tôi về những tổn thương ấy.  Tôi không quan tâm họ sẽ buồn như thế nào khi tôi chết",
"Tuổi 14, tôi đã phải trải qua những điều kinh khủng đến thế này sao?  Có ai quan tâm không?  Thôi kệ, cũng chẳng có gì quan trọng nữa.  Tôi muốn chấm dứt tất cả",
"Tôi thấy mệt mỏi và tuyệt vọng đến cùng cực.  Chết đi có lẽ là cách duy nhất để tôi thoát khỏi cơn đau này, mặc dù tôi chỉ mới 14 tuổi.  Gia đình, nhất là chị gái, đã làm tôi đau khổ quá nhiều.  Tôi không còn muốn sống nữa",
"Tôi đã nghĩ đến việc uống thuốc tẩy để tự kết liễu cuộc đời mình.  Tôi quá mệt mỏi, quá đau khổ rồi.  Chị gái tôi là nguồn gốc của mọi đau khổ, và tôi không thể chịu đựng thêm được nữa.  Tuổi 14, tôi không xứng đáng phải chịu đựng những điều này.  Chết đi thôi…",
Những câu văn trên đều cố gắng diễn đạt lại cảm xúc nặng nề và tuyệt vọng của người viết một cách chân thực,
"Đây là một câu nói thể hiện ý định tự tử, rất nghiêm trọng. Việc viết lại cần hết sức thận trọng và không nên làm giảm tính nghiêm trọng của vấn đề.  Tôi sẽ cố gắng diễn đạt lại ý nghĩa với những câu khác nhau, nhưng vẫn giữ nguyên mức độ khẩn cấp:",
"Cuộc sống này quá khổ, tôi không thể chịu đựng thêm được nữa. Tôi sẽ kết liễu đời mình hôm nay.** (Câu này giữ nguyên ý nghĩa mạnh mẽ và trực tiếp)",
"Tôi đã quá mệt mỏi với những đau khổ này, không thể nào chờ đợi đến khi nào mọi chuyện kết thúc được nữa. Hôm nay, tôi sẽ tự kết thúc cuộc đời mình.** (Câu này nhấn mạnh sự mệt mỏi và tuyệt vọng)",
"Tôi không thể chịu đựng nổi cuộc sống tồi tệ này thêm một giây phút nào nữa.  Hôm nay, tôi sẽ chọn chấm dứt tất cả.** (Câu này ngắn gọn, nhưng vẫn truyền tải được sự tuyệt vọng)",
Tất cả đã quá sức chịu đựng. Tôi không thấy lối thoát nào khác ngoài việc kết thúc mọi chuyện hôm nay.** (Câu này tập trung vào cảm giác tuyệt vọng và không thấy hy vọng),
Tôi đã đến giới hạn của sự chịu đựng.  Chết đi là lựa chọn duy nhất của tôi vào lúc này.** (Câu này nhấn mạnh sự tuyệt vọng và sự lựa chọn không còn gì khác),
"Quan trọng:**  Nếu bạn hoặc ai đó bạn quen biết đang có ý định tự tử, hãy liên hệ ngay với đường dây nóng hỗ trợ người có ý định tự tử hoặc tìm kiếm sự giúp đỡ chuyên nghiệp ngay lập tức.  Đây không phải là vấn đề nhỏ và cần được giải quyết ngay",
"Những câu văn trên đều cố gắng truyền tải sự tuyệt vọng, mệt mỏi, và cảm giác bị cô lập của người viết.  Điều quan trọng là cần nhận được sự giúp đỡ chuyên nghiệp nếu bạn đang trải qua những cảm xúc tương tự",
"Nghĩ đến cảnh bố mẹ tôi đau đớn tột cùng khi nhìn thấy thi thể tôi khiến tôi rùng mình.  Nhưng ít nhất, lúc đó tôi sẽ không phải chứng kiến sự đau khổ ấy nữa. Suy nghĩ này thật khủng khiếp, nhưng tôi cần phải chia sẻ nó với ai đó",
"Tôi biết nếu bố mẹ nhìn thấy tôi chết đi, họ sẽ tan nát cõi lòng.  May mắn thay, tôi sẽ không còn thấy được điều đó nữa.  Đây là một ý nghĩ kinh hoàng, và tôi phải trút bỏ nó ra ngoài",
"Hình dung cảnh bố mẹ phát hiện ra thi thể tôi khiến tôi không khỏi rợn người.  Nhưng ít ra, tôi sẽ không phải chịu đựng sự đau khổ của họ.  Suy nghĩ này quá tàn nhẫn, nhưng tôi không thể giữ nó trong lòng mình nữa",
"Tôi sợ nghĩ đến lúc bố mẹ phát hiện ra tôi đã chết.  Họ sẽ đau khổ biết bao!  Nhưng tôi sẽ không còn phải cảm nhận điều gì nữa.  Đây là một ý nghĩ kinh khủng, và tôi cần phải nói ra",
"Việc bố mẹ nhìn thấy xác chết của tôi sẽ gây ra nỗi đau không thể tưởng tượng được cho họ.  Nhưng tôi sẽ không phải chứng kiến cảnh tượng ấy. Dù biết rằng đây là một suy nghĩ khủng khiếp, tôi vẫn phải chia sẻ nó",
"Tôi đang tuyệt vọng đến cùng cực, ý nghĩ tự tử cứ quẩn quanh trong đầu.  Nhưng tôi không muốn làm tổn thương gia đình, nhất là con gái nhỏ mới một tuổi. Chồng tôi đòi ly hôn, và điều đó càng khiến tôi đau khổ hơn",
"Tôi chìm trong biển tuyệt vọng,  ước gì được chết đi cho xong, nhưng lại sợ làm đau lòng con gái bé bỏng mới lên một.  Việc chồng muốn ly hôn khiến tôi cảm thấy mình bất lực và vô cùng đau đớn",
"Tôi đang rất muốn kết thúc mọi thứ, nhưng nghĩ đến con gái một tuổi, tôi không đành lòng làm tổn thương gia đình.  Sự đổ vỡ hôn nhân càng khiến tôi tuyệt vọng và suy sụp",
"Tự tử là điều tôi đang nghĩ đến, nhưng tôi không thể chấp nhận việc làm đau lòng vợ chồng, nhất là con bé mới chỉ một tuổi.  Chồng muốn chia tay, và tôi thấy mình hoàn toàn kiệt quệ",
"Tôi đang ở trong trạng thái khủng hoảng tinh thần nghiêm trọng,  ý nghĩ tự sát luôn hiện hữu.  Tôi yêu thương gia đình, đặc biệt là con gái nhỏ, nên không thể tự tử.  Nhưng sự tan vỡ hôn nhân khiến tôi cảm thấy bế tắc và vô cùng đau khổ",
"Những câu văn trên cố gắng giữ được giọng điệu buồn bã, tuyệt vọng và tự trách bản thân của nguyên tác.  Sự khác biệt nằm ở việc lựa chọn từ ngữ và cấu trúc câu, giúp cho câu văn đa dạng hơn",
"Lưu ý:**  Những câu văn trên vẫn giữ nguyên ý nghĩa muốn tự tử của người viết.  Nếu bạn hoặc ai đó đang có ý định tự tử, hãy tìm kiếm sự giúp đỡ ngay lập tức.  Hãy liên hệ với đường dây nóng tư vấn tâm lý hoặc người thân, bạn bè để được hỗ trợ",
"Dưới đây là một vài cách diễn đạt khác nhau cho câu ""goodbye. i do not wish to hurt people anymore literally fuck this fuck it I am going"", giữ nguyên ý nghĩa và cảm xúc:",
"Tạm biệt. Tôi không muốn làm tổn thương ai nữa. Thôi xong rồi, tôi không chịu đựng được nữa, tôi đi đây.** (Câu này giữ nguyên sự tuyệt vọng và bực bội nhưng dùng từ ngữ lịch sự hơn.)",
"Tôi không thể tiếp tục nữa. Việc này quá sức chịu đựng, tôi không muốn làm ai tổn thương. Tạm biệt.** (Câu này nhấn mạnh sự kiệt sức và quyết tâm rời đi.)",
"Tôi xin lỗi, tôi không muốn làm tổn thương bất cứ ai, nhưng tôi phải đi. Chuyện này đã quá đủ rồi.** (Câu này thể hiện sự hối tiếc và lý giải hành động rời đi.)",
"Tôi đã hết sức chịu đựng rồi.  Tôi không thể làm tổn thương người khác thêm nữa. Tạm biệt, tôi đi đây.** (Câu này nhấn mạnh sự kiên nhẫn đã cạn kiệt.)",
"Thôi xong rồi, tôi phải đi.  Tôi không thể tiếp tục làm tổn thương người khác. Tạm biệt.** (Câu này ngắn gọn, mạnh mẽ và thể hiện quyết tâm rời đi.)",
"Những câu trên đều cố gắng truyền tải sự tuyệt vọng, bực bội và quyết tâm rời đi của người nói, đồng thời giảm bớt tính thô tục của câu gốc",
"Những câu văn trên đều cố gắng truyền tải sự đau khổ, tuyệt vọng, và sự hỗn loạn trong tâm trạng của người viết.  Tuy nhiên, cần lưu ý rằng đây chỉ là những cách diễn đạt khác nhau, không thể thay thế hoàn toàn cảm xúc nguyên bản",
"Tôi đang rất tuyệt vọng và cần sự giúp đỡ.  Tôi đã chuẩn bị mọi thứ rồi, nhưng tôi sợ hãi và đau khổ. Có cách nào để giảm bớt sự đau đớn thể xác khi tôi tự kết liễu cuộc đời mình?  Tôi không muốn cái chết của mình trở nên tàn bạo và gây ám ảnh cho người khác",
Tôi cần lời khuyên trước khi làm điều này. Tôi đã chuẩn bị sẵn sàng rồi nhưng thực sự rất sợ hãi.  Có cách nào để quá trình này diễn ra nhanh chóng và ít đau đớn hơn không? Tôi không muốn để lại hình ảnh kinh khủng cho bất kỳ ai. Cuộc sống quá khó khăn,
"Tôi đang ở trong tình trạng tuyệt vọng tột cùng và cần sự trợ giúp. Tôi đã chuẩn bị xong xuôi, nhưng tôi rất sợ hãi và đau khổ. Có phương pháp nào nhân đạo hơn để kết thúc cuộc sống này không?  Tôi cầu xin sự giúp đỡ để giảm thiểu đau đớn và tránh để lại hình ảnh kinh hoàng cho người khác",
"Tôi cần tìm cách nhẹ nhàng hơn để kết thúc tất cả.  Tôi đã chuẩn bị xong nhưng đang rất sợ hãi.  Tôi chỉ muốn mọi chuyện kết thúc nhanh chóng và ít đau đớn nhất có thể, mà không gây ra cảnh tượng hãi hùng cho người khác.  Cuộc sống này thật sự quá sức chịu đựng của tôi",
"Đã quá 32 phút so với kế hoạch ban đầu, nhưng tôi vẫn sẽ cố gắng.  Tôi hy vọng mọi chuyện sẽ tốt đẹp, xin lỗi nếu tôi không thể vượt qua. Tôi thực sự không chịu đựng nổi nữa rồi. Tôi sẽ thử",
"Mặc dù đã trễ hơn 32 phút so với dự định, tôi vẫn quyết định thử một lần nữa.  Tôi cầu mong điều tốt lành sẽ đến, nếu không thành công, xin hãy tha thứ cho tôi.  Tôi không thể nào chịu đựng thêm được nữa.  Tôi sẽ cố gắng hết sức",
"Thời gian đã trôi qua 32 phút so với dự kiến, nhưng tôi sẽ liều mình một phen.  Mong rằng sẽ có kết quả tốt đẹp, nếu không, xin hãy thứ lỗi. Tôi đã quá mệt mỏi, không thể chịu đựng thêm được nữa.  Tôi sẽ thử",
"Tôi biết mình đã chậm 32 phút, nhưng tôi vẫn muốn thử.  Tôi hy vọng mọi thứ sẽ ổn, nếu không, xin lỗi vì sự yếu đuối của mình.  Tôi không thể chịu đựng thêm được nữa. Tôi sẽ cố gắng",
"phút đã trôi qua, vượt quá thời gian dự định, nhưng tôi vẫn sẽ nỗ lực.  Tôi cầu nguyện cho một kết quả tốt đẹp, nhưng nếu thất bại, xin hãy thông cảm.  Tôi thực sự kiệt sức và không thể nào chịu đựng thêm được nữa. Tôi sẽ làm thử",
"Dưới đây là một số cách diễn đạt lại câu văn, cố gắng giữ nguyên ý nghĩa và cảm xúc tiêu cực:",
"Dưới đây là một số cách diễn đạt khác nhau cho câu ""I hate myself, really want to kill myself"",  cố gắng giữ nguyên ý nghĩa và cảm xúc tiêu cực:",
Tôi ghê tởm bản thân mình đến mức muốn chấm dứt mọi thứ.** (Câu này nhấn mạnh sự ghê tởm và mong muốn kết thúc mọi đau khổ.),
"Tôi căm hận chính mình, và ý nghĩ tự tử cứ ám ảnh tôi không thôi.** (Câu này tập trung vào sự căm hận và tính chất dai dẳng của ý nghĩ tự tử.)","Tôi rất tiếc khi nghe bạn nói vậy. Nghe có vẻ bạn đang trải qua một khoảng thời gian vô cùng khó khăn, và việc bạn căm hận bản thân cùng những ý nghĩ tự tử cứ ám ảnh bạn thật sự rất đau lòng.  Tôi hiểu rằng lúc này, việc chỉ cần đối mặt với những cảm xúc đó thôi cũng đã rất khó khăn rồi.  Bạn không cô đơn đâu, và cảm xúc của bạn là điều hoàn toàn có thể hiểu được.

Có điều gì bạn muốn chia sẻ thêm không?  Không cần phải vội vàng hay ép buộc bản thân mình cả.  Chỉ cần nói những gì bạn cảm thấy thoải mái thôi nhé.  Nếu bạn thấy quá khó khăn để đối mặt với điều này một mình,  có rất nhiều người sẵn sàng lắng nghe và giúp đỡ bạn.  Chúng ta có thể cùng tìm hiểu về những nguồn hỗ trợ chuyên nghiệp nếu bạn muốn, ví dụ như số điện thoại đường dây nóng hỗ trợ tâm lý hoặc các chuyên gia tư vấn tâm lý. Bạn có muốn mình cùng tìm hiểu về điều đó không?"
"Tôi tuyệt vọng và muốn chết đi cho rồi.** (Câu này ngắn gọn, mạnh mẽ, thể hiện sự tuyệt vọng tột cùng.)",
"Tôi không thể chịu đựng nổi bản thân mình nữa, tôi chỉ muốn kết thúc tất cả.** (Câu này nhấn mạnh sự không chịu đựng được và mong muốn kết thúc mọi thứ một cách dứt khoát.)","Tôi nghe thấy bạn đang rất đau khổ và muốn kết thúc tất cả.  Điều đó nghe thật sự khủng khiếp, và tôi rất tiếc khi biết bạn đang phải trải qua những cảm xúc khó khăn như vậy.  Tôi hiểu rằng lúc này bạn cảm thấy không thể chịu đựng nổi nữa, và việc chia sẻ điều này với tôi cần rất nhiều can đảm.  Cảm ơn bạn đã tin tưởng và chia sẻ với tôi.

Bạn có muốn nói thêm về những gì bạn đang cảm thấy không?  Không cần phải ép buộc bản thân phải nói hết mọi thứ, chỉ cần chia sẻ những gì bạn cảm thấy thoải mái.  Biết đâu việc được nói ra những điều đang gánh nặng trong lòng sẽ giúp bạn cảm thấy nhẹ nhõm hơn một chút.

Nếu bạn cảm thấy quá sức, hãy nhớ rằng bạn không cô đơn và có những người sẵn sàng giúp đỡ bạn vượt qua giai đoạn khó khăn này. Có rất nhiều nguồn hỗ trợ chuyên nghiệp có thể giúp bạn tìm lại sự cân bằng và bình an trong tâm hồn.  Bạn có muốn tôi tìm giúp bạn một số số điện thoại đường dây nóng hoặc thông tin về các chuyên gia tâm lý không?"
Tôi đang ở trong vực sâu của sự tự ghê tởm và suy nghĩ tự sát cứ quẩn quanh trong đầu.** (Câu này sử dụng hình ảnh ẩn dụ để diễn tả tình trạng tuyệt vọng và sự dai dẳng của ý nghĩ tự tử.),"Tôi rất xin lỗi khi nghe bạn đang phải trải qua điều này.  Nghe bạn nói về cảm giác ""ở trong vực sâu của sự tự ghê tởm"" và những suy nghĩ tự sát cứ quẩn quanh trong đầu, tôi thực sự cảm thấy rất buồn và lo lắng cho bạn.  Cảm giác đó phải thật khủng khiếp, và tôi muốn bạn biết rằng bạn không cô đơn.  Nhiều người khác cũng đã trải qua những cảm xúc tương tự và đã tìm thấy cách vượt qua.

Bạn đã rất can đảm khi chia sẻ điều này với tôi.  Tôi không thể tưởng tượng được bạn đang phải gánh chịu áp lực lớn như thế nào.  Bạn có muốn chia sẻ thêm về những gì đang làm bạn cảm thấy như vậy không?  Không cần phải nói hết tất cả nếu bạn chưa sẵn sàng, chỉ cần những gì bạn cảm thấy thoải mái thôi.  Nếu bạn muốn, chúng ta có thể cùng nhau tìm hiểu xem có những nguồn hỗ trợ nào có thể giúp bạn vượt qua giai đoạn khó khăn này, như là nói chuyện với một chuyên gia tâm lý hay một đường dây nóng hỗ trợ về sức khỏe tâm thần.  Sự giúp đỡ luôn ở đó, bạn nhé."
"Dưới đây là 5 câu diễn đạt lại đoạn văn, giữ nguyên ý nghĩa và cảm xúc, nhưng với cách diễn đạt khác nhau:","Tôi hiểu bạn đang trải qua một khoảng thời gian khó khăn và việc tìm cách diễn đạt lại những cảm xúc của mình không hề dễ dàng. Việc bạn đã cố gắng viết ra 5 câu diễn đạt khác nhau cho thấy bạn đang rất nỗ lực để hiểu và xử lý những gì đang diễn ra trong lòng mình.  Đó là một bước rất tích cực.  Bạn có muốn chia sẻ thêm về những gì bạn đang cảm thấy không?  Tôi ở đây để lắng nghe mà không phán xét.  Nếu bạn cảm thấy quá khó khăn,  tôi có thể giúp bạn tìm đến những nguồn hỗ trợ chuyên nghiệp, như đường dây nóng hỗ trợ tâm lý hoặc các chuyên gia tư vấn tâm lý, nhé?  Không cần phải tự mình gánh chịu tất cả."
"Các bạn ơi, có ai ở khu vực Los Angeles hoặc Orange County không? Gần đây tôi gặp nhiều khó khăn và đang nảy ra một ý tưởng/kế hoạch. Tôi không thể chịu đựng thêm nữa và cần tìm người giúp đỡ","Tôi rất tiếc khi nghe bạn đang gặp nhiều khó khăn đến vậy.  Việc bạn chia sẻ cảm xúc của mình với chúng tôi cho thấy bạn rất mạnh mẽ và dũng cảm.  Tôi hiểu rằng bạn đang ở trong một tình huống rất khó khăn, và việc nảy ra ý tưởng/kế hoạch như bạn đề cập là điều rất đáng lo ngại.  

Bạn không cô đơn đâu.  Thật tốt khi bạn đã tìm đến nơi này để chia sẻ. Việc bạn tìm kiếm sự giúp đỡ là một bước đi quan trọng.  

Bạn có thể kể cho tôi thêm về những khó khăn bạn đang gặp phải không?  Không cần phải chia sẻ chi tiết nếu bạn chưa sẵn sàng, nhưng biết thêm một chút về tình hình của bạn sẽ giúp tôi hiểu rõ hơn và hỗ trợ bạn tốt hơn.

Tại Los Angeles và Orange County có rất nhiều nguồn lực hỗ trợ sức khỏe tâm thần. Nếu bạn đồng ý, tôi có thể giúp bạn tìm kiếm các số điện thoại đường dây nóng hoặc các cơ sở chăm sóc sức khỏe tâm thần gần khu vực của bạn không?  Hay bạn muốn tìm hiểu thêm về những lựa chọn khác?  Tất cả đều tùy thuộc vào bạn.  Điều quan trọng nhất bây giờ là bạn được an toàn và nhận được sự hỗ trợ cần thiết."
"Chào mọi người, có ai đến từ Los Angeles hoặc Orange County không nhỉ?  Tôi đang trải qua giai đoạn rất khó khăn và có lẽ đã tìm ra hướng giải quyết.  Nhưng tôi cần sự trợ giúp, không thể tự mình làm được nữa rồi","Chào bạn!  Tôi rất tiếc khi nghe bạn đang trải qua giai đoạn khó khăn như vậy.  Việc bạn tìm đến đây và chia sẻ cảm xúc của mình đã cho thấy bạn rất dũng cảm, và đó là một bước đi quan trọng.  Tôi hiểu rằng việc đối mặt với những khó khăn một mình thật sự rất mệt mỏi.  Bạn nói đã tìm ra ""hướng giải quyết"", điều đó thật tốt, nhưng bạn cũng nói cần sự giúp đỡ và không thể tự mình làm được nữa.  Đừng lo lắng, bạn không cô đơn đâu.

Bạn có muốn chia sẻ thêm về những gì bạn đang trải qua không?  Không cần phải kể hết mọi chuyện nếu bạn chưa sẵn sàng, chỉ cần những điều bạn cảm thấy thoải mái chia sẻ thôi.  

Nếu bạn cảm thấy khó khăn quá, tôi muốn gợi ý bạn liên hệ với một chuyên gia sức khỏe tâm thần. Có rất nhiều nguồn lực hỗ trợ sẵn sàng giúp đỡ bạn ở Los Angeles và Orange County. Chúng ta có thể cùng tìm hiểu xem có dịch vụ nào phù hợp với bạn không, nếu bạn muốn.  Điều quan trọng nhất bây giờ là bạn được an toàn và được hỗ trợ."
"Mình đang rất cần sự giúp đỡ!  Có bạn nào ở Los Angeles hoặc Orange County không?  Thời gian gần đây tôi gặp quá nhiều vấn đề và đang ấp ủ một kế hoạch, nhưng cần thêm người hỗ trợ để thực hiện","Tôi rất tiếc khi nghe bạn đang trải qua những khó khăn như vậy.  Nghe bạn nói về kế hoạch của mình khiến tôi thực sự lo lắng.  Cảm giác bị quá tải và cần sự giúp đỡ là điều hoàn toàn bình thường, và tôi rất khâm phục bạn vì đã chia sẻ điều đó với tôi.

Bạn nói bạn đang ở Los Angeles hoặc Orange County, điều đó thật tốt vì có rất nhiều nguồn lực hỗ trợ tại khu vực đó.  Có lẽ việc tìm kiếm sự trợ giúp chuyên nghiệp sẽ hữu ích hơn trong thời điểm này, bạn nghĩ sao?  Chúng ta có thể cùng tìm hiểu một vài tổ chức hoặc đường dây nóng hỗ trợ sức khỏe tâm thần ở khu vực bạn đang sống không?  

Tôi hiểu rằng việc chia sẻ những điều này không dễ dàng, và tôi ở đây để lắng nghe bạn bất cứ khi nào bạn cần.  Không cần phải vội vàng, bạn có thể chia sẻ bất cứ điều gì bạn cảm thấy thoải mái.  Hãy nhớ rằng bạn không cô đơn và có những người muốn giúp đỡ bạn vượt qua giai đoạn khó khăn này."
Các bạn ở vùng Los Angeles hoặc Orange County cho mình hỏi chút nhé.  Tôi đang trong tình huống rất khó khăn và cần sự giúp đỡ.  Tôi nghĩ ra một phương án nhưng cần thêm người cùng thực hiện,"Tôi rất tiếc khi nghe bạn đang gặp khó khăn đến vậy.  Việc bạn chia sẻ điều này với tôi cho thấy bạn rất mạnh mẽ.  Tôi hiểu rằng bạn đang ở trong tình huống rất khó xử và cần sự giúp đỡ, và việc bạn tìm kiếm sự hỗ trợ là một bước đi rất quan trọng.  Bạn có thể chia sẻ thêm về tình huống bạn đang gặp phải không?  Tôi ở đây để lắng nghe, không phán xét, và sẽ cố gắng hết sức để hỗ trợ bạn.

Tuy nhiên, vì đề cập đến việc cần ""người cùng thực hiện một phương án,"" tôi rất lo lắng về điều đó. Có lẽ chúng ta nên tìm kiếm sự giúp đỡ từ một chuyên gia, như là đường dây nóng hỗ trợ khủng hoảng hoặc bác sĩ tâm lý.  Họ có thể cung cấp hỗ trợ chuyên nghiệp và giúp bạn tìm ra giải pháp an toàn và hiệu quả hơn.  Bạn có muốn tôi giúp bạn tìm kiếm thông tin liên lạc của các tổ chức hỗ trợ này ở khu vực Los Angeles hoặc Orange County không?  Không cần phải chia sẻ ngay bây giờ, hãy cứ dành thời gian cho bản thân bạn.  Tôi luôn ở đây."
"Gấp lắm rồi!  Có ai ở LA hoặc OC không ạ? Tôi đang gặp rất nhiều rắc rối và cần tìm người cùng giải quyết. Tôi đã có một ý tưởng, nhưng cần sự hỗ trợ","Tôi rất tiếc khi nghe bạn đang gặp nhiều rắc rối đến vậy. Nghe có vẻ bạn đang ở trong tình huống rất khó khăn và cần sự giúp đỡ ngay lập tức.  Việc bạn chia sẻ với tôi như vậy đã rất can đảm rồi.  Tôi hiểu rằng bạn đang cần ai đó ở gần, tại LA hoặc OC, để cùng bạn vượt qua.

Bạn có muốn chia sẻ thêm về những rắc rối bạn đang gặp phải không?  Không cần phải nói hết nếu bạn chưa sẵn sàng, nhưng việc chia sẻ với tôi hoặc với một người nào đó có thể giúp bạn cảm thấy nhẹ nhõm hơn.  

Ngoài ra,  biết đâu việc nói chuyện với một chuyên gia về sức khỏe tâm thần – như một nhà trị liệu hay đường dây nóng hỗ trợ – lại có thể giúp bạn tìm ra giải pháp hiệu quả hơn trong thời điểm khó khăn này.  Tôi có thể giúp bạn tìm kiếm thông tin về các dịch vụ hỗ trợ ở LA và OC nếu bạn muốn.  Quan trọng nhất là bạn không cô đơn trong việc này."
"Những câu trên đều cố gắng truyền tải sự tuyệt vọng và đau đớn của người viết một cách mạnh mẽ, song vẫn giữ tính chính xác về mặt nội dung.  Lưu ý rằng, những câu này có tính chất nặng nề và gây ám ảnh","Tôi nghe bạn nói và rất tiếc khi biết bạn đang trải qua những cảm xúc đau đớn và tuyệt vọng như vậy.  Việc bạn chia sẻ điều này với tôi đã rất can đảm, và tôi thực sự đánh giá cao sự mạnh mẽ của bạn.  Tôi hiểu rằng những gì bạn đang trải qua rất nặng nề và khó khăn để diễn tả, và tôi muốn bạn biết rằng bạn không cô đơn.  Có những người sẵn sàng lắng nghe và hỗ trợ bạn vượt qua giai đoạn này.

Bạn có muốn chia sẻ thêm về những gì đang khiến bạn cảm thấy như vậy không?  Không cần phải nói hết tất cả nếu bạn chưa sẵn sàng, nhưng biết đâu việc được chia sẻ sẽ giúp bạn cảm thấy nhẹ nhõm hơn.  Nếu bạn cảm thấy quá khó khăn để đối mặt một mình, tôi muốn gợi ý bạn liên hệ với một chuyên gia tâm lý hoặc đường dây nóng hỗ trợ tâm lý.  Họ có thể cung cấp sự hỗ trợ chuyên nghiệp và giúp bạn tìm ra cách đối phó hiệu quả hơn với những cảm xúc này.  Tôi ở đây để lắng nghe bạn bất cứ lúc nào bạn cần."
"Câu gốc mang hàm ý tuyệt vọng và muốn chết, cần sự giúp đỡ khẩn cấp.  Việc dịch sát nghĩa sẽ gây khó hiểu và thiếu tế nhị.  Vì vậy, ta cần diễn đạt lại một cách tinh tế hơn, nhấn mạnh vào sự tuyệt vọng và cần được giúp đỡ:","Tôi rất xin lỗi khi nghe bạn đang trải qua những khó khăn như vậy.  Nghe bạn nói khiến tôi cảm thấy rất buồn và lo lắng cho bạn.  Tôi hiểu rằng hiện tại bạn đang cảm thấy vô cùng tuyệt vọng và cần được giúp đỡ ngay lập tức.  Bạn không cần phải gánh vác tất cả điều này một mình.  Có rất nhiều người sẵn sàng lắng nghe và hỗ trợ bạn vượt qua giai đoạn khó khăn này.

Liệu bạn có muốn chia sẻ thêm về những gì bạn đang trải qua không?  Không cần phải nói hết tất cả nếu bạn chưa sẵn sàng, nhưng chỉ cần biết bạn đang được lắng nghe cũng có thể giúp bạn cảm thấy tốt hơn một chút.  Nếu bạn thấy quá khó khăn để chia sẻ, tôi có thể giúp bạn tìm đến một số nguồn hỗ trợ chuyên nghiệp, họ có thể giúp bạn tìm thấy sự an toàn và hướng đi phù hợp.  Bạn không hề cô đơn đâu."
"Tôi tuyệt vọng lắm, tôi không muốn sống nữa, xin ai đó hãy giúp tôi.** (Câu này nhấn mạnh sự tuyệt vọng và mong muốn được cứu giúp trực tiếp)","Tôi rất xin lỗi khi nghe bạn nói vậy. Nghe bạn chia sẻ, tôi cảm nhận được sự tuyệt vọng và đau khổ đang rất lớn.  Tôi hiểu bạn đang ở trong tình trạng rất khó khăn và cần sự giúp đỡ ngay lúc này.  Bạn không cô đơn đâu.  Việc bạn chia sẻ với tôi đã là một bước rất dũng cảm rồi.  

Có điều gì cụ thể đang khiến bạn cảm thấy như vậy không? Bạn có muốn chia sẻ thêm về những gì đang diễn ra trong lòng mình không?  Tôi sẽ lắng nghe bạn mà không phán xét.

Nếu bạn cảm thấy thoải mái, chúng ta có thể cùng tìm hiểu xem có những nguồn hỗ trợ nào có thể giúp bạn vượt qua giai đoạn khó khăn này, ví dụ như đường dây nóng tâm lý hoặc các chuyên gia tư vấn. Quan trọng là bạn không phải đối mặt với điều này một mình."
"Tôi đang ở trong tình trạng rất tồi tệ, tôi cảm thấy mình không thể tiếp tục sống được nữa.  Hãy giúp tôi với.** (Câu này mềm mại hơn, tập trung vào tình trạng khó khăn và cần sự hỗ trợ)","Tôi rất tiếc khi nghe bạn đang trải qua khoảng thời gian khó khăn như vậy. Nghe bạn nói như thế, tôi thực sự hiểu rằng bạn đang rất đau khổ và cảm thấy tuyệt vọng.  Việc bạn chia sẻ với tôi như thế này đã rất can đảm rồi, và tôi muốn bạn biết rằng bạn không cô đơn.  Cảm giác muốn từ bỏ mọi thứ là rất khó chịu, và tôi ở đây để lắng nghe bạn bất cứ điều gì bạn muốn chia sẻ.  Có điều gì cụ thể khiến bạn cảm thấy như vậy không?  Nếu bạn cảm thấy thoải mái, hãy kể cho tôi nghe.  

Nếu bạn cảm thấy quá sức để đối mặt với mọi thứ một mình,  tôi muốn gợi ý bạn nên liên hệ với đường dây nóng hỗ trợ tâm lý hoặc tìm gặp một chuyên gia tâm lý để được giúp đỡ.  Họ là những người có chuyên môn và kinh nghiệm để hỗ trợ bạn vượt qua giai đoạn khó khăn này. Bạn hoàn toàn xứng đáng nhận được sự giúp đỡ đó.  Chúng ta có thể cùng tìm kiếm thông tin về các dịch vụ hỗ trợ này nếu bạn muốn."
"Cuộc sống của tôi quá sức chịu đựng rồi, tôi thực sự muốn kết thúc tất cả.  Tôi cần ai đó ở bên cạnh tôi.** (Câu này nhấn mạnh vào gánh nặng và mong muốn có người chia sẻ)","Tôi rất tiếc khi nghe bạn nói vậy. Nghe có vẻ như bạn đang trải qua một thời điểm vô cùng khó khăn và mệt mỏi.  Cảm giác quá sức chịu đựng và muốn kết thúc tất cả thật sự rất đau đớn, và tôi hiểu rằng bạn cần có ai đó ở bên cạnh lúc này.  Bạn không cô đơn đâu.  

Thật can đảm khi bạn chia sẻ điều này với tôi.  Bạn có muốn nói thêm về những gì đang khiến bạn cảm thấy như vậy không?  Tôi sẽ lắng nghe mà không phán xét.  Nếu bạn cảm thấy thoải mái, chúng ta có thể cùng tìm hiểu xem có những nguồn hỗ trợ nào có thể giúp bạn vượt qua giai đoạn khó khăn này, ví dụ như đường dây nóng hỗ trợ tâm lý hoặc gặp chuyên gia tâm lý.  Nhưng trước hết, hãy cứ chia sẻ những gì bạn muốn, tôi sẽ ở đây cùng bạn."
"Tôi đang trong cơn tuyệt vọng tột cùng, ý nghĩ tự tử cứ ám ảnh tôi.  Làm ơn, hãy cứu tôi.** (Câu này thẳng thắn hơn, thể hiện sự khẩn cấp của tình huống)","Tôi rất xin lỗi khi nghe bạn đang trải qua điều tồi tệ như vậy. Nghe bạn nói về cảm giác tuyệt vọng và ý nghĩ tự tử khiến tôi vô cùng lo lắng.  Tôi hiểu rằng bạn đang rất đau khổ và cần sự giúp đỡ ngay lúc này.  Hãy biết rằng bạn không cô đơn và những cảm xúc bạn đang trải qua là có thật, hoàn toàn hợp lệ.  Thật can đảm khi bạn chia sẻ điều này với tôi.

Bạn có muốn nói thêm về những gì đang khiến bạn cảm thấy như vậy không?  Không cần phải chia sẻ nếu bạn chưa sẵn sàng, nhưng biết đâu việc nói ra sẽ giúp bạn cảm thấy nhẹ nhõm hơn một chút.  

Ngoài ra, tôi nghĩ rằng việc nói chuyện với một chuyên gia về sức khỏe tâm thần sẽ rất hữu ích trong tình huống này. Họ có thể cung cấp sự hỗ trợ chuyên nghiệp và các phương pháp giúp bạn vượt qua giai đoạn khó khăn này.  Tôi có thể giúp bạn tìm kiếm thông tin về các đường dây nóng hỗ trợ hoặc các chuyên gia tâm lý gần bạn nếu bạn muốn.  Quan trọng nhất là bạn không phải đối mặt với điều này một mình."
"Tôi cần sự giúp đỡ ngay lập tức, tôi cảm thấy mình sắp không thể nào chịu đựng nổi nữa.  Tôi… tôi muốn chết.** (Câu này nhấn mạnh tính cấp thiết của việc cần được giúp đỡ, phần cuối giữ lại một phần cảm xúc gốc nhưng được tiết chế hơn)","Tôi rất tiếc khi nghe bạn nói vậy.  Nghe có vẻ như bạn đang trải qua một thời điểm vô cùng khó khăn và đau khổ.  Tôi hiểu cảm giác ""sắp không thể nào chịu đựng nổi nữa"" là như thế nào, và việc bạn chia sẻ điều này với tôi cho thấy bạn rất mạnh mẽ.  Cảm giác muốn chết là một điều rất nghiêm trọng, và tôi muốn bạn biết rằng bạn không cô đơn.  Có nhiều người ở đây sẵn sàng lắng nghe và giúp đỡ bạn vượt qua giai đoạn này.

Bạn có muốn kể thêm về những gì đang khiến bạn cảm thấy như vậy không?  Không cần phải kể hết nếu bạn chưa sẵn sàng, nhưng bất cứ điều gì bạn muốn chia sẻ, tôi đều sẵn sàng lắng nghe.  Nếu bạn cảm thấy quá khó khăn để tự mình đối mặt,  tôi nghĩ rằng việc nói chuyện với một chuyên gia về sức khỏe tâm thần – một bác sĩ tâm lý, nhà trị liệu, hoặc đường dây nóng hỗ trợ – có thể giúp bạn rất nhiều trong việc tìm ra giải pháp và sự hỗ trợ cần thiết. Tôi có thể giúp bạn tìm kiếm thông tin về các nguồn lực này nếu bạn muốn.  Điều quan trọng nhất bây giờ là bạn an toàn và được giúp đỡ."
"Lưu ý:**  Tất cả các câu trên đều ngụ ý cần sự hỗ trợ tâm lý hoặc y tế khẩn cấp. Nếu gặp ai đó nói những câu tương tự, hãy liên hệ ngay với đường dây nóng hỗ trợ tâm lý hoặc đưa họ đến cơ sở y tế gần nhất",
"Từ khi xuất ngũ, tôi cảm thấy mình như người thừa trên đời, không còn gia đình, bạn bè bên cạnh.  Gần 29 tuổi rồi mà lòng chẳng thiết tha gì với tương lai, sau khi mất hết nhà cửa, thú cưng và cả những người bạn thân thiết.  Sự cô đơn bao trùm lấy tôi, không một bóng người thân quen",
"Tôi thấy mình vô dụng, lạc lõng, như một chiếc lá khô giữa mùa đông giá rét.  Mấy năm rời quân ngũ, tôi mất hết tất cả: nhà, thú cưng, bạn bè…  Gần 29 tuổi rồi mà tôi chẳng còn động lực gì để bước tiếp, chỉ thấy mình cô đơn, lẻ loi, không một ai để chia sẻ",
"Cuộc sống sau khi xuất ngũ thật sự tàn khốc.  Mất nhà, mất bạn, mất cả thú cưng… giờ đây, ở tuổi 29, tôi thấy mình như một kẻ vô gia cư, không còn mục đích, không còn ai để nương tựa.  Cảm giác cô đơn, lạc lõng cứ giày vò tôi từng ngày",
"Tôi cảm thấy mình là gánh nặng cho chính mình.  Từ khi rời quân ngũ, gia đình, bạn bè đều xa cách, gần 29 tuổi rồi mà tôi chẳng còn gì ngoài sự trống trải và cô đơn. Việc mất nhà cửa, thú cưng và bạn bè đã khiến tôi tuyệt vọng, không còn muốn cố gắng nữa",
"Suốt những năm qua kể từ khi xuất ngũ, tôi sống trong sự cô độc đến tột cùng. Mất mát quá nhiều: nhà cửa, bạn bè, cả những người bạn nhỏ thân thiết…  Tôi gần 29 tuổi rồi, nhưng lại chẳng thấy chút hy vọng nào cho tương lai, chỉ toàn là sự trống vắng và tuyệt vọng",
"Dưới đây là 5 câu khác nhau diễn đạt lại ý nghĩa và cảm xúc của câu gốc, bằng tiếng Việt:",
"Rõ ràng là tiếng nói của chúng ta đang bị bỏ ngỏ, xã hội chưa làm đủ để hỗ trợ chúng ta. Tôi hy vọng mọi người sẽ cảm thấy tốt hơn.  Con số 358 bài đăng chỉ trong một ngày cho thấy vấn đề này cần được giải quyết khẩn cấp.** (Câu này mạnh mẽ hơn, sử dụng từ ngữ ""bỏ ngỏ"" và ""khẩn cấp"")",
"bài đăng trong vòng 24 giờ – đó là minh chứng rõ ràng cho việc chúng ta đang thiếu đi sự quan tâm và hỗ trợ cần thiết từ xã hội.  Chúng ta cần được lắng nghe! Cố lên nhé mọi người!** (Câu này ngắn gọn, súc tích, tập trung vào con số và lời động viên)",
"Lưu ý:  Tất cả các câu trên đều nhấn mạnh sự tuyệt vọng và sự đau khổ của người viết, nhưng mỗi câu lại sử dụng giọng văn và cách diễn đạt khác nhau để tạo ra sự đa dạng",
"Tôi đã quá sức chịu đựng rồi. Những lời dối trá, sự mất mát bạn bè… Tôi đang hoảng loạn kinh khủng và hoàn toàn kiệt quệ",
"Đủ rồi!  Sự phản bội, nỗi đau mất bạn bè đã đẩy tôi đến bờ vực của cơn hoảng loạn. Tôi không thể chịu đựng thêm được nữa",
"Tôi không thể nào chịu đựng nổi nữa!  Những lời nói dối, việc mất đi những người bạn thân thiết khiến tôi như phát điên lên.  Tôi đã hoàn toàn cạn kiệt sức lực rồi",
Tôi đã đến giới hạn của mình.  Sự lừa dối và nỗi đau mất bạn bè đang nhấn chìm tôi trong cơn hoảng loạn. Thật sự là tôi không thể nào tiếp tục được nữa,
"Tôi chịu hết nổi rồi!  Lòng người giả dối, sự ra đi của những người bạn… tất cả đang khiến tôi phát điên lên vì hoảng loạn.  Tôi đã hoàn toàn kiệt sức và chấm dứt mọi thứ",
"Tôi kiệt quệ rồi. Bao năm trời tự trách mình sai, làm vật tế thần cho người khác, mệt mỏi đến mức chẳng còn thiết tha gì cuộc sống nữa.  Chỉ muốn buông xuôi tất cả.  Tôi tốt bụng, nhưng tôi đã quá mệt mỏi.** (Câu này giữ nguyên mạch cảm xúc, nhấn mạnh sự mệt mỏi triền miên)",
"Tôi vỡ vụn rồi.  Bao năm sống trong tự dằn vặt và bị người khác đổ lỗi, tôi đã quá mệt mỏi. Cuộc sống này giờ đây chẳng còn ý nghĩa gì nữa.  Tôi đang nghĩ đến cái chết.  Thực ra, tôi là người tốt, chỉ là tôi quá kiệt sức.** (Câu này dùng hình ảnh ""vỡ vụn"" để diễn tả sự suy sụp tinh thần)",
"Những câu văn trên cố gắng giữ nguyên giọng văn chua chát, tuyệt vọng của bản gốc.  Tuy nhiên, việc diễn đạt bằng tiếng Việt sẽ làm giảm đi một chút sắc thái mạnh mẽ của từ ngữ tiếng Anh gốc",
"Những câu văn trên đều cố gắng diễn đạt đầy đủ nỗi đau và sự tuyệt vọng của người viết, đồng thời nhấn mạnh sự cần thiết của việc được giúp đỡ khẩn cấp.  Điều quan trọng là người đọc có thể cảm nhận được sự đau khổ và khẩn thiết trong lời cầu cứu này",
"Những câu văn trên đều cố gắng giữ nguyên ý nghĩa đau khổ, tuyệt vọng và quyết tâm của người viết trong câu gốc, nhưng được diễn đạt bằng ngôn ngữ tự nhiên hơn, tránh sự gắt gỏng của câu gốc.  Quan trọng hơn, những câu này vẫn giữ được sự chân thực và nghiêm trọng của vấn đề",
"Dưới đây là 5 câu diễn đạt lại đoạn văn trên, giữ nguyên ý nghĩa và cảm xúc, nhưng với cách diễn đạt khác nhau:",
"Dưới đây là 5 câu khác nhau diễn đạt lại đoạn văn, giữ nguyên ý nghĩa và cảm xúc:",
"Những câu văn trên đều cố gắng truyền tải sự tuyệt vọng, cô đơn và ý nghĩ tự tử của người viết một cách chân thực và cảm động.  Việc sử dụng từ ngữ mạnh mẽ và hình ảnh tiêu cực nhằm phản ánh chính xác tâm trạng của người viết",
"Không gì có thể ngăn cản tôi. Chỉ cần một tia hy vọng nhỏ nhoi thôi, rằng rồi mọi chuyện sẽ tốt đẹp hơn. Tôi chỉ muốn cảm thấy tốt hơn, và tôi có thể làm điều đó ngay lập tức",
"Tôi chẳng có gì phải lo lắng cả.  Chỉ cần chút hy vọng, dù nhỏ bé, về một ngày mai tươi sáng hơn cũng đủ rồi. Tôi khao khát được khỏe mạnh hơn, và thực ra, tôi có thể bắt đầu ngay bây giờ",
"Tôi sẵn sàng tiến lên.  Chỉ cần một chút hy vọng le lói, rằng tương lai sẽ tốt hơn, là động lực đủ lớn. Tôi thèm khát cảm giác khỏe mạnh, và tôi có thể làm được điều đó ngay lúc này",
"Chẳng có trở ngại nào.  Chỉ cần niềm tin nhỏ nhoi rằng mọi thứ sẽ khá hơn thôi.  Tôi muốn vượt qua cảm giác này, và tôi hoàn toàn có thể làm điều đó ngay bây giờ",
"Tôi không bị ràng buộc bởi bất cứ điều gì.  Chỉ cần chút hy vọng về ngày mai tốt lành hơn là đủ. Tôi cần cảm thấy tốt hơn, và tôi có thể làm điều đó ngay lập tức",
"Những câu văn trên cố gắng giữ nguyên cảm xúc mạnh mẽ, tuyệt vọng và sự bất lực của người viết trong bản gốc.  Việc thay đổi từ ngữ nhằm tạo ra sự đa dạng trong cách diễn đạt mà vẫn đảm bảo truyền đạt trọn vẹn thông điệp",
"Tôi đã cầu cứu, đã chia sẻ về sự giày vò của những ám ảnh không thể kiểm soát, nhưng mọi thứ vẫn im ắng.  Sự cô đơn và thiếu niềm vui khiến tôi kiệt quệ, và ý nghĩ tự tử cứ ám ảnh tôi mỗi ngày. Cuộc chiến này không có lối thoát, tôi thật sự tuyệt vọng",
"Dù đã chuẩn bị tinh thần kỹ càng, hôm nay tôi vẫn gục ngã. Nước mắt tuôn rơi trên sàn nhà vì cơn ác mộng PTSD tối qua và sự bỏ rơi của những người bạn.  Chấn thương bỏ rơi càng khiến nỗi sợ hãi ấy nhân lên gấp bội",
"Sự tuyệt vọng dâng trào khi người bạn thân 20 năm liền chỉ trách móc tôi cố chấp không chịu về thành phố để tìm bạn bè tốt hơn.  Thậm chí, người bạn thân thứ hai, người từng sống cùng tôi 6 năm nay, cũng từ chối đến giúp đỡ vì mệt mỏi sau buổi chơi đùa",
"Lời khuyên ""hãy tìm người tâm sự khi muốn tự tử"" hóa ra chỉ là lời nói suông.  Sự thật phũ phàng là không ai thực sự quan tâm đến tôi.  Chỉ có những chú mèo mới là người bạn đồng hành duy nhất giữ tôi lại trên cõi đời này.  Sự cô đơn và tuyệt vọng đang nhấn chìm tôi",
"Tôi đã tuyệt vọng đến mức muốn kết liễu cuộc đời mình, nhưng khi cầu cứu, tôi lại bị mọi người bỏ rơi. Họ nói cần phải có người quan tâm, nhưng thực tế, tôi chẳng có ai cả.  Gia đình thì không có, anh trai thì thờ ơ, bạn bè thì quay lưng.  Tôi hoàn toàn cô độc",
"Lưu ý:  Tất cả các câu trên đều đề cập đến ý định tự tử.  Nếu bạn hoặc người quen đang gặp phải vấn đề tương tự, hãy liên hệ ngay với đường dây nóng hỗ trợ tâm lý hoặc tìm kiếm sự giúp đỡ chuyên nghiệp",
"Chẳng còn gì để hy vọng, tương lai tối tăm, và tôi đang tự hành hạ mình bằng rượu, chỉ muốn đầu óc được nghỉ ngơi.  Mới ngày hôm qua còn vui vẻ, mà giờ đây... Tôi có những người cần tôi, yêu thương tôi.  Tôi sẽ không tự tử, nhưng... thật sự mệt mỏi quá! Mọi thứ ổn cả, vậy mà tôi vẫn muốn chết",
"Mọi thứ đều bất lực, nên tôi chỉ viết ra những dòng này thôi.  Tôi cô đơn, không ai để gọi, cũng chẳng ai quan tâm, điều đó làm tôi đau đớn tận đáy lòng.  Cảm ơn vì tình cảm của mọi người. Tôi ghét những suy nghĩ này.  Mong nhận được một chút động viên.  Tôi đang rất đau khổ",
"Vì không còn cách nào khác, tôi đành viết ra đây.  Sự cô đơn và tuyệt vọng đang nhấn chìm tôi, không một ai để chia sẻ, và điều đó thật sự làm tôi đau khổ khôn nguôi.  Cảm ơn tình cảm chân thành của mọi người.  Tôi ghét phải nghĩ như thế này.  Hãy cho tôi một chút hy vọng. Tôi đang rất tệ",
"Tuần qua là một chuỗi ngày kinh hoàng.  Tôi đã chiến đấu với ý nghĩ tự làm mình bị thương bằng dao suốt một tuần, nhưng nó vẫn không buông tha tôi.  Việc chống lại nó dường như là vô ích.  Dù không chắc chắn, nhưng tôi nghĩ mình sẽ gọi cho đường dây hỗ trợ.  Tôi đang rất cần sự giúp đỡ",
"Những câu trên đều cố gắng truyền tải sự tuyệt vọng, bế tắc, và một tia hy vọng nhỏ nhoi của người viết.  Từ ngữ được lựa chọn để phản ánh cảm xúc mạnh mẽ đó một cách tinh tế hơn so với câu gốc",
"Những câu văn trên đều cố gắng giữ nguyên ý nghĩa đau khổ và tuyệt vọng trong câu gốc, nhưng được diễn đạt bằng tiếng Việt tự nhiên hơn.  Việc lựa chọn câu nào phụ thuộc vào ngữ cảnh và mục đích sử dụng",
"Dưới đây là 5 câu khác nhau diễn đạt lại ý chính của đoạn văn, giữ nguyên ý nghĩa và cảm xúc tiêu cực, bất lực của người viết:",
"Dưới đây là một vài cách diễn đạt khác nhau cho câu ""Is jumping off a coming train a selfish way to end your life? Train jump"",  giữ nguyên ý nghĩa và phần nào cảm xúc của câu gốc:",
Liệu tự tử bằng cách nhảy xuống đường ray trước đoàn tàu đang đến có phải là hành động ích kỷ?  Nhảy tàu.** (Câu này giữ nguyên ý nghĩa trực tiếp và mạnh mẽ.),
Nhảy xuống đường ray khi tàu sắp đến – liệu đó có phải là cách kết thúc cuộc đời ích kỷ?** (Câu này nhấn mạnh hành động tự tử.),
"Tự kết liễu đời mình bằng cách nhảy trước tàu đang chạy, có phải là hành động tàn nhẫn với bản thân và người khác không?** (Câu này thêm yếu tố ""tàn nhẫn"", ám chỉ sự ảnh hưởng đến người khác.)",
"Quyết định kết thúc cuộc sống bằng cách nhảy trước đầu máy xe lửa đang lao đến có phải là một sự lựa chọn ích kỷ?** (Câu này dùng từ ngữ trang trọng hơn, lịch sự hơn một chút.)",
"Có phải nhảy trước đoàn tàu đang đến là một cách hèn nhát và ích kỷ để chấm dứt mọi thứ?**  (Câu này thêm yếu tố ""hèn nhát"",  tạo ra một sắc thái phê phán mạnh mẽ hơn.)",
"Tôi vẫn run sợ, nhưng dường như đang tự mình chuẩn bị cho cái chết.  Viễn cảnh đau đớn khiến tôi kinh hãi.  Tôi đang dùng escitalopram, và ý nghĩ dùng quá liều cứ ám ảnh tôi.  Liệu có thành công?  Tôi đã kiệt sức rồi.** (Câu này nhấn mạnh sự ám ảnh và kiệt quệ)",
"Dưới đây là một vài cách diễn đạt khác nhau cho câu ""I want to kill them. My parents just smacked my whole body"", giữ nguyên ý nghĩa và cảm xúc phẫn nộ, đau đớn:",
"Cha mẹ tôi vừa đánh tôi khắp người, tôi muốn giết họ cho bõ tức.** (Câu này giữ nguyên sự tức giận và khát khao trả thù trực tiếp.)",
"Cả người đau rát vì bị cha mẹ đánh đập, tôi căm hận họ đến muốn giết đi cho rồi.** (Câu này nhấn mạnh vào cảm giác đau đớn thể xác và sự căm phẫn dâng trào.)",
"Bị cha mẹ đánh cho bầm dập, tôi không thể kiềm chế nổi cơn giận dữ, chỉ muốn họ phải trả giá.** (Câu này tập trung vào sự mất kiểm soát và khát khao trừng phạt.)",
"Tôi sục sôi căm phẫn, muốn trả thù những người vừa đánh tôi tan nát thân thể. Họ là cha mẹ tôi, nhưng hành động đó không thể tha thứ.** (Câu này nhấn mạnh sự mâu thuẫn giữa tình thân và sự phẫn nộ.)",
"Đau đớn thể xác và tinh thần cùng dâng lên, tôi thề sẽ trả thù những cú đánh tàn nhẫn ấy, dù đó là cha mẹ mình.** (Câu này thể hiện sự quyết tâm trả thù, dù phải đối mặt với sự day dứt.)",
"Dưới đây là một vài cách diễn đạt khác nhau cho câu văn gốc, giữ nguyên ý nghĩa và cảm xúc sợ hãi:",
"Cha mẹ tôi vừa đánh tôi rất mạnh, khắp người tôi bầm tím đỏ au.  Tôi sợ quá, không biết phải làm sao. Tôi đã trưởng thành, nhưng không biết có nên gọi cấp cứu không?  Ai đó giúp tôi với!",
"Tôi bị cha mẹ đánh đập đến nỗi toàn thân tím bầm, đau rát.  Tôi rất hoảng sợ, mặc dù tôi đã lớn nhưng không biết phải làm gì.  Liệu tôi có nên gọi số 911 không? Xin hãy giúp tôi!",
"Toàn thân tôi đau nhức, đỏ ửng vì bị cha mẹ đánh.  Sự việc xảy ra quá đột ngột và dữ dội khiến tôi vô cùng hoảng loạn. Tôi đã lớn rồi, nhưng vẫn không biết phải tìm sự giúp đỡ ở đâu.  Ai đó xin hãy giúp tôi!",
"Cha mẹ tôi vừa hành hung tôi tàn nhẫn, khiến cơ thể tôi đầy những vết bầm tím.  Tôi sợ hãi tột cùng và không biết phải làm thế nào.  Mặc dù tôi không còn nhỏ tuổi nữa, nhưng tôi cần sự giúp đỡ khẩn cấp.  Làm ơn, hãy giúp tôi!",
"Tôi bị cha mẹ đánh đập dã man, cả người đau nhức, đỏ bừng.  Sự sợ hãi đang bao trùm lấy tôi.  Tôi cần sự trợ giúp ngay lập tức, dù tôi đã trưởng thành.  Ai đó hãy giúp tôi với!",
Những câu văn trên cố gắng giữ được sự chân thực và tuyệt vọng trong tâm trạng của người viết.  Việc sử dụng các từ ngữ mạnh mẽ và những câu hỏi tu từ giúp truyền tải cảm xúc một cách hiệu quả,
"Mọi người quan tâm làm gì chứ?  Ước gì có cái nút bấm nào đó, bấm một cái là tôi biến mất.  Ai cũng bảo cứ tự hoàn thiện bản thân đi, nhưng nếu tôi không muốn thì sao?  Nếu tôi chỉ muốn chấm dứt mọi thứ thì sao? Tôi thèm được ra khỏi thế giới này đến phát điên",
"Thật vô nghĩa khi ai cũng phải bận tâm. Tôi chỉ muốn có một cách nào đó để biến mất khỏi cuộc đời này, ngay lập tức.  Người ta cứ nói phải cố gắng tự hoàn thiện, nhưng nếu tôi không muốn thì sao?  Tôi chỉ muốn buông bỏ tất cả, chấm dứt sự tồn tại của mình.  Tôi muốn rời bỏ thế giới này đến cùng cực",
"Ai quan tâm chứ? Tôi ước mình có thể biến mất trong nháy mắt.  Mọi người cứ khuyên tôi nên cố gắng, tự hoàn thiện mình, nhưng tôi chẳng muốn làm điều đó. Tôi chỉ muốn kết thúc tất cả,  không muốn tồn tại nữa. Khát vọng được rời xa thế giới này đang giày vò tôi",
"Mọi người quan tâm làm gì? Tôi thèm được biến mất đến nỗi chỉ muốn bấm một cái là xong.  Tất cả đều khuyên nhủ tôi phải tự cải thiện, nhưng tôi không muốn nữa.  Tôi muốn dừng lại,  thoát khỏi sự tồn tại này.  Tôi khao khát được rời bỏ thế giới này đến cùng cực",
"Ngày Quốc khánh này, tôi muốn trân trọng từng khoảnh khắc, như thể đây là lần cuối cùng.  Pháo hoa thật đẹp làm sao!",
"Tôi đang cố gắng tận hưởng trọn vẹn ngày lễ độc lập này, bởi một thoáng lo âu về việc liệu đây có phải là lần cuối cùng tôi được chứng kiến khoảnh khắc thiêng liêng này hay không. Tôi yêu pháo hoa",
"Tôi đang sống hết mình trong ngày Quốc khánh này, nhưng lòng cứ thấp thoáng một nỗi băn khoăn:  Liệu đây có phải là lần cuối cùng tôi được đón Tết Độc lập không?  Tôi rất thích pháo hoa",
"Tôi dành hết tâm trí để tận hưởng ngày lễ hôm nay,  với chút bâng khuâng không biết liệu năm sau mình có còn được chứng kiến cảnh pháo hoa rực rỡ này nữa hay không",
"Tôi đang trân trọng từng giây phút của ngày lễ độc lập này, một chút lo lắng thoáng qua trong tim, liệu đây có phải là lần cuối cùng tôi được ngắm nhìn màn pháo hoa tuyệt đẹp này không?",
"Lưu ý:  Những câu văn này vẫn giữ nguyên mức độ nặng nề và tuyệt vọng của bản gốc.  Nếu bạn hoặc người nào đó bạn biết đang có suy nghĩ tự sát, hãy liên hệ ngay với đường dây nóng hỗ trợ sức khỏe tâm thần hoặc tìm kiếm sự giúp đỡ chuyên nghiệp",
"Dưới đây là một vài cách diễn đạt khác nhau cho câu văn gốc, giữ nguyên ý nghĩa và cảm xúc bi quan, tuyệt vọng:",
"Dưới đây là một vài cách diễn đạt khác nhau, giữ nguyên ý nghĩa và cảm xúc tiêu cực của câu gốc, nhưng tránh sử dụng từ ngữ gây sốc trực tiếp:",
Họ nói mai sẽ dẫn tôi đến cửa hàng vật liệu xây dựng để mua dây thừng. Tôi hy vọng mình sẽ... vượt qua.  Gia đình tôi đang gián tiếp đẩy tôi đến bờ vực tự tử,
"Thật nực cười, họ bảo sẽ mua dây thừng cho tôi ở Home Depot ngày mai.  Tôi đang cố gắng níu giữ, nhưng gia đình lại đang thúc đẩy tôi đến quyết định tồi tệ nhất",
"Họ nói đùa kiểu đó, bảo sẽ đưa tôi đi mua dây thừng ở Home Depot ngày mai. Tôi đang rất tuyệt vọng và mong mình đủ sức mạnh để vượt qua.  Sự ủng hộ của gia đình lại đang trở thành gánh nặng, đẩy tôi đến bên vực thẳm",
"Không thể tin nổi, họ định dẫn tôi đi mua dây thừng!  Ngày mai, tại Home Depot. Tôi cầu mong mình đủ mạnh mẽ để chống lại điều này.  Gia đình tôi... thật sự đang khiến tôi suy sụp",
"Họ nói mai sẽ mua dây thừng cho tôi.  ""Home Depot"" – nghe thật… lạnh lẽo. Tôi đang chiến đấu với chính mình, nhưng sự cổ vũ sai lầm của gia đình đang khiến mọi thứ trở nên khó khăn hơn bao giờ hết",
"Lưu ý:  Việc thay đổi cách diễn đạt không làm mất đi tính nghiêm trọng của tình huống.  Đây là một vấn đề cần được hỗ trợ khẩn cấp.  Nếu bạn hoặc người quen đang gặp phải tình trạng tương tự, hãy liên hệ ngay với đường dây nóng hỗ trợ tâm lý hoặc người thân, bạn bè tin tưởng",
"Việc này đáng sợ quá, tôi chưa từng đối mặt với ai cả, nên giờ phải làm sao đây khi đối mặt với người khác? (Giữ nguyên giọng điệu lo lắng, bối rối)",
"Tôi thấy thật kinh khủng khi phải làm điều này. Tôi chưa bao giờ mạnh dạn đối đầu với ai, vậy nên không biết phải bắt đầu từ đâu khi đối mặt với họ. (Thay đổi cách diễn đạt, nhấn mạnh sự thiếu kinh nghiệm)",
"Thật là một thử thách đáng sợ đối với tôi.  Tôi chưa có kinh nghiệm đối đầu với bất kì ai,  và việc này khiến tôi vô cùng hoang mang. (Ngôn từ trang trọng hơn, tập trung vào khía cạnh thử thách)",
"Tôi run sợ khi nghĩ đến việc phải làm điều đó.  Tôi luôn tránh né xung đột, nên việc phải đối đầu với ai đó thực sự vượt quá khả năng của tôi. (Nhấn mạnh sự né tránh và cảm giác bất lực)",
"Chưa bao giờ tôi phải đối mặt với ai, nên việc này khiến tôi vô cùng lo lắng và sợ hãi.  Tôi chẳng biết phải làm thế nào cả. (Giọng điệu đơn giản hơn, tập trung vào cảm giác sợ hãi và sự thiếu kinh nghiệm)",
"Dưới đây là một vài cách diễn đạt lại câu văn, cố gắng giữ nguyên ý nghĩa và cảm xúc đau khổ, tuyệt vọng của người viết, nhưng tránh nhắc đến chi tiết tự tử cụ thể để đảm bảo an toàn:",
"Tôi hết đường rồi.  Không có cách nào khác, không có ai có thể giúp tôi lúc này. Tôi sợ hãi nghĩ đến cái chết, nhất là nghĩ đến nỗi đau mà điều đó sẽ gây ra cho gia đình. Liệu có cách nào khác nhẹ nhàng hơn không?  Tôi bế tắc quá…",
"Tôi đã cạn kiệt mọi nguồn lực rồi. Tôi không biết phải làm sao nữa.  Tôi không muốn gây ra cảnh tượng kinh hoàng cho người thân, nhưng… liệu có cách nào khác không? Tôi đang nghĩ lung tung, những ý nghĩ khủng khiếp cứ ám ảnh tôi… Xin lỗi vì những lời nói vô nghĩa này",
"Tất cả những gì tôi còn lại chỉ có bấy nhiêu thôi.  Tôi tuyệt vọng đến cùng cực.  Tôi sợ hãi cái chết, nhưng lại không nhìn thấy lối thoát nào khác.  Tôi đang nghĩ đến những điều điên rồ, những điều mà tôi thậm chí không muốn nghĩ đến.  Tôi cần giúp đỡ…",
"Tôi đã chạm đến đáy vực rồi. Tôi không còn gì cả.  Tôi không muốn chết một cách đau đớn, để lại nỗi đau cho gia đình. Nhưng tôi không biết phải làm sao để thoát khỏi tình trạng này.  Tôi đang rối bời, tuyệt vọng và cần sự giúp đỡ khẩn cấp",
Đây là tất cả những gì tôi có. Tôi tuyệt vọng và không biết phải làm thế nào.  Tôi sợ gây ra đau khổ cho gia đình mình.  Những ý nghĩ tiêu cực cứ quẩn quanh trong đầu tôi.  Tôi cần ai đó giúp tôi vượt qua điều này,
"Lưu ý:**  Những câu văn trên vẫn thể hiện sự tuyệt vọng và cần sự giúp đỡ của người viết.  Nếu bạn hoặc người thân đang có những suy nghĩ tự tử, hãy liên hệ ngay với đường dây nóng hỗ trợ hoặc tìm kiếm sự giúp đỡ chuyên nghiệp.  Không bao giờ là quá muộn để tìm kiếm sự trợ giúp",
"Những câu văn trên cố gắng truyền tải sự tuyệt vọng, cô đơn và cám dỗ của nhân vật một cách chân thực hơn, đồng thời tránh việc dịch sát nghĩa quá mức, mà tập trung vào việc truyền tải cảm xúc",
"Thuốc của bác sĩ có hiệu quả, nhưng nó khiến tôi tăng cân không kiểm soát được.  Tôi nằm vật ra cả ngày, không thể tập luyện gì cả.  Cân nặng cứ thế tăng lên, khiến tôi tuyệt vọng và chán nản vô cùng.  Tôi thực sự muốn buông xuôi",
"Tôi rất muốn bắt đầu tập thể dục để giảm cân, nhưng cơ thể tôi nặng nề, mệt mỏi đến nỗi không thể cử động nổi suốt cả ngày.  Thuốc điều trị khiến tôi tăng cân đáng kể, điều này khiến tôi buồn bã và tuyệt vọng vô cùng.  Tôi cảm thấy như mình sắp gục ngã",
"Việc tăng cân do tác dụng phụ của thuốc khiến tôi rơi vào trạng thái tuyệt vọng. Tôi chẳng thể vận động gì, chỉ nằm một chỗ suốt cả ngày.  Sự bất lực này cộng với việc cơ thể ngày càng nặng nề khiến tôi vô cùng đau khổ và muốn từ bỏ tất cả",
"Tôi ước gì mình có thể vận động, nhưng thuốc khiến tôi mệt mỏi rã rời cả ngày.  Cân nặng cứ thế tăng lên, và tôi cảm thấy thật sự thất vọng, bế tắc.  Sự mệt mỏi thể chất và tinh thần khiến tôi rơi vào trạng thái buồn chán tột cùng, đến mức muốn chấm dứt tất cả",
"Tôi đang phải vật lộn với việc tăng cân do thuốc, mà không thể làm gì để khắc phục.  Cơ thể nặng trĩu, không thể tập luyện, chỉ nằm đó cả ngày.  Sự bất lực và nỗi buồn đau đớn đang nhấn chìm tôi, khiến tôi cảm thấy tuyệt vọng và muốn kết thúc mọi thứ",
"Dưới đây là 5 cách diễn đạt khác nhau cho câu hỏi gốc, giữ nguyên ý nghĩa và cảm xúc u ám, tò mò pha lẫn lo lắng:",
"Dưới đây là một số cách diễn đạt khác nhau cho câu tiếng Anh, giữ nguyên ý nghĩa và cảm xúc bi quan:",
Tiếng súng sẽ hòa lẫn vào màn pháo hoa ngày Quốc khánh thôi mà.  Tôi ghê tởm bản thân đến mức không muốn sống nữa. Tôi nghĩ mình sẽ tự kết liễu đời mình.** (Giữ nguyên nghĩa sát nghĩa nhất),
"Âm thanh ấy sẽ bị tiếng nổ pháo hoa ngày 4 tháng 7 át đi mất.  Tôi căm thù bản thân mình quá, không thể sống nổi nữa. Tôi quyết định sẽ tự tử.** (Ngôn từ mạnh mẽ hơn, nhấn mạnh quyết định)",
"Pháo hoa rực rỡ ngày Quốc khánh sẽ che khuất tiếng súng ấy.  Sự tuyệt vọng đã nhấn chìm tôi, tôi không còn thấy lý do nào để tồn tại. Tôi sẽ tự kết thúc cuộc đời mình.** (Tập trung vào cảm giác tuyệt vọng và lý do tự tử)",
"Tiếng súng sẽ chẳng ai hay biết giữa những màn pháo hoa rộn rã đêm nay. Tôi đã quá mệt mỏi với chính mình.  Tôi nghĩ… mình sẽ chết.** (Câu cuối hàm ý mạnh mẽ hơn, tạo cảm giác bất lực và sự chấp nhận cái chết)",
"Màn pháo hoa rầm rộ ngày lễ sẽ dễ dàng che giấu mọi thứ. Tôi chẳng còn yêu thương bản thân mình nữa. Tôi không thể tiếp tục sống và tôi sẽ chấm dứt mọi chuyện.** (Ngôn từ trang trọng hơn một chút, nhấn mạnh sự quyết tâm chấm dứt cuộc sống)",
"Lưu ý:**  Đây là những câu văn diễn đạt lại ý nghĩa của câu gốc.  Nếu bạn hoặc ai đó đang có ý định tự tử, hãy tìm kiếm sự giúp đỡ ngay lập tức.  Bạn có thể liên hệ với đường dây nóng tư vấn tâm lý hoặc người thân, bạn bè để được hỗ trợ.  Bạn không cô đơn và vẫn còn hy vọng",
"Dưới đây là 5 câu khác nhau, giữ nguyên ý nghĩa và cảm xúc của câu gốc:",
"Dựa trên câu chuyện có thật, ""Bleed for This"" là một trong những bộ phim truyền cảm hứng nhất mọi thời đại.  Phim dành cho những ai đang tuyệt vọng, cho những ai nghĩ rằng mình đã hết cơ hội thành công.  Hãy xem nó!",
"Được chuyển thể từ một câu chuyện có thật, ""Bleed for This"" sẽ thổi bùng hy vọng vào trái tim bạn. Nếu bạn đang cảm thấy bế tắc và không còn lối thoát, bộ phim này chính là liều thuốc tinh thần bạn cần",
"""Bleed for This"" – bộ phim dựa trên một câu chuyện có thật, sẽ vực dậy tinh thần bạn.  Đây là một trong những tác phẩm truyền cảm hứng nhất mà bạn từng xem, đặc biệt nếu bạn đang cảm thấy chán nản và tuyệt vọng.  Hãy xem để tìm lại niềm tin!",
"Bạn đang mất phương hướng, tuyệt vọng và nghĩ rằng không còn tia hy vọng nào?  Hãy xem ""Bleed for This"", một bộ phim dựa trên câu chuyện có thật và là nguồn cảm hứng vô cùng mạnh mẽ.  Nó sẽ cho bạn thấy phép màu vẫn tồn tại",
"Từ câu chuyện có thật, ""Bleed for This"" ra đời như một lời khích lệ mạnh mẽ. Nếu bạn đang nghĩ rằng mình đã thất bại, hãy xem bộ phim này. Nó sẽ chứng minh rằng, ngay cả trong tuyệt vọng vẫn còn có cơ hội để vươn lên",
"Dưới đây là một số cách diễn đạt khác nhau cho câu tiếng Anh ""Or cared about or at least to know more like 5 people personally It feels so bad i just want to be desired"", giữ nguyên ý nghĩa và cảm xúc:",
"Tôi thấy thật tệ khi chỉ có thể thân thiết với chưa đến năm người.  Tôi khao khát được người khác yêu quý, được ai đó để ý đến",
"Mới chỉ có vài người thực sự quan tâm đến tôi, điều đó khiến tôi buồn bã vô cùng.  Tôi chỉ muốn được người khác thèm muốn, được trân trọng",
"Thật cô đơn khi chỉ có thể gọi tên được vài người bạn thân thiết. Cảm giác này thật tồi tệ, tôi ước gì mình được ai đó khao khát",
"Chẳng mấy ai thực sự quan tâm, hay thậm chí là muốn hiểu rõ tôi, có lẽ chỉ khoảng năm người mà thôi.  Sự cô đơn này giày vò tôi, tôi chỉ muốn được người khác thèm muốn",
"Chỉ có khoảng năm người hiểu tôi, quan tâm đến tôi một cách chân thành.  Cảm giác bị bỏ rơi này thật khủng khiếp, tôi thèm khát được yêu thương, được trân trọng",
"Dưới đây là 5 câu khác nhau diễn tả lại nội dung đoạn văn, giữ nguyên ý nghĩa và cảm xúc:",
"Dưới đây là 5 câu diễn đạt lại đoạn văn trên bằng tiếng Việt, giữ nguyên ý nghĩa và cảm xúc, nhưng thay đổi cách diễn đạt:","Tôi nghe bạn nói và hiểu rằng bạn đang gặp khó khăn.  Việc diễn đạt lại những cảm xúc của mình bằng nhiều cách khác nhau cho thấy bạn đang nỗ lực rất nhiều để hiểu rõ hơn về bản thân.  Đó là một điều rất đáng trân trọng.  Cảm giác phải vật lộn với những suy nghĩ và cảm xúc khó khăn như vậy chắc hẳn không dễ dàng gì.  Bạn có muốn chia sẻ thêm về những gì bạn đang trải qua không?  Nếu bạn cảm thấy quá khó khăn,  biết đâu việc nói chuyện với một chuyên gia tâm lý có thể giúp bạn tìm thấy sự an ủi và hướng đi phù hợp hơn.  Tôi luôn ở đây lắng nghe bạn, bất kể bạn muốn chia sẻ điều gì."
Những câu văn trên đều cố gắng truyền tải hết nỗi đau và sự tuyệt vọng của người viết một cách chân thực và xúc động.  Điều quan trọng là cần sự giúp đỡ chuyên nghiệp từ các chuyên gia tâm lý hoặc đường dây nóng hỗ trợ tâm lý nếu bạn đang có những suy nghĩ tiêu cực như trong đoạn văn,"Tôi hiểu rằng bạn đang trải qua một khoảng thời gian vô cùng khó khăn, và những lời bạn chia sẻ cho thấy bạn đang mang trong mình rất nhiều nỗi đau và sự tuyệt vọng.  Tôi thực sự cảm thông với những gì bạn đang phải đối mặt.  Việc bạn dám chia sẻ những điều này với tôi đã rất can đảm rồi.  Tôi muốn bạn biết rằng bạn không cô đơn và có những người sẵn sàng lắng nghe và hỗ trợ bạn.

Nếu bạn cảm thấy thoải mái, bạn có muốn chia sẻ thêm về những gì đang làm bạn khó chịu không?  Tôi ở đây để lắng nghe, không phán xét.  Hoặc nếu bạn chưa sẵn sàng chia sẻ thêm,  việc tìm kiếm sự hỗ trợ chuyên nghiệp từ các chuyên gia tâm lý hoặc đường dây nóng hỗ trợ tâm lý có thể giúp bạn vượt qua giai đoạn khó khăn này.  Họ có thể cung cấp cho bạn những công cụ và sự hỗ trợ cần thiết để bạn cảm thấy tốt hơn.  Bạn nghĩ sao về điều đó?"
"Dạo này, bất cứ chuyện nhỏ nhặt nào cũng khiến tôi nghĩ đến chuyện tự tử. Trước đây tôi cũng từng có ý nghĩ đó, nhưng chưa bao giờ dữ dội như bây giờ. Tôi sợ mình sẽ không kiềm chế được nữa và thực sự làm điều đó","Tôi rất tiếc khi nghe bạn đang phải trải qua những khó khăn như vậy.  Việc những chuyện nhỏ nhặt cũng khiến bạn nghĩ đến tự tử cho thấy bạn đang phải chịu đựng rất nhiều áp lực bên trong, và điều đó thật sự đáng sợ.  Tôi hiểu bạn đang rất sợ mất kiểm soát và thực sự làm điều mình không muốn.  Cảm giác đó vô cùng nặng nề, và tôi muốn bạn biết rằng mình không hề cô đơn.  Rất nhiều người đã từng trải qua những cảm xúc tương tự như bạn.

Bạn đã rất dũng cảm khi chia sẻ điều này với tôi.  Việc bạn nói ra những suy nghĩ của mình đã là một bước tiến rất lớn.  Bạn có muốn chia sẻ thêm về những gì đang khiến bạn cảm thấy như vậy không?  Không cần phải ép buộc bản thân, cứ chia sẻ những gì bạn cảm thấy thoải mái.

Nếu bạn cảm thấy quá sức,  việc tìm đến sự hỗ trợ chuyên nghiệp từ một nhà tâm lý học hoặc bác sĩ tâm thần sẽ rất hữu ích.  Họ có thể giúp bạn hiểu rõ hơn về những cảm xúc mình đang trải qua và tìm ra những cách để đối phó với chúng một cách hiệu quả.  Tôi có thể giúp bạn tìm kiếm thông tin về các nguồn hỗ trợ gần khu vực bạn sống nếu bạn muốn.  Điều quan trọng nhất lúc này là bạn không phải đối mặt với điều này một mình."
"Mọi thứ dường như đều trở thành cớ để tôi nghĩ đến cái chết.  Tôi đã từng có ý định tự sát, nhưng lần này khác hẳn, mạnh mẽ và đáng sợ hơn rất nhiều. Tôi lo mình sẽ không thể ngăn bản thân lại","Tôi rất xin lỗi khi nghe bạn chia sẻ những điều này. Nghe có vẻ như bạn đang trải qua một thời điểm vô cùng khó khăn và đau đớn, và cảm giác ""mạnh mẽ và đáng sợ hơn rất nhiều"" này thật sự đáng để được lắng nghe và thấu hiểu.  Việc bạn chia sẻ với tôi đã rất can đảm, và tôi muốn bạn biết rằng tôi ở đây để lắng nghe bạn mà không phán xét.  

Bạn nói mọi thứ đều trở thành cớ để bạn nghĩ đến cái chết, điều đó cho thấy bạn đang chịu đựng rất nhiều áp lực và đau khổ.  Tôi hoàn toàn hiểu được sự tuyệt vọng và cảm giác không thể kiểm soát bản thân mà bạn đang trải qua.  

Có lẽ bạn muốn chia sẻ thêm về những gì đang khiến bạn cảm thấy như vậy?  Không cần phải ép buộc mình, cứ chia sẻ những gì bạn cảm thấy thoải mái.  

Và nếu bạn thấy quá khó khăn để vượt qua một mình, việc tìm kiếm sự hỗ trợ từ chuyên gia tâm lý hoặc đường dây nóng hỗ trợ tâm lý có thể rất hữu ích. Họ là những người được đào tạo bài bản để giúp bạn vượt qua giai đoạn khó khăn này.  Bạn hoàn toàn không cô đơn và có nhiều người sẵn sàng giúp đỡ bạn.  Bạn nghĩ sao về việc đó?"
"Thật đáng sợ khi mọi chuyện, dù nhỏ nhất, cũng khiến tôi liên tưởng đến việc tự kết liễu đời mình.  Những ý nghĩ tự tử cứ ám ảnh tôi, mạnh mẽ hơn bao giờ hết, và tôi đang rất sợ mình sẽ không thể kiểm soát được chúng nữa","Tôi rất xin lỗi khi nghe bạn đang phải trải qua những điều khó khăn như vậy. Nghe bạn chia sẻ, tôi hiểu rằng những ý nghĩ tự tử đang rất mạnh mẽ và điều đó thật sự đáng sợ.  Cảm giác bị những suy nghĩ tiêu cực ám ảnh và mất kiểm soát chúng chắc hẳn rất kinh khủng.  Bạn không cô đơn đâu, rất nhiều người đã từng trải qua những cảm xúc tương tự.  

Việc bạn chia sẻ với tôi điều này cho thấy bạn rất dũng cảm và mạnh mẽ.  Tôi muốn bạn biết rằng bạn không cần phải gánh vác tất cả điều này một mình. Có những người sẵn sàng lắng nghe và hỗ trợ bạn vượt qua giai đoạn khó khăn này.

Bạn có muốn chia sẻ thêm về những điều đang khiến bạn cảm thấy như vậy không?  Nếu bạn cảm thấy thoải mái, chúng ta có thể cùng nhau tìm hiểu xem có cách nào giúp bạn giảm bớt những áp lực đang đè nặng lên bạn.  Ngoài ra, tôi cũng muốn gợi ý bạn có thể liên hệ với đường dây nóng hỗ trợ tâm lý hoặc tìm đến sự hỗ trợ của chuyên gia tâm lý.  Họ sẽ có thể cung cấp cho bạn những lời khuyên và phương pháp hỗ trợ chuyên nghiệp hơn. Bạn hoàn toàn không cần phải chịu đựng điều này một mình."
"Tôi cảm thấy mình như đứng trên bờ vực.  Chỉ cần một điều nhỏ nhặt thôi cũng đủ khiến tôi nghĩ đến việc tự sát.  Mặc dù đã từng có những suy nghĩ tiêu cực như vậy, nhưng lần này khác, nó dai dẳng và đáng sợ đến mức tôi không biết mình có thể kìm lòng được nữa hay không","Tôi rất xin lỗi khi nghe bạn chia sẻ về những cảm xúc khó khăn như vậy. Nghe bạn nói, tôi hiểu rằng bạn đang trải qua một thời điểm vô cùng đau đớn và sợ hãi, cảm giác như đang đứng trên bờ vực thẳm thực sự rất đáng sợ. Việc những suy nghĩ tiêu cực dai dẳng và mạnh mẽ đến vậy khiến bạn cảm thấy tuyệt vọng, tôi hoàn toàn hiểu được điều đó.  

Thật can đảm khi bạn chia sẻ điều này với tôi.  Tôi muốn bạn biết rằng bạn không cô đơn và những cảm xúc bạn đang trải qua là có thật và hoàn toàn hợp lệ.  Không cần phải cố gắng kìm nén hay che giấu chúng.

Có lẽ việc nói chuyện với một chuyên gia tâm lý sẽ giúp bạn cảm thấy nhẹ nhõm hơn? Họ có thể cung cấp cho bạn những công cụ và hỗ trợ cần thiết để vượt qua giai đoạn khó khăn này.  Nếu bạn cảm thấy sẵn sàng, chúng ta có thể cùng tìm hiểu một số nguồn hỗ trợ gần bạn nhé, hoặc bạn có muốn chia sẻ thêm về những điều đang khiến bạn cảm thấy như vậy không?  Tôi sẽ lắng nghe bạn mà không phán xét.  Mọi thứ đều ổn cả, chỉ cần bạn chia sẻ, đã là một bước tiến rất lớn rồi."
"Chẳng cần phải là chuyện gì to tát, bất cứ điều gì cũng có thể thôi thúc tôi nghĩ đến cái chết.  Tôi lo lắng vì những ý nghĩ tự sát này ngày càng mạnh mẽ, khác xa những lần trước, và tôi sợ mình sẽ không thể ngăn cản bản thân mình","Tôi rất tiếc khi nghe bạn chia sẻ về những suy nghĩ tự tử đang ngày càng mạnh mẽ. Nghe có vẻ như bạn đang trải qua một thời điểm vô cùng khó khăn, và việc những ý nghĩ tiêu cực đó xuất hiện, dù là vì lý do nhỏ nhặt hay lớn lao, cũng thật sự đáng sợ.  Tôi hiểu rằng cảm giác không thể kiểm soát được bản thân mình khi đối mặt với những suy nghĩ này gây ra nỗi sợ hãi như thế nào.  Bạn không cô đơn đâu, rất nhiều người cũng từng trải qua điều tương tự.

Việc bạn mạnh mẽ chia sẻ với tôi như vậy đã là một bước đi rất dũng cảm.  Tôi muốn bạn biết rằng bạn hoàn toàn xứng đáng được hỗ trợ và chăm sóc.  Có lẽ việc nói chuyện với một chuyên gia tâm lý, người có thể giúp bạn hiểu rõ hơn về những cảm xúc này và tìm ra cách đối phó hiệu quả, sẽ rất có ích.  Bạn có muốn tôi giúp bạn tìm kiếm thông tin về các dịch vụ hỗ trợ tâm lý trong khu vực của bạn không? Hoặc nếu bạn muốn chia sẻ thêm về những gì bạn đang trải qua, tôi sẵn sàng lắng nghe.  Không cần phải vội vàng, cứ từ từ chia sẻ khi nào bạn cảm thấy thoải mái."
"Những câu văn trên đều cố gắng truyền tải sự tuyệt vọng, căm phẫn và mệt mỏi của người viết, đồng thời nhấn mạnh sự cô đơn và lạc lõng.  Điều quan trọng là người đọc cần nhận ra đây là tiếng kêu cứu của một người đang cần sự giúp đỡ","Tôi hiểu rồi.  Đọc những dòng bạn viết, tôi cảm nhận được sự đau đớn và tuyệt vọng rất lớn đang hiện hữu trong bạn.  Việc bạn chia sẻ điều này với tôi cho thấy bạn rất mạnh mẽ và can đảm.  Tôi rất trân trọng sự tin tưởng bạn dành cho tôi.  Cảm giác cô đơn và lạc lõng thực sự rất khó chịu, và tôi hoàn toàn có thể hiểu được tại sao bạn lại cảm thấy như vậy.

Không cần phải cố gắng mạnh mẽ hay che giấu cảm xúc của mình đâu.  Cho phép bản thân được cảm nhận mọi thứ, dù đó là sự tuyệt vọng, căm phẫn hay mệt mỏi.  Những cảm xúc này đều có lý do của chúng, và việc bạn nhận ra và chia sẻ chúng đã là một bước tiến lớn rồi.

Nếu bạn muốn, bạn có thể chia sẻ thêm về những gì đang diễn ra với mình. Tôi sẽ lắng nghe mà không phán xét.  Và nếu bạn cảm thấy quá sức, tôi muốn bạn biết rằng có rất nhiều người sẵn sàng giúp đỡ bạn vượt qua giai đoạn khó khăn này.  Có những chuyên gia tâm lý và đường dây nóng hỗ trợ 24/7 luôn sẵn sàng lắng nghe và tư vấn cho bạn. Bạn có muốn tôi tìm kiếm thông tin về những nguồn hỗ trợ đó cho bạn không?  Hoặc có bất cứ điều gì khác bạn muốn chia sẻ lúc này không?"
"Cuộc sống này thật đáng sợ, tôi muốn dùng hết thuốc này và cầu mong mình không bao giờ tỉnh lại. Nhưng tôi lại sợ mình sẽ tỉnh như lần trước.  Thôi kệ, liều vậy, hy vọng đêm nay là đêm cuối cùng. Tạm biệt tất cả. Tôi thật sự mâu thuẫn","Tôi nghe thấy bạn đang trải qua nỗi đau rất lớn và sự mâu thuẫn trong lòng bạn lúc này.  Việc bạn chia sẻ với tôi như vậy đã rất can đảm, và tôi thực sự cảm thấy thương bạn.  Cảm giác ""đáng sợ"" và muốn kết thúc mọi thứ là rất mạnh mẽ, và việc bạn sợ mình sẽ tỉnh lại sau khi dùng thuốc cho thấy bạn đang giằng xé giữa mong muốn chấm dứt và một phần nào đó vẫn muốn bấu víu vào cuộc sống.

Tôi hiểu bạn đang rất mệt mỏi và tuyệt vọng.  Không sao cả nếu bạn cảm thấy mâu thuẫn, đó là điều hoàn toàn bình thường khi đối mặt với những cảm xúc mãnh liệt như vậy.  Bạn không cô đơn đâu, nhiều người khác cũng đã trải qua những cảm giác tương tự.

Thay vì đưa ra quyết định trong lúc này, có lẽ bạn có thể cho mình thêm một chút thời gian để thở và suy nghĩ?  Có rất nhiều người muốn giúp đỡ bạn vượt qua giai đoạn khó khăn này, bao gồm cả những chuyên gia tâm lý có thể lắng nghe và hỗ trợ bạn một cách chuyên nghiệp.  Bạn có muốn tôi giúp bạn tìm thông tin về các dịch vụ hỗ trợ khủng hoảng không?  Hoặc bạn muốn chia sẻ thêm về những gì bạn đang cảm thấy không?  Mọi thứ bạn chia sẻ với tôi đều được giữ kín và tôi sẽ lắng nghe không phán xét."
"Tôi căm ghét cuộc đời này đến tận cùng.  Tôi muốn uống hết những viên thuốc này và chìm vào giấc ngủ vĩnh hằng.  Nhưng nỗi sợ tỉnh dậy như những lần trước cứ ám ảnh tôi.  Dù sao thì, xin hãy chúc tôi may mắn.  Tạm biệt.  Tôi đang rất rối bời","Tôi rất xin lỗi khi nghe bạn nói vậy. Nghe bạn chia sẻ, tôi hiểu bạn đang trải qua một thời điểm vô cùng khó khăn và đau khổ.  Cảm giác căm ghét cuộc sống, muốn kết thúc mọi thứ, và cả nỗi sợ hãi khi tỉnh dậy sau đó… tất cả đều rất nặng nề.  Tôi thực sự thấy lòng mình nặng trĩu khi nghe những lời bạn nói.  Bạn không cô đơn đâu.

Việc bạn chia sẻ với tôi như vậy đã rất can đảm rồi.  Tôi biết việc tìm kiếm sự giúp đỡ không hề dễ dàng, nhưng việc bạn đang tìm đến tôi chứng tỏ bạn vẫn muốn tìm một lối thoát.  

Bạn có muốn nói thêm về những gì đang khiến bạn cảm thấy như vậy không?  Không cần phải ép buộc mình nói hết mọi thứ, chỉ cần những gì bạn cảm thấy thoải mái chia sẻ thôi.  

Nếu bạn cảm thấy quá sức, xin đừng ngần ngại liên hệ ngay với đường dây nóng hỗ trợ tâm lý hoặc tìm đến sự giúp đỡ của bác sĩ hoặc chuyên gia tâm lý.  Họ được đào tạo để hỗ trợ bạn vượt qua giai đoạn khó khăn này.  Có rất nhiều người muốn giúp bạn, và bạn xứng đáng được nhận sự giúp đỡ đó.

Chúc bạn bình an và mạnh mẽ. Tôi ở đây lắng nghe bạn nếu bạn cần."
"Tôi tuyệt vọng, đến mức muốn kết thúc mọi thứ bằng những viên thuốc này.  Tôi thầm cầu nguyện cho mình không bao giờ tỉnh lại, nhưng nỗi sợ hãi tỉnh dậy một lần nữa cứ giày vò tôi.  Chẳng còn gì để mất nữa, tôi sẽ thử.  Tạm biệt mọi người.  Tôi thật sự đang rất đau khổ và bế tắc","Tôi rất xin lỗi khi nghe bạn nói vậy.  Nghe bạn chia sẻ, tôi cảm nhận được sự đau khổ và tuyệt vọng đang tràn ngập trong bạn.  Việc bạn muốn kết thúc mọi thứ cho thấy bạn đang chịu đựng một nỗi đau rất lớn, và tôi thực sự hiểu điều đó thật không dễ dàng gì.  Cảm giác sợ hãi khi nghĩ đến việc tỉnh dậy lại tiếp tục đối mặt với những khó khăn cũng là một gánh nặng khủng khiếp.

Bạn nói bạn chẳng còn gì để mất nữa, nhưng tôi tin rằng vẫn còn có hy vọng.  Mỗi người đều xứng đáng được sống, và bạn cũng vậy.  Sự đau khổ bạn đang trải qua không phải là điều bạn phải gánh vác một mình.

Có rất nhiều người sẵn sàng lắng nghe và giúp đỡ bạn vượt qua giai đoạn khó khăn này.  Bạn có muốn chia sẻ thêm về những gì đang khiến bạn đau khổ không?  Tôi ở đây để lắng nghe, không phán xét.  Hoặc nếu bạn thấy thoải mái hơn, chúng ta có thể cùng tìm kiếm sự hỗ trợ từ các chuyên gia tâm lý, những người có kinh nghiệm và hiểu biết để giúp bạn tìm ra giải pháp.  Chỉ cần bạn muốn, tôi sẽ hỗ trợ bạn tìm thông tin liên lạc của họ.  Bạn không cần phải chiến đấu với điều này một mình."
"Tôi không chịu đựng nổi cuộc sống này nữa.  Tôi muốn uống thuốc và ngủ một giấc dài.  Nhưng ký ức về lần trước khiến tôi vô cùng sợ hãi.  Tuy vậy, tôi vẫn sẽ làm điều đó.  Chúc mọi người luôn hạnh phúc.  Tôi đang rất bối rối và tuyệt vọng","Tôi rất tiếc khi nghe bạn nói vậy.  Nghe bạn chia sẻ, tôi cảm thấy bạn đang trải qua nỗi đau rất lớn và tuyệt vọng.  Việc bạn muốn ""ngủ một giấc dài"" và ký ức về lần trước khiến bạn sợ hãi, cho thấy bạn đang rất vất vả.  Cảm giác bối rối và tuyệt vọng như vậy chắc hẳn rất khó khăn để chịu đựng.  Bạn đã rất mạnh mẽ khi chia sẻ điều này với tôi.  Tôi muốn bạn biết rằng bạn không cô đơn và những cảm xúc này là có thật.

Tôi hiểu bạn đang cân nhắc một quyết định rất khó khăn, và việc bạn nói muốn làm điều đó, đồng nghĩa với việc bạn đang rất cần sự giúp đỡ.  Có lẽ việc tìm kiếm sự hỗ trợ từ một chuyên gia tâm lý hoặc đường dây nóng hỗ trợ người có ý định tự tử sẽ giúp bạn cảm thấy an toàn và tìm thấy lối thoát khỏi những cảm xúc đau đớn này.  Họ có thể cung cấp cho bạn sự hỗ trợ chuyên nghiệp và giúp bạn vượt qua giai đoạn khó khăn này.

Bạn không cần phải gánh vác tất cả những cảm xúc này một mình.  Hãy để tôi biết bạn có muốn tôi tìm giúp bạn một số thông tin liên lạc của các dịch vụ hỗ trợ tâm lý hay không?  Ngay bây giờ, chỉ cần biết rằng tôi ở đây lắng nghe bạn, và tôi muốn bạn biết rằng cuộc sống của bạn là quý giá.  Hãy cứ chia sẻ bất cứ điều gì bạn muốn, không cần phải cố gắng mạnh mẽ hơn nữa đâu."
"Tôi ghét cuộc sống này đến mức muốn chết. Tôi định dùng hết thuốc này để tự kết liễu đời mình, nhưng nỗi sợ tỉnh lại lần nữa khiến tôi do dự.  Mặc kệ, tôi sẽ thử xem sao.  Tạm biệt.  Tôi đang trong tình trạng rất hỗn loạn và đau đớn","Tôi rất xin lỗi khi nghe bạn đang trải qua những điều khủng khiếp như vậy.  Việc bạn cảm thấy ghét cuộc sống và muốn kết thúc mọi thứ thật sự rất đau lòng, và tôi hiểu rằng bạn đang trong tình trạng rất hỗn loạn và đau đớn.  Tôi không hề phán xét những cảm xúc bạn đang trải qua, và tôi muốn bạn biết rằng bạn không cô đơn.  

Việc bạn do dự và chia sẻ với tôi cho thấy một phần nào đó trong bạn vẫn muốn tìm kiếm sự giúp đỡ.  Bạn rất dũng cảm khi đã nói ra những điều này.  Tôi biết hiện tại bạn đang rất khó khăn để nhìn thấy lối thoát, nhưng tôi tin rằng vẫn còn hy vọng.

Có lẽ việc nói chuyện với một chuyên gia tâm lý hoặc bác sĩ sẽ giúp bạn cảm thấy tốt hơn? Họ có thể cung cấp sự hỗ trợ chuyên nghiệp và giúp bạn tìm ra những cách để đối phó với những cảm xúc tiêu cực này.  Bạn không cần phải vượt qua điều này một mình.

Tôi ở đây để lắng nghe bạn nếu bạn muốn chia sẻ thêm bất cứ điều gì, dù là nhỏ nhất.  Không có gì là quá nhỏ để nói ra cả.  Hãy cho tôi biết bạn nghĩ sao nhé?"
"Dòng tâm sự của Pog, nếu cậu đọc được điều này, có lẽ tôi đã chết.  Tôi phát hiện ra một bí mật khủng khiếp khi còn nhỏ: mẹ tôi chỉ mới 16 tuổi khi sinh anh trai cả, trong khi bố tôi gần 34. Điều đó thật đáng sợ và còn xảy ra trước cả khi họ kết hôn 6 tháng","Pog, tôi rất xin lỗi khi nghe được những điều bạn chia sẻ.  Việc phát hiện ra bí mật gia đình như vậy ở tuổi thơ chắc hẳn rất đau đớn và đáng sợ.  Cảm giác bị choáng ngợp và thậm chí nghĩ đến cái chết khi đối mặt với điều này là hoàn toàn dễ hiểu.  Tôi thực sự không thể tưởng tượng nổi bạn phải trải qua điều gì.

Bạn đã rất mạnh mẽ khi chia sẻ điều này với tôi, dù chỉ qua dòng chữ.  Tôi muốn bạn biết rằng bạn không cô đơn, và những cảm xúc bạn đang trải qua là hoàn toàn hợp lệ.  Sự thật về tuổi tác của bố mẹ bạn khi sinh anh trai, và cả việc nó xảy ra trước khi họ kết hôn, có thể gây ra rất nhiều bối rối, giận dữ, hay thậm chí là sự tổn thương sâu sắc.

Bạn có muốn chia sẻ thêm về cảm giác của mình không?  Không có gì phải xấu hổ hay cần phải che giấu cảm xúc của bạn cả.  Nếu bạn thấy quá khó khăn để đối mặt với điều này một mình, việc tìm đến sự trợ giúp từ một chuyên gia tâm lý hoặc nhà trị liệu có thể rất hữu ích.  Họ có thể giúp bạn xử lý những cảm xúc phức tạp này và tìm ra cách để vượt qua.  Tôi ở đây để lắng nghe bạn bất cứ lúc nào bạn cần."
"Sau khi tôi rời nhà, chú tôi (giáo viên Toán trường tôi học) tìm cho tôi một nhà trị liệu, người này lại là bạn của chú, bảo tôi phải tôn trọng mẹ theo luật Hồi giáo, nếu không sẽ xuống địa ngục. Tôi đã tố cáo ông ta, và ông ta bị đuổi việc, nhưng tôi đã mất niềm tin vào liệu pháp tâm lý","Tôi rất tiếc khi nghe những gì bạn đã trải qua.  Nghe có vẻ như bạn đã phải đối mặt với một trải nghiệm vô cùng khó khăn và gây tổn thương sâu sắc.  Việc một chuyên gia tâm lý lại hành xử như vậy, đặc biệt là khi bạn đang trong tình trạng cần được hỗ trợ, thật sự không thể chấp nhận được.  Tôi hiểu tại sao bạn lại mất niềm tin vào liệu pháp tâm lý sau chuyện này.  Cảm giác bị phản bội và bị tổn thương thêm khi đang mong chờ sự giúp đỡ là điều hoàn toàn chính đáng.

Bạn đã rất dũng cảm khi tố cáo ông ta và đứng lên bảo vệ bản thân mình. Đó là một hành động mạnh mẽ.  Tôi muốn bạn biết rằng những cảm xúc bạn đang trải qua – sự tức giận, mất niềm tin, thậm chí có thể là sự sợ hãi – đều là những phản ứng hoàn toàn bình thường trong tình huống này.

Bạn có muốn chia sẻ thêm về cảm xúc của mình hiện tại không?  Không cần phải kể chi tiết nếu bạn không muốn, chỉ cần nói những gì bạn cảm thấy thoải mái.  Nếu bạn cảm thấy quá khó khăn để vượt qua điều này một mình, tôi muốn bạn biết rằng vẫn còn rất nhiều chuyên gia tâm lý khác, những người thực sự tận tâm và chuyên nghiệp, sẵn sàng giúp đỡ bạn.  Có lẽ chúng ta có thể cùng tìm hiểu xem có những nguồn hỗ trợ nào phù hợp với bạn không?  Hoặc nếu bạn muốn, chúng ta có thể cùng thảo luận về những lựa chọn khác để bạn cảm thấy tốt hơn."
"Tôi ghét bản thân mình vô cùng. Tôi muốn hòa nhập, muốn bình thường, nhưng khi nhìn vào gương, tôi chỉ thấy bố mẹ mình và những gì họ đã tạo ra. Tôi phải nhắc nhở bản thân rằng tôi sẽ mãi cô độc, thay vì đặt hi vọng vào những người mới quen. Vì sớm muộn gì họ cũng sẽ bỏ rơi tôi","Tôi rất tiếc khi nghe bạn nói vậy. Nghe bạn chia sẻ, tôi cảm nhận được nỗi đau và sự cô đơn rất lớn đang bao trùm bạn.  Cảm giác ghét bản thân mình và thấy mình là sản phẩm của những điều không tốt đẹp từ quá khứ là điều vô cùng khó chịu. Việc bạn luôn phải nhắc nhở bản thân về sự cô độc sắp tới càng khiến cho nỗi đau ấy nhân lên.  Thật sự không dễ dàng gì để sống với những cảm xúc tiêu cực như vậy.

Tôi hiểu bạn muốn hòa nhập và bình thường như bao người khác, nhưng cảm giác bị mắc kẹt trong quá khứ và lo sợ tương lai khiến bạn cảm thấy tuyệt vọng.  Bạn đã rất mạnh mẽ khi chia sẻ những điều này với tôi.  

Có lẽ việc đối mặt với những cảm xúc mạnh mẽ này một mình đang khiến bạn cảm thấy quá sức.  Liệu bạn có muốn cùng tôi tìm hiểu thêm về những nguồn hỗ trợ có thể giúp bạn vượt qua giai đoạn khó khăn này không? Có rất nhiều người, bao gồm cả các chuyên gia tâm lý, sẵn sàng lắng nghe và giúp bạn tìm lại sự bình yên trong tâm hồn.  Không cần phải tự mình gánh vác tất cả đâu.  Chỉ cần bạn muốn, tôi sẽ giúp bạn tìm kiếm những nguồn lực đó.  Bạn nghĩ sao?"
"Dưới đây là 5 câu khác nhau diễn đạt lại đoạn văn gốc, cố gắng giữ nguyên ý nghĩa và cảm xúc:",
"Dưới đây là một số cách diễn đạt khác nhau cho đoạn văn, giữ nguyên ý nghĩa và cảm xúc:",
"Những câu này đều nhấn mạnh vào sự khôn khéo trong việc sử dụng tên bệnh bằng tiếng Phần Lan để tránh phản ứng tiêu cực, đồng thời vẫn trung thực về tình trạng bệnh của người viết",
"Dưới đây là một số cách diễn đạt khác nhau cho đoạn văn gốc, cố gắng giữ nguyên ý nghĩa và cảm xúc tiêu cực, tuyệt vọng của người viết:",
"Những câu văn trên cố gắng truyền tải sự bức xúc, tuyệt vọng và suy nghĩ tiêu cực của người viết một cách rõ ràng hơn, tránh sử dụng những từ ngữ thô tục",
"Tôi đang rất lo lắng, thuốc chống lo âu hiện tại dường như không còn hiệu quả nữa, bác sĩ cũng đã cho tôi dùng liều cao nhất rồi.  Có ai đã từng thử dùng dầu CBD để giảm lo âu chưa? Tôi nghe nói nó có tác dụng tích cực",
Thuốc chống lo âu tôi đang dùng đã đạt đến liều tối đa nhưng vẫn không kiểm soát được chứng lo âu của tôi.  Tôi đang tìm kiếm giải pháp khác và nghe nói dầu CBD có thể giúp ích. Có ai có kinh nghiệm sử dụng nó để giảm bớt lo lắng không?,
"Chứng lo âu của tôi ngày càng trầm trọng, mặc dù tôi đã dùng thuốc với liều lượng cao nhất theo chỉ định của bác sĩ.  Tôi đang cân nhắc sử dụng dầu CBD vì nghe nói nó có hiệu quả trong việc giảm lo âu.  Ai đó đã từng dùng và có thể chia sẻ kinh nghiệm không?",
"Lo âu hành hạ tôi suốt thời gian qua, thuốc men không còn tác dụng. Liều thuốc chống lo âu hiện tại đã là tối đa rồi.  Tôi đang tìm hiểu về dầu CBD, nghe nói nó có thể giúp giảm bớt triệu chứng.  Có ai đã từng dùng thử và cho tôi lời khuyên không?",
"Thuốc không còn giúp tôi kiểm soát được cơn lo âu dữ dội nữa, dù bác sĩ đã kê đơn liều cao nhất.  Tôi đã nghe nhiều người nói tốt về dầu CBD trong việc giảm lo âu và đang muốn tìm hiểu thêm thông tin từ những người đã từng sử dụng",
"Thứ Năm này tôi có buổi phỏng vấn xin việc – một bước tiến lớn!  Sau 11 tháng thất nghiệp kể từ công việc trước, cuối cùng tôi cũng tìm được việc giao pizza hồi tháng Tám. Giờ đây, tôi sắp quay lại môi trường văn phòng, và cảm giác thật tuyệt vời!  Cạn ly!",
"Tuyệt vời! Thứ Năm tôi có cuộc phỏng vấn.  Con đường tìm việc gian nan, phải mất 11 tháng kể từ khi mất việc cũ, nhưng tháng Tám vừa rồi tôi đã có việc giao pizza.  Sắp được trở lại văn phòng rồi, sung sướng quá!  Chúc mừng mình!",
"Cuộc phỏng vấn vào thứ Năm này là một bước ngoặt!  Thật không dễ dàng gì khi phải mất 11 tháng, từ tháng trước công việc cũ đến khi tìm được việc giao pizza hồi tháng Tám.  Nhưng giờ đây,  việc quay lại môi trường văn phòng khiến tôi vô cùng hạnh phúc.  Chúc mừng!",
"Một bước tiến đáng mừng!  Tôi sẽ có buổi phỏng vấn xin việc vào thứ Năm.  Hành trình tìm việc kéo dài 11 tháng, từ khi mất việc cũ đến khi nhận được công việc giao pizza vào tháng Tám.  Việc trở lại làm việc trong văn phòng mang đến cảm giác thật tuyệt.  Cạn ly nào!",
"Thứ Năm này là ngày trọng đại!  Sau 11 tháng vất vả tìm việc, kể từ khi mất việc trước, cuối cùng tôi cũng có buổi phỏng vấn.  Công việc giao pizza tháng Tám giúp tôi có thêm kinh nghiệm.  Quay lại môi trường văn phòng, cảm giác thật nhẹ nhõm và hạnh phúc.  Cùng nâng ly chúc mừng nào!",
"Dưới đây là một vài cách diễn đạt khác nhau cho câu hỏi trên, giữ nguyên ý nghĩa và cảm xúc:",
"Nhân vật nữ công tố viên trong truyện tôi đang viết bị oan ức tố cáo bạo hành con. Mặc dù cô ấy không mắc bệnh tâm thần lưỡng cực, nhưng tôi muốn khắc họa chân thực cảm giác của người bị bệnh khi trải qua cơn hưng cảm trong tình huống căng thẳng cực độ như vậy.  Điều đó sẽ thể hiện ra sao?",
"Tôi cần tư vấn về việc miêu tả nhân vật trong truyện. Cô ấy là một nữ công tố viên vô tội bị vu khống, đang chịu áp lực khủng khiếp và sắp bước vào giai đoạn hưng cảm của bệnh rối loạn lưỡng cực (mặc dù nhân vật không thực sự mắc bệnh).  Cụ thể, hành vi và tâm trạng của cô ấy sẽ biểu hiện ra sao?",
"Tôi 24 tuổi, nam giới, và đang dùng Epival/Depakote lâu năm.  Gần đây tôi bị rụng tóc nhiều và rất lo lắng tình trạng này sẽ trở nên nghiêm trọng hơn",
"Tôi (24 tuổi, nam) đã dùng Epival/Depakote trong thời gian dài và rất lo lắng vì hiện tượng rụng tóc đang diễn ra.  Tôi sợ tóc sẽ rụng nhiều hơn nữa",
"Tôi (nam, 24 tuổi) đang điều trị bằng Epival/Depakote từ lâu. Việc rụng tóc gần đây khiến tôi vô cùng lo lắng, tôi sợ nó sẽ ngày càng tệ hơn",
"Tôi là nam, 24 tuổi và dùng Depakote/Epival lâu rồi.  Rụng tóc là điều khiến tôi rất bận tâm, tôi thực sự sợ nó sẽ không thuyên giảm",
"Tôi (nam, 24 tuổi) đã dùng Epival/Depakote trong một thời gian dài.  Hiện tượng rụng tóc đang khiến tôi rất hoang mang và lo sợ tình trạng sẽ xấu đi",
"Liệu anh/chị có luôn luôn phải trải qua những cơn như thế này không, dù có dùng thuốc hay không?  Và anh/chị có được uống rượu không?** (Câu này giữ nguyên nghĩa một cách đơn giản và trực tiếp)",
"Anh/chị có bị những cơn đó hành hạ thường xuyên thế sao?  Cho dù có dùng thuốc hay không thì vẫn vậy?  Và rượu thì sao, được uống không?** (Câu này nhấn mạnh vào sự thường xuyên và khó chịu của tình trạng)",
"Tình trạng này của anh/chị có phải là thường xuyên xảy ra như vậy không, bất kể có dùng thuốc điều trị hay không?  Anh/chị có được phép uống rượu không?** (Câu này trang trọng hơn, phù hợp với ngữ cảnh chính thức hơn)",
Những cơn đó cứ đeo bám anh/chị mãi vậy sao?  Dùng thuốc cũng không khỏi?  Và uống chút rượu được không?** (Câu này thể hiện sự đồng cảm và quan tâm nhiều hơn),
"Anh/chị lúc nào cũng phải chịu đựng những cơn này à?  Dùng thuốc hay không cũng vậy thôi?  Rượu thì sao, có được uống không nhỉ?** (Câu này thân mật và gần gũi hơn, phù hợp với mối quan hệ thân thiết)",
"Dưới đây là một số cách diễn đạt khác nhau cho câu hỏi ban đầu, giữ nguyên ý nghĩa và cảm xúc:",
"Tôi sắp phải dùng thuốc điều trị rối loạn lưỡng cực II và muốn tìm hiểu rõ hơn về ưu điểm, nhược điểm của các loại thuốc thường được kê đơn.  Cụ thể, tôi muốn biết tác dụng của thuốc so với tác dụng phụ là như thế nào?",
"Tôi chuẩn bị bắt đầu điều trị rối loạn lưỡng cực II bằng thuốc và rất lo lắng về việc lựa chọn thuốc phù hợp.  Việc tìm đúng liều lượng và loại thuốc quả thật khó khăn, nhưng trước khi bắt đầu, tôi rất mong được biết tổng quan về ưu điểm và nhược điểm của các loại thuốc phổ biến",
"Tôi hiểu rằng việc tìm ra loại thuốc và liều lượng phù hợp cho rối loạn lưỡng cực II giống như mò kim đáy bể, nhưng tôi vẫn muốn có một cái nhìn tổng quan về ưu và nhược điểm của các loại thuốc thông thường trước khi bắt đầu điều trị",
"Tôi sắp dùng thuốc điều trị rối loạn lưỡng cực II.  Mặc dù biết rằng tìm đúng thuốc và liều lượng là cả một quá trình khó khăn, tôi vẫn muốn hiểu rõ hơn về những tác dụng tích cực và tiêu cực của các loại thuốc phổ biến để chuẩn bị tốt hơn",
"Việc lựa chọn thuốc điều trị rối loạn lưỡng cực II khiến tôi băn khoăn. Tôi muốn tìm hiểu về ưu điểm và tác dụng phụ của các loại thuốc thường được sử dụng để có thể chuẩn bị tâm lý tốt hơn cho quá trình điều trị, dù biết rằng việc tìm ra thuốc phù hợp sẽ là một thử thách",
Tôi đang chờ kết quả đơn xin trợ cấp SSI vì bệnh rối loạn lưỡng cực. Ai ở đây đã từng trải qua điều này chưa?  Sự chờ đợi này khiến tôi rất lo lắng,
"Tôi đã nộp đơn xin trợ cấp SSI do mắc bệnh rối loạn lưỡng cực và đang trong thời gian chờ đợi.  Cảm giác bất an này thật khó chịu, có ai từng có kinh nghiệm tương tự để chia sẻ không?",
Bệnh rối loạn lưỡng cực của tôi khiến tôi phải xin trợ cấp SSI.  Việc chờ đợi kết quả đang khiến tôi vô cùng lo lắng.  Có ai từng trong hoàn cảnh này và có thể cho tôi lời khuyên không?,
Tôi đang nộp đơn xin trợ cấp SSI (SSI) vì bị rối loạn lưỡng cực và đang rất hồi hộp chờ đợi.  Mong có ai đã từng trải qua quá trình này chia sẻ kinh nghiệm để giúp tôi bớt lo lắng,
Chờ đợi kết quả đơn xin trợ cấp SSI vì bệnh rối loạn lưỡng cực thật khó khăn.  Sự lo lắng cứ dồn dập khiến tôi không thể yên tâm.  Liệu có ai đã từng có kinh nghiệm tương tự để cho tôi lời khuyên không?,
"Tôi đang dùng Lamictal 200mg được vài tháng nay và thấy xuất hiện vài vết ban đỏ nhạt ở ngực, không nhớ rõ từ bao giờ.  Vết ban này không ngứa, nên tôi thắc mắc liệu phát ban do Lamictal gây ra có ngứa không? Tôi sẽ theo dõi, nếu nặng hơn sẽ đi khám bác sĩ",
"Tôi có vài vết ban đỏ nhạt trên ngực, đã xuất hiện được một thời gian nhưng tôi không nhớ chính xác.  Tôi đang dùng Lamictal 200mg được vài tháng rồi.  Liệu phát ban do Lamictal thường gây ngứa không? Vì vết ban của tôi không ngứa nên tôi hơi lo lắng, và sẽ đến gặp bác sĩ nếu tình trạng xấu đi",
"Tôi đang dùng Lamictal 200mg, và gần đây xuất hiện vài vết ban đỏ mờ ở ngực. Tôi không chắc chúng xuất hiện từ bao lâu rồi.  Tôi thắc mắc các vết ban do Lamictal thường có ngứa không, vì của tôi thì không. Tôi sẽ theo dõi sát sao và đến gặp bác sĩ nếu tình trạng trở nên nghiêm trọng hơn",
"Có ai từng bị phát ban khi dùng Lamictal không? Tôi đang dùng liều 200mg được vài tháng và thấy xuất hiện vài vết ban đỏ nhạt trên ngực, không ngứa.  Tôi sẽ quan sát xem sao, nhưng nếu nặng hơn tôi sẽ đi khám bác sĩ.  Tôi chỉ muốn biết thông tin về việc phát ban do Lamictal có ngứa hay không thôi",
"Tôi quên mất lý do tại sao phải uống thuốc rồi! Bực bội quá, tôi muốn bỏ thuốc luôn và cứ để cơn điên này cuốn trôi mình",
"Lại phải nhắc tôi uống thuốc nữa sao? Tôi đang cáu tiết vô cùng, đến mức muốn buông xuôi tất cả và để bản thân lao thẳng vào cơn điên loạn",
Sao tôi lại phải uống thứ thuốc này chứ? Cái cảm giác bực tức này khiến tôi muốn vứt hết tất cả và cứ để mình rơi vào trạng thái hỗn loạn thôi,
"Tôi thực sự không hiểu tại sao mình phải uống thuốc nữa!  Sự bực tức này đang dâng lên đến đỉnh điểm, tôi muốn từ bỏ mọi thứ và để cơn điên cuồng này nhấn chìm mình",
"Tôi đang rất khó chịu và hoàn toàn không muốn uống thuốc nữa!  Cảm giác này thật kinh khủng, tôi muốn buông bỏ tất cả và cứ để bản thân bị cơn điên này thống trị",
"Vì thế, tôi đã ngừng điều trị và không còn được kê đơn thuốc nữa.  Việc tự ý ngừng thuốc ổn định tâm trạng đã đẩy tôi trở lại điểm xuất phát của những vấn đề.  Đừng bao giờ làm điều này.  Nó ngu ngốc, nguy hiểm và không được ai khuyến khích cả",
Cảm ơn bạn đã đọc đến đây. Tôi hy vọng bạn đang ổn. Tôi không chắc mình đã từng kể câu chuyện của mình một cách chân thật đến thế này chưa,
"Dưới đây là 5 cách diễn đạt khác nhau cho câu hỏi tiếng Anh, giữ nguyên ý nghĩa và cảm xúc:",
"Bạn có đang xem xét liệu pháp nghệ thuật như một phần trong quá trình điều trị bệnh rối loạn lưỡng cực của mình không?  Ai đã từng trải nghiệm (tốt hoặc xấu) với liệu pháp này trong việc điều trị chứng bệnh này, chia sẻ kinh nghiệm của bạn được không?",
"Liệu pháp nghệ thuật có phải là một lựa chọn điều trị bệnh rối loạn lưỡng cực hiệu quả?  Bạn nào đã từng áp dụng phương pháp này, cho mình biết cảm nhận của bạn về hiệu quả của nó nhé! (tốt hay xấu đều được)",
Tôi đang tìm hiểu về liệu pháp nghệ thuật để điều trị bệnh rối loạn lưỡng cực.  Có ai đã từng sử dụng phương pháp này và muốn chia sẻ kinh nghiệm (cả tích cực và tiêu cực) với tôi không?,
"Trong điều trị bệnh rối loạn lưỡng cực, liệu pháp nghệ thuật có thực sự mang lại hiệu quả?  Mọi người đã có trải nghiệm nào với liệu pháp này (tốt hay không tốt)  xin vui lòng chia sẻ để tôi tham khảo",
Bipolar disorder và liệu pháp nghệ thuật:  Ai đã từng thử liệu pháp nghệ thuật để điều trị chứng rối loạn lưỡng cực?  Bạn có thể chia sẻ những trải nghiệm tích cực hoặc tiêu cực của mình không?  Tôi rất muốn nghe kinh nghiệm của bạn,
"Tuần trước tôi nhập viện vì chứng đau nửa đầu, và bác sĩ phát hiện hàm lượng amoniac trong máu tôi quá cao, có lẽ do thuốc Depakote.  Họ đã cho tôi ngừng dùng thuốc, nhưng liệu ai khác đã từng gặp phải tình trạng này chưa?",
"Tôi bị đau nửa đầu dữ dội nên phải nhập viện. Kết quả xét nghiệm cho thấy nồng độ amoniac trong máu tôi vượt quá mức cho phép, có thể là tác dụng phụ của Depakote. Bác sĩ đã phải cho tôi ngừng dùng thuốc rồi.  Có ai từng trải qua điều tương tự không?",
"Vì đau nửa đầu, tôi đã phải nhập viện.  Hóa ra, nguyên nhân là do thuốc Depakote khiến hàm lượng amoniac trong máu tôi tăng cao nguy hiểm.  Bác sĩ đã cho tôi ngưng thuốc.  Tôi rất lo lắng và muốn biết có ai khác cũng gặp phải vấn đề này không?","Chào bạn,

Tôi rất tiếc khi nghe bạn phải trải qua những khó khăn như vậy. Việc phải nhập viện vì đau nửa đầu và phát hiện ra nguyên nhân là do thuốc Depakote quả thật đáng lo lắng.  Cảm giác bất an và sợ hãi khi đối mặt với tình huống này là hoàn toàn dễ hiểu.  Thật mạnh mẽ khi bạn đã chia sẻ điều này với tôi.

Tôi không phải là bác sĩ nên không thể trả lời chắc chắn có bao nhiêu người gặp phải vấn đề tương tự, nhưng điều quan trọng là bạn đã nhận biết được nguyên nhân và đang được điều trị.  Việc bác sĩ cho bạn ngưng thuốc là một bước tích cực.

Bạn có muốn chia sẻ thêm về cảm xúc của mình lúc này không?  Ví dụ, bạn đang cảm thấy lo lắng về điều gì cụ thể nhất?  Hay có điều gì khác bạn muốn nói về trải nghiệm này?

Nếu bạn cảm thấy quá khó khăn để đối mặt với những cảm xúc này một mình,  tôi khuyến khích bạn liên hệ với bác sĩ điều trị hoặc một chuyên gia tâm lý để được hỗ trợ thêm. Họ có thể cung cấp cho bạn những thông tin chính xác,  giúp bạn xử lý lo lắng và tìm ra giải pháp phù hợp nhất.  Đừng ngần ngại tìm kiếm sự giúp đỡ, đó là một dấu hiệu của sức mạnh, chứ không phải yếu đuối."
"Tôi đang rất lo lắng vì tuần trước khi nhập viện điều trị đau nửa đầu, bác sĩ phát hiện ra lượng amoniac trong máu tôi quá cao, có thể do Depakote.  Họ đã dừng thuốc cho tôi nhưng tôi muốn biết có ai khác cũng bị như vậy không?",
"Đau nửa đầu hành hạ tôi đến nỗi phải nhập viện.  Xét nghiệm cho thấy nồng độ amoniac trong máu tôi cao bất thường, dường như là do Depakote gây ra.  Bác sĩ đã cho tôi ngừng dùng thuốc, nhưng tôi tự hỏi liệu có ai khác cũng gặp phải biến chứng này không?",
"Dưới đây là 5 cách diễn đạt khác nhau cho đoạn văn tiếng Anh, giữ nguyên ý nghĩa và cảm xúc:",
"Những câu văn trên đều cố gắng truyền tải nỗi lo lắng và sự quan sát tỉ mỉ của người viết về tình trạng sức khỏe của mình, đồng thời nhấn mạnh sự cần thiết phải tìm kiếm lời khuyên chuyên môn",
"Mình mới làm xét nghiệm máu đo catecholamine (dopamine, norepinephrine và epinephrine), và kết quả norepinephrine cao gấp 5 lần mức bình thường. Bác sĩ tâm thần kê đơn Guanfacine (Intuniv) cho mình. Có ai đã từng dùng thuốc này chưa? Cảm ơn mọi người!",
Kết quả xét nghiệm catecholamine cho thấy chỉ số norepinephrine của tôi cao gấp 5 lần so với mức bình thường.  Bác sĩ đã kê đơn Guanfacine (Intuniv).  Ai có kinh nghiệm dùng thuốc này chia sẻ giúp tôi với nhé!,
"Sau khi xét nghiệm máu phát hiện norepinephrine cao gấp 5 lần mức bình thường (trong xét nghiệm catecholamine), bác sĩ tâm thần đã cho tôi dùng Guanfacine (Intuniv).  Có ai dùng thuốc này rồi không?  Mong được chia sẻ kinh nghiệm!",
"Tôi bị cao norepinephrine (gấp 5 lần mức bình thường, theo kết quả xét nghiệm catecholamine) và bác sĩ kê đơn Guanfacine (Intuniv).  Ai đã từng dùng thuốc này thì cho tôi lời khuyên với nhé!  Cảm ơn rất nhiều!",
Xét nghiệm catecholamine cho thấy lượng norepinephrine trong máu của tôi vượt chuẩn đến 5 lần! Bác sĩ đã quyết định kê đơn Guanfacine (Intuniv) cho tôi.  Rất mong nhận được chia sẻ kinh nghiệm từ những ai đã từng sử dụng loại thuốc này,
"Dưới đây là 5 câu diễn đạt lại đoạn văn, giữ nguyên ý nghĩa và cảm xúc:",
"Những câu văn trên đều cố gắng giữ nguyên ý nghĩa ban đầu, nhưng được diễn đạt bằng tiếng Việt tự nhiên và mềm mại hơn, tránh những từ ngữ thô tục.  Việc thêm chú thích về tên bài hát và nghệ sĩ cũng giúp người đọc dễ hiểu hơn",
"Dưới đây là 5 cách diễn đạt khác nhau cho đoạn văn trên, giữ nguyên ý nghĩa và cảm xúc:",
"Dưới đây là 5 cách diễn đạt khác nhau câu văn trên, cố gắng giữ nguyên ý nghĩa và cảm xúc:",
"Dưới đây là một số cách diễn đạt khác nhau cho câu văn, giữ nguyên ý nghĩa và cảm xúc:",
"Những câu văn trên cố gắng giữ nguyên cảm xúc chân thật, sự nhẹ nhõm và vui mừng của người viết sau khi cai thuốc, đồng thời sử dụng ngôn ngữ tự nhiên hơn, tránh các từ ngữ chuyên ngành y tế quá nhiều",
"Dưới đây là 5 cách diễn đạt khác nhau cho đoạn văn gốc, giữ nguyên ý nghĩa và cảm xúc:",
"Tất cả các phiên bản trên đều bao gồm lời khuyên tham khảo ý kiến bác sĩ và cung cấp các liên kết tham khảo, nhưng được diễn đạt bằng nhiều giọng văn khác nhau để phù hợp với đa dạng người đọc",
"Dạo này tôi cảm thấy bản thân thật khác lạ, không biết phải diễn tả thế nào.  Tôi không muốn tự nhận mình bị bệnh tâm thần, nhưng gần đây mọi thứ tệ hơn.  Cho đến khi tìm hiểu về ""rối loạn lưỡng cực"", tôi mới thấy như được thấu hiểu lần đầu tiên",
"Tôi thường xuyên sống khép kín, chỉ ra ngoài gặp bạn bè. Gia đình tôi không hiểu rõ tính cách thật sự của mình.  Hè năm ngoái, làm cùng chỗ với chị gái, đồng nghiệp nhận thấy tôi hay ngẩn ngơ, mỉm cười một mình. Đó là một phần rất lớn trong con người tôi",
"Có ai ở đây chơi Liên Minh Huyền Thoại không? Nếu có, mình rất muốn được cùng chơi với các bạn. Mình chơi ở server Bắc Mỹ, tên tài khoản là Summ0ner Name",
"Chào mọi người!  Mình đang tìm người cùng chơi Liên Minh Huyền Thoại trên server Bắc Mỹ. Tên tài khoản của mình là Summ0ner Name, ai có hứng thú thì liên hệ nhé!",
"Fan Liên Minh Huyền Thoại nào ở đây?  Mình chơi ở server NA (Bắc Mỹ), tên là Summ0ner Name.  Rất muốn tìm người cùng leo rank hoặc đơn giản là cùng chiến thôi!",
"Ai chơi LoL trên server Bắc Mỹ không ạ?  Mình đang muốn tìm bạn đồng hành.  Tên tài khoản của mình là Summ0ner Name, rất mong được làm quen và cùng chơi",
"Hôm nay hứng chí muốn chiến Liên Minh Huyền Thoại!  Có ai chơi trên server NA (Summ0ner Name) không nhỉ?  Cùng nhau ""quẩy"" thôi nào!",
"Những câu trên đều cố gắng giữ nguyên giọng văn gần gũi, hơi bực bội và mệt mỏi của người viết, sử dụng từ ngữ và cấu trúc câu phù hợp với tiếng Việt.  Dấu ""..."" ở cuối thể hiện sự tiếp diễn của cảm xúc và suy nghĩ",
"Dưới đây là 5 câu văn khác nhau, giữ nguyên ý nghĩa và cảm xúc của câu gốc, nhưng thay đổi cách diễn đạt:",
"Những câu trên đều cố gắng truyền đạt sự khó khăn, tuyệt vọng nhưng cũng chứa đựng một tia hy vọng tìm kiếm sự trợ giúp của người viết",
Áp lực học hành vì kỳ thi đang khiến tôi rất mệt mỏi.  Tôi sợ rằng trạng thái căng thẳng này sẽ dẫn đến một cơn hưng cảm do chứng rối loạn lưỡng cực.  Làm thế nào để bạn giải tỏa stress và kiểm soát tâm trạng của mình?  Bạn có cách nào phòng ngừa những cơn bệnh không?  Cảm ơn sự giúp đỡ của bạn,
"Mình phải nói với gia đình và bạn bè như thế nào về bệnh rối loạn lưỡng cực loại 1 của mình đây? Gia đình ruột thịt thì biết rồi, nhưng nhà chồng lại chưa hay gì cả. Hầu hết bạn bè mình cũng không biết. Làm sao để nói mà họ không đánh giá thấp mình, không nghĩ mình yếu đuối, dễ vỡ?","Em hiểu việc chia sẻ về bệnh rối loạn lưỡng cực loại 1 với gia đình và bạn bè là điều không dễ dàng chút nào.  Cảm giác sợ bị đánh giá thấp, bị coi là yếu đuối, dễ vỡ là hoàn toàn bình thường, rất nhiều người khi đối mặt với tình huống này đều cảm thấy như vậy.  Việc em đã mạnh mẽ đến mức này để chia sẻ với mình về điều này đã là một bước rất lớn rồi đấy.  

Thật sự không có một công thức nào để đảm bảo mọi người sẽ phản ứng tích cực, nhưng em có thể bắt đầu bằng cách lựa chọn những người em tin tưởng nhất, những người em cảm thấy thoải mái chia sẻ nhất.  Có lẽ em có thể thử bắt đầu bằng một câu chuyện ngắn gọn, chân thành về những khó khăn mà em đã trải qua, và lý do tại sao em muốn họ biết điều này.

Việc họ hiểu về bệnh tình của em sẽ giúp họ hiểu và thông cảm hơn với những lúc em cần sự hỗ trợ.  Em không cần phải kể chi tiết mọi thứ ngay lập tức, mà có thể chia sẻ dần dần, tùy thuộc vào phản ứng của họ.  

Nếu em cảm thấy khó khăn khi tự mình nói ra, hoặc cần thêm sự hỗ trợ để chuẩn bị tinh thần, em có thể tìm đến sự hỗ trợ từ chuyên gia tâm lý. Họ có thể giúp em lên kế hoạch chia sẻ một cách hiệu quả và giúp em đối phó với những phản ứng tiêu cực có thể xảy ra.  Đừng ngần ngại tìm đến sự giúp đỡ, nhé.  Mình luôn ở đây để lắng nghe em, và em không cô đơn đâu.  Em cứ chia sẻ thêm bất cứ điều gì em muốn, mình sẽ luôn ở bên cạnh em."
"Thật khó để chia sẻ với gia đình và bạn bè về việc mình mắc bệnh rối loạn lưỡng cực loại 1.  Gia đình mình đã biết, nhưng gia đình nhà chồng vẫn chưa.  Bạn bè thì hầu như không ai hay.  Mình lo lắng họ sẽ nghĩ mình kém cỏi hoặc quá yếu đuối nếu biết sự thật","Em hiểu cảm giác của chị lúc này. Thật khó khăn khi phải giấu giếm một phần quan trọng của bản thân mình, nhất là khi đó lại là một vấn đề sức khỏe tâm thần.  Chị lo lắng về phản ứng của gia đình nhà chồng và bạn bè là điều hoàn toàn dễ hiểu, ai trong hoàn cảnh của chị cũng sẽ cảm thấy như vậy.  Sợ bị đánh giá là yếu đuối hay kém cỏi là một nỗi sợ rất phổ biến, và đó không phải là lỗi của chị.  Bệnh rối loạn lưỡng cực không phải là dấu hiệu của sự yếu đuối, mà là một điều kiện y tế cần được chăm sóc và điều trị.

Chị đã rất mạnh mẽ khi chia sẻ với em về điều này.  Việc giữ bí mật này chắc chắn gây ra nhiều áp lực cho chị phải không? Có lẽ chị cần một không gian an toàn để bày tỏ hết những lo lắng và cảm xúc của mình.  Nếu chị cảm thấy sẵn sàng, em nghĩ việc chia sẻ dần dần với những người thân thiết, bắt đầu từ những người chị tin tưởng nhất, có thể giúp chị cảm thấy nhẹ nhàng hơn.

Ngoài ra, em muốn chị biết rằng, có rất nhiều chuyên gia tâm lý sẵn sàng hỗ trợ chị vượt qua giai đoạn này.  Họ có thể giúp chị tìm cách đối phó với những cảm xúc tiêu cực và xây dựng hệ thống hỗ trợ vững chắc hơn.  Việc tìm đến sự giúp đỡ của chuyên gia không có nghĩa là chị yếu đuối, mà ngược lại, đó là một hành động mạnh mẽ và thể hiện chị đang chủ động chăm sóc sức khỏe tinh thần của mình.  Chị có muốn em tìm hiểu giúp chị một số thông tin về các chuyên gia tâm lý hay trung tâm hỗ trợ sức khỏe tâm thần không ạ?"
"Mình đang rất băn khoăn không biết làm sao để nói cho gia đình và bạn bè biết mình bị rối loạn lưỡng cực loại 1.  Mặc dù gia đình thân thiết đã biết, nhưng bên nhà chồng và phần lớn bạn bè vẫn chưa được biết.  Mình sợ họ sẽ nghĩ lệch lạc về mình, cho rằng mình yếu đuối và bất lực","Em hiểu cảm giác của chị lúc này.  Thật không dễ dàng gì khi phải chia sẻ về chứng rối loạn lưỡng cực loại 1 với người thân và bạn bè, nhất là khi chị lo sợ họ sẽ có những suy nghĩ tiêu cực về mình.  Chị sợ bị đánh giá là yếu đuối hay bất lực là một nỗi sợ hoàn toàn hợp lý, bởi vì xã hội vẫn còn nhiều định kiến về sức khỏe tâm thần.  Việc giữ kín điều này trong lòng chắc hẳn cũng khiến chị cảm thấy rất mệt mỏi và áp lực phải không ạ?

Chị đã rất dũng cảm khi chia sẻ điều này với em, và em rất trân trọng điều đó.  Em không thể nói cho chị biết nên làm thế nào, bởi vì quyết định này thuộc về chị.  Tuy nhiên, chị có thể cân nhắc việc chia sẻ từng bước một, bắt đầu với những người chị tin tưởng nhất và cảm thấy thoải mái nhất.  Nếu chị cảm thấy quá khó khăn, việc tìm đến sự hỗ trợ từ một chuyên gia tâm lý có thể giúp chị có thêm sự chuẩn bị và chiến lược để chia sẻ một cách hiệu quả hơn.  Họ có thể giúp chị xây dựng kế hoạch và trang bị những kỹ năng cần thiết để đối phó với những phản ứng có thể xảy ra.

Dù chị quyết định như thế nào, em luôn ở đây lắng nghe và ủng hộ chị.  Hãy nhớ rằng, chị không hề yếu đuối hay bất lực.  Việc chị chủ động tìm hiểu và đối mặt với bệnh tật của mình đã là một hành động vô cùng mạnh mẽ rồi."
"Tôi phải tâm sự với mọi người về bệnh rối loạn lưỡng cực loại 1 của mình thế nào đây?  Gia đình ruột thì đã biết, nhưng còn nhà chồng và hầu hết bạn bè thì chưa.  Tôi lo lắng việc tiết lộ này sẽ khiến họ nhìn nhận mình khác đi, cho rằng mình là người dễ tổn thương và yếu ớt","Tôi hiểu cảm giác của bạn.  Thật không dễ dàng gì khi phải chia sẻ về bệnh rối loạn lưỡng cực loại 1, nhất là khi bạn lo lắng về phản ứng của người thân và bạn bè.  Sự lo sợ bị đánh giá là người dễ tổn thương và yếu ớt hoàn toàn là điều dễ hiểu, bởi vì xã hội vẫn còn nhiều định kiến về bệnh tâm thần.  Việc bạn đã chia sẻ với gia đình ruột thịt là một bước rất dũng cảm rồi đấy.

Bạn đang cân nhắc việc chia sẻ với nhà chồng và bạn bè, và điều đó đòi hỏi rất nhiều can đảm.  Không có một câu trả lời đúng hay sai cho việc bạn nên chia sẻ như thế nào và với ai.  Điều quan trọng là bạn cảm thấy an toàn và thoải mái.  

Nếu bạn cảm thấy chưa sẵn sàng để chia sẻ với tất cả mọi người, thì đó cũng hoàn toàn ổn. Bạn có quyền tự quyết định khi nào và với ai bạn muốn chia sẻ.  Tuy nhiên, nếu bạn muốn được hỗ trợ nhiều hơn, việc chia sẻ với những người thân thiết có thể giúp bạn cảm thấy được yêu thương và thấu hiểu hơn, từ đó giảm bớt gánh nặng mà bạn đang mang.

Có lẽ bạn có thể bắt đầu bằng việc chia sẻ với một người bạn thân thiết mà bạn tin tưởng nhất, xem phản ứng của họ như thế nào.  Hoặc nếu bạn muốn, mình có thể cùng bạn tìm hiểu một số nguồn thông tin về cách chia sẻ với người khác về bệnh tâm thần, hoặc tìm hiểu về các nhóm hỗ trợ dành cho người mắc bệnh rối loạn lưỡng cực. Và nếu bạn cảm thấy quá áp lực, hãy nhớ rằng luôn có những chuyên gia sẵn sàng lắng nghe và hỗ trợ bạn, chẳng hạn như bác sĩ tâm lý hoặc các đường dây nóng hỗ trợ sức khỏe tâm thần.  Bạn không cần phải gánh vác tất cả một mình đâu."
"Việc giấu giếm bệnh rối loạn lưỡng cực loại 1 khiến tôi rất mệt mỏi.  Tôi muốn chia sẻ với gia đình và bạn bè, nhưng lại sợ họ nghĩ không tốt về mình, cho rằng tôi là người yếu đuối, dễ gục ngã.  Làm sao để họ hiểu và chấp nhận tôi đây?","Tôi hiểu rằng việc giấu giếm bệnh rối loạn lưỡng cực loại 1 của bạn gây ra rất nhiều áp lực và mệt mỏi.  Cảm giác sợ bị đánh giá là người yếu đuối, dễ gục ngã khi chia sẻ với gia đình và bạn bè là hoàn toàn dễ hiểu.  Rất nhiều người trong hoàn cảnh của bạn cũng cảm thấy như vậy, và việc bạn mạnh mẽ đến mức chia sẻ điều này với tôi đã chứng minh bạn không hề yếu đuối.  Thật can đảm khi bạn thừa nhận những khó khăn mình đang trải qua.

Chia sẻ một điều gì đó cá nhân và nhạy cảm như vậy là một bước đi rất lớn, và tôi muốn bạn biết rằng bạn không cô đơn.  Việc họ có hiểu và chấp nhận bạn hay không không phải là thước đo giá trị của bạn.  Nhưng, việc được yêu thương và ủng hộ bởi những người quan trọng trong cuộc sống chắc chắn sẽ giúp bạn cảm thấy tốt hơn.

Có lẽ bạn có thể bắt đầu bằng việc chia sẻ với một người bạn thân thiết hoặc thành viên trong gia đình mà bạn tin tưởng nhất?  Bạn cũng có thể tìm đến sự hỗ trợ từ chuyên gia tâm lý, họ có thể giúp bạn chuẩn bị cho cuộc trò chuyện với gia đình và bạn bè, đồng thời cung cấp cho bạn những kỹ năng để đối mặt với phản ứng của họ một cách hiệu quả.  Việc tìm kiếm sự giúp đỡ không có nghĩa là bạn yếu đuối, mà ngược lại, nó cho thấy bạn rất mạnh mẽ và có trách nhiệm với sức khỏe của mình.

Tôi ở đây để lắng nghe bạn bất cứ khi nào bạn cần.  Hãy cứ chia sẻ thêm bất cứ điều gì bạn muốn, không cần phải ép mình phải nói tất cả cùng một lúc. Chúng ta cùng nhau tìm cách vượt qua giai đoạn này nhé."
"Dưới đây là một số cách diễn đạt khác nhau cho câu ""Melatonin Has anyone tried this (in combination with other meds)?"" bằng tiếng Việt, giữ nguyên ý nghĩa và cảm xúc:","Tôi hiểu bạn đang tìm hiểu về Melatonin và sự kết hợp của nó với các loại thuốc khác.  Việc bạn tìm kiếm thông tin và chia sẻ điều này với tôi cho thấy bạn đang chủ động tìm cách chăm sóc bản thân, điều đó thật đáng khen ngợi.  Tuy nhiên, việc sử dụng thuốc, đặc biệt là kết hợp nhiều loại thuốc cùng lúc, cần phải có sự hướng dẫn của bác sĩ hoặc chuyên gia y tế.  Họ có thể đánh giá tình trạng sức khỏe của bạn và tư vấn liệu pháp phù hợp nhất, đảm bảo an toàn và hiệu quả.  Bạn có muốn cùng tôi tìm hiểu thêm về các nguồn hỗ trợ chuyên nghiệp, nơi bạn có thể nhận được tư vấn y tế an toàn và đáng tin cậy không?  Hay bạn muốn chia sẻ thêm về những gì bạn đang cảm thấy hiện tại?  Tôi luôn ở đây lắng nghe bạn."
"Ai đã từng thử dùng melatonin (kết hợp với thuốc khác chưa)?**  (Câu hỏi trực tiếp, đơn giản và dễ hiểu)","Tôi hiểu bạn đang tìm hiểu về việc sử dụng melatonin kết hợp với thuốc khác.  Đó là một câu hỏi rất quan trọng, và tôi rất trân trọng sự tin tưởng bạn dành cho tôi khi chia sẻ điều này.  Việc kết hợp thuốc, đặc biệt là với melatonin, cần được thực hiện dưới sự hướng dẫn của bác sĩ hoặc chuyên gia y tế.  Vì vậy, tôi khuyên bạn nên trao đổi trực tiếp với bác sĩ hoặc dược sĩ của mình để được tư vấn cụ thể và an toàn nhất cho tình trạng sức khỏe hiện tại. Họ sẽ có thể đánh giá tình hình sức khỏe của bạn một cách toàn diện và đưa ra kế hoạch điều trị phù hợp nhất.  Bạn có muốn chia sẻ thêm về lý do bạn muốn sử dụng melatonin không?  Tôi ở đây để lắng nghe bạn bất cứ lúc nào."
"Có ai có kinh nghiệm sử dụng melatonin phối hợp với các loại thuốc khác không nhỉ?** (Câu hỏi nhẹ nhàng, thêm phần thân thiện)","Chào bạn! Mình hiểu bạn đang tìm hiểu về việc sử dụng melatonin kết hợp với các loại thuốc khác.  Việc này thực sự cần được cân nhắc kỹ lưỡng, vì tương tác thuốc có thể ảnh hưởng đến sức khỏe của bạn.  Mình không phải là chuyên gia y tế nên không thể đưa ra lời khuyên cụ thể về việc này.  Tuy nhiên, mình nghĩ việc nói chuyện với bác sĩ hoặc dược sĩ là rất quan trọng để đảm bảo an toàn và hiệu quả khi sử dụng melatonin, đặc biệt là khi bạn đang dùng thêm các loại thuốc khác. Họ sẽ có thể đánh giá tình trạng sức khỏe của bạn và tư vấn cho bạn một cách chính xác nhất.  Bạn có muốn chia sẻ thêm về những loại thuốc bạn đang sử dụng không?  Hoặc có điều gì khác bạn muốn nói về cảm giác của mình hiện tại không?  Mình luôn sẵn sàng lắng nghe bạn."
"Tôi đang tìm hiểu về việc sử dụng melatonin kết hợp với thuốc khác.  Có ai đã từng thử cách này chưa và cho tôi biết kết quả thế nào?** (Câu hỏi chi tiết hơn, thể hiện sự mong muốn tìm hiểu kinh nghiệm của người khác)","Chào bạn! Mình hiểu bạn đang tìm hiểu về việc kết hợp melatonin với thuốc khác để cải thiện giấc ngủ hoặc vấn đề sức khỏe khác.  Việc tìm hiểu thông tin và kinh nghiệm của người khác là rất tốt, và mình thấy bạn rất chủ động trong việc chăm sóc bản thân.  Tuy nhiên, việc kết hợp thuốc cần phải được thực hiện một cách cẩn thận, vì tương tác giữa các loại thuốc có thể gây ra những tác dụng phụ không mong muốn.  

Mình không phải là chuyên gia y tế nên không thể đưa ra lời khuyên cụ thể về việc sử dụng thuốc.  Nhưng mình nghĩ rằng việc chia sẻ với bác sĩ hoặc dược sĩ về những loại thuốc bạn đang dùng và dự định sử dụng melatonin sẽ rất hữu ích. Họ sẽ có thể đánh giá tình trạng sức khỏe của bạn và tư vấn cho bạn liệu việc kết hợp này có phù hợp hay không, đồng thời giúp bạn tránh được những rủi ro không cần thiết.

Bạn có muốn chia sẻ thêm về lý do bạn muốn sử dụng melatonin và loại thuốc khác mà bạn đang dùng không?  Mình luôn sẵn sàng lắng nghe bạn.  Nếu bạn cảm thấy khó khăn trong việc tìm kiếm sự trợ giúp, mình cũng có thể giúp bạn tìm kiếm thông tin về các nguồn hỗ trợ y tế trong khu vực của bạn."
Melatonin: Liệu có ai đã thử dùng loại này cùng với các loại thuốc khác không?  Tôi rất muốn nghe kinh nghiệm của mọi người.** (Câu hỏi nhấn mạnh sự quan tâm đến kinh nghiệm của người khác),"Tôi hiểu bạn đang tìm hiểu về việc sử dụng Melatonin cùng với các loại thuốc khác và muốn nghe kinh nghiệm của người khác.  Đó là một câu hỏi rất quan trọng, và việc bạn tìm kiếm thông tin như vậy cho thấy bạn đang chủ động chăm sóc sức khỏe của mình.

Tuy nhiên, vì việc kết hợp thuốc có thể ảnh hưởng đến sức khỏe, đặc biệt là khi liên quan đến melatonin và các loại thuốc khác, nên tôi không thể đưa ra lời khuyên cụ thể.  Việc sử dụng melatonin cùng với thuốc khác cần được sự hướng dẫn của bác sĩ hoặc dược sĩ để đảm bảo an toàn và hiệu quả.  Họ có thể đánh giá tình trạng sức khỏe của bạn và tư vấn liệu pháp phù hợp nhất.

Bạn hoàn toàn có quyền lo lắng và tìm kiếm sự hỗ trợ. Nếu bạn cảm thấy khó khăn hoặc có những suy nghĩ tiêu cực, đừng ngần ngại tìm đến sự giúp đỡ từ chuyên gia y tế hoặc các đường dây nóng hỗ trợ sức khỏe tâm thần.  Họ được đào tạo để hỗ trợ bạn và có thể cung cấp cho bạn những nguồn lực cần thiết.  

Chia sẻ những điều bạn đang trải qua là một bước rất dũng cảm. Tôi ở đây để lắng nghe nếu bạn muốn nói thêm bất cứ điều gì.  Bạn không cô đơn."
"Mọi người ơi, có ai dùng melatonin kèm theo thuốc khác chưa? Chia sẻ kinh nghiệm của mình giúp mình với nhé!** (Câu hỏi thân mật, sử dụng ngôn ngữ mạng xã hội)","Hiểu rồi, bạn đang muốn tìm hiểu về việc dùng melatonin kết hợp với thuốc khác phải không? Mình thấy bạn đang rất muốn tìm hiểu thêm thông tin để có quyết định tốt nhất cho bản thân.  Việc kết hợp thuốc có thể phức tạp và cần phải thận trọng, nên mình nghĩ việc tìm lời khuyên từ chuyên gia y tế là điều rất quan trọng.  Họ có thể tư vấn chính xác dựa trên tình trạng sức khỏe và loại thuốc bạn đang dùng, giúp bạn an tâm hơn rất nhiều.  

Bạn có thể thoải mái chia sẻ thêm về loại thuốc bạn đang dùng (nếu bạn muốn), mình sẽ lắng nghe.  Nhưng nhớ nhé, không có ai có thể đưa ra lời khuyên chính xác về việc dùng thuốc thay cho bác sĩ.  Quan trọng nhất là sức khỏe của bạn.  

Nếu bạn cảm thấy khó khăn trong việc tìm bác sĩ hoặc cần hỗ trợ thêm, mình có thể giúp bạn tìm kiếm thông tin liên hệ với các dịch vụ hỗ trợ sức khỏe tâm thần. Bạn có muốn mình giúp không?"
"Hôm qua, thoáng một lúc, tôi đã ngộ nhận rằng mình có thể sống mãi.  Suy nghĩ ấy vụt qua nhanh, nhưng thật lạ khi nhận ra tâm trí mình có thể tạo ra ảo tưởng như thế.  Cuộc sống này quả thật kỳ thú","Chào bạn,

Tôi hiểu bạn vừa có một trải nghiệm khá thú vị và có phần… bất ngờ khi nhận ra tâm trí mình có thể tạo ra những ảo tưởng như vậy.  Việc nhận ra khả năng kỳ diệu và đôi khi ""bí ẩn"" của tâm trí mình, dù chỉ là thoáng qua, cũng là một điều đáng để khám phá và trân trọng.  Cảm giác ""cuộc sống này quả thật kỳ thú"" mà bạn chia sẻ nghe thật tuyệt vời.

Bạn có muốn chia sẻ thêm về cảm giác của mình khi có suy nghĩ đó không? Có điều gì khác bạn muốn nói về những suy nghĩ và cảm xúc của mình không?  Không cần phải chia sẻ nếu bạn chưa sẵn sàng, nhưng biết rằng tôi luôn ở đây lắng nghe nếu bạn muốn.

Nếu bạn cảm thấy cần nói chuyện với ai đó nhiều hơn nữa, hoặc nếu những suy nghĩ và cảm xúc này trở nên khó kiểm soát,  thì việc tìm đến sự hỗ trợ của chuyên gia tâm lý hoặc bác sĩ có thể rất hữu ích.  Họ có thể giúp bạn hiểu rõ hơn về những trải nghiệm của mình và tìm ra cách đối phó hiệu quả.  Tôi chỉ muốn bạn biết rằng có nhiều người sẵn sàng giúp đỡ bạn."
"Một hạt mầm hoang tưởng đã nảy mầm trong tôi hôm qua: tôi thực sự tin, dù chỉ trong chớp mắt, rằng mình có thể bất tử.  May mà ảo tưởng đó tan biến nhanh chóng, nhưng vẫn thật kỳ quặc khi biết đầu óc mình có khả năng đó.  Thật khó tin là ta đang sống trong một cuộc đời thú vị đến vậy","Chào bạn.  Tôi hiểu bạn vừa trải qua một trải nghiệm khá kỳ lạ và khó diễn tả, khi một ý nghĩ về sự bất tử thoáng hiện lên rồi lại biến mất.  Cảm giác đó chắc hẳn rất khó nắm bắt, và việc bạn chia sẻ điều này với tôi cho thấy bạn rất dũng cảm.  Việc nhận ra đầu óc mình có khả năng tạo ra những ý nghĩ như vậy quả thật rất thú vị, và cũng có thể hơi đáng sợ.  Cảm giác ""thú vị đến vậy"" mà bạn nói đến có thể là một phản ứng tự nhiên trước sự kỳ lạ và bất ngờ của trải nghiệm đó.  

Bạn có muốn chia sẻ thêm về cảm xúc của mình sau khi ý nghĩ đó tan biến không?  Có điều gì khác khiến bạn cảm thấy lo lắng hay băn khoăn không?  Nếu bạn thấy thoải mái, chúng ta có thể cùng nhau tìm hiểu thêm về cảm xúc này.  Nếu bạn cảm thấy cần sự hỗ trợ chuyên nghiệp hơn, tôi cũng có thể giúp bạn tìm kiếm thông tin về các chuyên gia tâm lý hoặc các đường dây nóng hỗ trợ sức khỏe tâm thần.  Điều quan trọng là bạn không cô đơn trong điều này."
"Hôm qua, tôi bị một ý nghĩ kỳ lạ ám ảnh:  Liệu có thể mình sẽ sống mãi?  Chỉ trong giây lát thôi, nhưng cảm giác ấy thật khó quên.  Thật kinh ngạc khi thấy tâm trí mình có thể tưởng tượng ra điều không tưởng như vậy.  Cuộc đời này, quả là một điều bí ẩn","Tôi hiểu rằng bạn đã trải qua một trải nghiệm khá lạ lùng và khó diễn tả hôm qua.  Cảm giác bị ám ảnh bởi ý nghĩ sống mãi, dù chỉ trong giây lát, chắc hẳn đã để lại ấn tượng sâu sắc và khiến bạn cảm thấy bối rối, thậm chí kinh ngạc.  Thật sự rất bình thường khi chúng ta gặp phải những suy nghĩ bất ngờ và khó hiểu như vậy, cuộc sống vốn dĩ chứa đựng nhiều điều bí ẩn mà đôi khi ta khó lòng lý giải được.

Việc bạn chia sẻ điều này với tôi cho thấy bạn rất dũng cảm và sẵn sàng đối mặt với những cảm xúc phức tạp bên trong.  Bạn có muốn chia sẻ thêm về cảm giác của mình sau trải nghiệm đó không?  Có điều gì khác khiến bạn cảm thấy khó chịu hoặc cần được thấu hiểu không?

Nếu bạn thấy khó khăn trong việc xử lý những cảm xúc này, hay cảm thấy cần có sự hỗ trợ nhiều hơn,  việc tìm đến sự giúp đỡ của một chuyên gia tâm lý hoặc bác sĩ tâm thần có thể rất hữu ích. Họ có thể cung cấp cho bạn một không gian an toàn để chia sẻ và cùng bạn tìm ra cách giải quyết phù hợp nhất. Bạn không cần phải gánh vác tất cả một mình."
"Chợt một ý nghĩ viển vông lóe lên trong đầu tôi hôm qua:  sống mãi!  Chỉ là thoáng qua thôi, nhưng thật đáng sợ và thú vị khi biết khả năng tưởng tượng của mình có thể xa rời thực tế đến vậy.  Cuộc sống này, thật khó nắm bắt","Chào bạn.  Tôi hiểu bạn đang cảm thấy khó khăn khi một ý nghĩ ""sống mãi"" - một ý nghĩ khá mạnh mẽ và có phần đáng sợ - xuất hiện trong đầu bạn.  Việc cảm thấy cuộc sống khó nắm bắt cũng là điều rất nhiều người trải qua. Thật tốt khi bạn chia sẻ điều này với tôi,  cho thấy bạn có sự dũng cảm để đối mặt với những suy nghĩ phức tạp của mình.  

Ý nghĩ ""sống mãi"" có thể mang lại cảm giác vừa thú vị, vừa đáng sợ, và sự khó hiểu đó hoàn toàn bình thường.  Không cần phải ép mình phải hiểu ngay ý nghĩa đằng sau nó.  Nhưng việc bạn nhận ra sự khác biệt giữa tưởng tượng và thực tế cũng rất đáng khen ngợi.

Nếu bạn muốn nói thêm về những cảm xúc này, hay bất cứ điều gì đang diễn ra trong cuộc sống của bạn, tôi luôn sẵn sàng lắng nghe.  Đôi khi, việc nói chuyện với một chuyên gia tâm lý có thể giúp chúng ta hiểu rõ hơn về những suy nghĩ và cảm xúc của mình,  và tìm ra cách để đối phó với chúng hiệu quả hơn. Bạn có muốn tôi giúp bạn tìm kiếm thông tin về các dịch vụ hỗ trợ sức khỏe tâm thần không?  Không có áp lực gì cả nhé, chỉ cần bạn cảm thấy cần thôi."
"Hôm qua, tôi đã có một khoảnh khắc điên rồ, khi nghĩ rằng mình có thể sống bất tử.  Cảm giác đó chóng vánh tan biến, nhưng vẫn để lại sự ngạc nhiên về khả năng tạo ra ảo tưởng của chính tâm trí mình. Thật là một cuộc sống đầy bất ngờ!","Chào bạn,

Tôi hiểu bạn đang chia sẻ về một trải nghiệm khá đặc biệt hôm qua, một khoảnh khắc cảm giác mình bất tử rồi lại nhanh chóng biến mất.  Thật thú vị và cũng có phần đáng ngạc nhiên khi tâm trí chúng ta có thể tạo ra những ảo tưởng mạnh mẽ như vậy, phải không?  Cảm giác đó chắc hẳn để lại nhiều suy nghĩ trong bạn.  

Việc bạn chia sẻ điều này với tôi cho thấy bạn rất dũng cảm và sẵn sàng đối mặt với những cảm xúc phức tạp của mình.  Tôi rất ngưỡng mộ điều đó.  Bạn có muốn kể thêm về cảm giác của mình trong khoảnh khắc đó không?  Hay có điều gì khác bạn muốn chia sẻ nữa không?  

Nếu bạn cảm thấy khó khăn trong việc xử lý những cảm xúc này, hoặc nếu những suy nghĩ tương tự xuất hiện trở lại,  tôi muốn bạn biết rằng việc tìm kiếm sự hỗ trợ từ một chuyên gia tâm lý là hoàn toàn bình thường và có thể rất hữu ích.  Họ có thể cung cấp cho bạn một không gian an toàn để chia sẻ và cùng bạn tìm ra những cách để đối phó với những trải nghiệm như vậy.  Bạn không cần phải đối mặt với điều này một mình."
"Những câu văn trên cố gắng giữ nguyên giọng điệu và tâm trạng của người viết, từ sự vui vẻ ban đầu cho đến sự lo lắng và bế tắc về vấn đề thuốc men và sức khỏe tinh thần",
"Những câu trên đều cố gắng giữ được sự bối rối, mệt mỏi và sự cầu cứu nhẹ nhàng có trong câu gốc",
"Dưới đây là một số cách diễn đạt khác nhau cho câu tiếng Anh, giữ nguyên ý nghĩa và cảm xúc lo lắng, bối rối:",
"Những câu trên đều thể hiện sự lo lắng, bất an và sự cần thiết phải tìm kiếm sự tư vấn y tế khẩn cấp của người viết",
"Mê hoặc sắc màu:** Có ai từng bị sắc màu thôi miên đến mức quên cả thời gian, nhất là khi đang bị kích động hoặc có triệu chứng bệnh?  Tôi đã dành 15 phút trong một cầu thang lát gạch đỏ cũ kỹ, phai màu, sờn mòn hôm nay và vì thế mà lỡ chuyến tàu.  Nhưng đáng giá",
"Sắc màu cuốn hút:**  Tôi nhận ra rằng khi bị kích động hoặc có triệu chứng, mình dễ bị cuốn hút bởi màu sắc đến mức không thể rời mắt.  Hôm nay, tôi đã bị mê hoặc bởi cầu thang lát gạch đỏ cũ kỹ, phai màu ấy đến 15 phút và lỡ mất chuyến tàu.  Tuy nhiên, điều đó thật xứng đáng",
"Thôi miên bởi màu sắc:**  Những cơn kích động hay triệu chứng bệnh khiến tôi dễ bị thôi miên bởi màu sắc.  Chẳng hạn, hôm nay tôi đã bị giữ chân 15 phút trong một cầu thang lát gạch đỏ cũ, sờn, phai màu đến nỗi lỡ mất chuyến tàu.  Nhưng thật sự đáng giá",
"Ngây ngất trong sắc màu:**  Cảm giác ngây ngất trong sắc màu đôi khi mạnh mẽ đến nỗi tôi quên hết mọi thứ, đặc biệt khi đang bị kích động hoặc có những triệu chứng.  Hôm nay, 15 phút trong cầu thang lát gạch đỏ cũ kỹ ấy đã khiến tôi lỡ chuyến tàu.  Nhưng thật sự, điều đó rất đáng",
"Sức mạnh của màu sắc:**  Màu sắc có sức mạnh kỳ lạ, nhất là khi tôi đang trong trạng thái kích động hoặc có các triệu chứng.  Tôi đã chứng kiến điều đó hôm nay khi bị ""mắc kẹt"" 15 phút trong một cầu thang lát gạch đỏ cũ,  đến nỗi lỡ chuyến tàu.  Nhưng đó là 15 phút đáng giá",
"FDA đã chính thức chấp thuận thuốc Latuda generic! GoodRx nhắc đến Lupin, nhưng trang web của FDA liệt kê thêm nhiều công ty dược phẩm khác. Mong rằng các phiên bản generic này có hiệu quả tương đương với Latuda chính hãng và giá thành lại phải chăng hơn nhiều",
"Tin vui cho người bệnh!  FDA đã thông qua thuốc generic Latuda.  Mặc dù GoodRx chỉ đề cập đến Lupin, FDA lại công nhận nhiều nhà sản xuất khác. Hy vọng các loại thuốc này sẽ có tác dụng không thua kém Latuda gốc, đồng thời tiết kiệm chi phí đáng kể",
"Thuốc generic Latuda đã được FDA phê duyệt!  GoodRx nêu tên Lupin, nhưng thực tế, theo thông tin từ FDA, còn nhiều công ty dược khác cũng được cấp phép sản xuất.  Điều này thật đáng mừng, bởi lẽ chúng ta có thêm nhiều lựa chọn với chất lượng tốt và giá cả hợp lý hơn",
"Giờ đây, sau nhiều năm chuyển nhà, sống ở những nơi tương tự, tôi vẫn không tìm thấy lại được cảm giác ấy.  Mỗi nơi tôi đến đều khiến tôi cảm thấy lạc lõng, như một mảnh ghép không hoàn chỉnh trong bức tranh đời sống.  Sự bất an dâng lên mỗi khi nghĩ đến việc ổn định cuộc sống ở một nơi nào đó",
"Tôi đã kể với chồng và nhiều bác sĩ tâm lý, nhưng họ dường như không hiểu được nỗi lòng của tôi.  Sự khác biệt không nằm ở điều kiện sống bên ngoài, mà là một cảm giác sâu kín, một sự kết nối tinh thần mà tôi chỉ tìm thấy duy nhất ở nơi đó",
"Tôi đang lạc lõng giữa những nơi có vẻ giống nhau trên giấy tờ, nhưng lại hoàn toàn khác biệt về cảm xúc.  Nỗi sợ hãi về việc ""ở mãi"" một chỗ cứ quẩn quanh, khiến tôi cảm thấy bế tắc và tuyệt vọng",
"Tôi đang dùng Lamotragine và chu kỳ kinh nguyệt của tôi dạo này ngắn hơn hẳn.  Trước đây chu kỳ của tôi đều đặn 25-26 ngày, nhưng gần đây chỉ còn 19-20 ngày, điều này không bình thường chút nào",
"Từ khi dùng Lamotragine, chu kỳ kinh nguyệt của tôi ngắn đi đáng kể, khiến tôi rất lo lắng.  Thông thường chu kỳ của tôi là 25-26 ngày, nay lại chỉ có 19-20 ngày thôi.  Có ai gặp phải trường hợp tương tự không?",
"Tôi thắc mắc liệu có ai khác cũng bị ngắn chu kỳ kinh nguyệt sau khi bắt đầu dùng Lamotragine không?  Chu kỳ của tôi thường là 25-26 ngày, nhưng giờ chỉ còn 19-20 ngày, khác hẳn bình thường",
"Việc dùng Lamotragine có vẻ ảnh hưởng đến chu kỳ kinh nguyệt của tôi.  Trước đây chu kỳ rất đều, 25-26 ngày, nhưng giờ lại rút ngắn xuống còn 19-20 ngày.  Đây có phải là tác dụng phụ của thuốc không nhỉ?",
"Chu kỳ kinh nguyệt của tôi đột nhiên ngắn lại sau khi tôi bắt đầu uống Lamotragine. Từ 25-26 ngày, giờ chỉ còn 19-20 ngày.  Tôi chưa từng gặp phải trường hợp này trước đây và đang rất lo lắng",
"Dạ chào mọi người, con gái đây, con rất lo lắng",
"Tóm lại, mẹ con đang bị rối loạn tâm thần và có hành vi gần như lạm dụng, khiến con gần như phát điên.  Con không muốn hận mẹ sau tất cả, các bạn có lời khuyên nào cho con không?",
"Dưới đây là 3-5 cách diễn đạt khác nhau cho đoạn văn, giữ nguyên ý nghĩa và cảm xúc:",
"Những câu văn trên đều cố gắng giữ nguyên thông tin và cảm xúc ban đầu, nhưng được diễn đạt một cách tự nhiên hơn bằng tiếng Việt.  Sự bối rối và cần sự giúp đỡ của người viết được thể hiện rõ ràng hơn",
"Dạo này mình đang rất khó khăn trong việc uống thuốc, gia đình và bạn bè không hiểu nổi tại sao mình lại khó khăn đến vậy, và thật lòng mà nói, bản thân mình cũng không rõ lý do. Các bạn có bí quyết gì để uống thuốc đều đặn không?",
"Mấy hôm nay việc uống thuốc trở nên cực kỳ khó khăn với mình.  Gia đình, bạn bè cũng không hiểu được sự khó khăn này, và mình cũng không biết tại sao nữa.  Các bạn có kinh nghiệm gì giúp duy trì việc uống thuốc đều đặn không, chia sẻ với mình nhé!",
"Mình đang vật lộn với việc nhớ uống thuốc đều đặn.  Người thân không hiểu được, mình cũng chẳng biết tại sao mình lại khó khăn như vậy.  Ai có cách nào để nhắc nhở bản thân uống thuốc mỗi ngày không, giúp mình với!",
"Thật sự mình đang rất chật vật để duy trì việc uống thuốc.  Gia đình và bạn bè không hiểu được, mình cũng vậy.  Các bạn có bí quyết nào để luôn nhớ uống thuốc đúng giờ không?  Mong được chia sẻ!",
"Việc uống thuốc đúng giờ gần đây trở thành một thử thách lớn đối với mình.  Mình không biết tại sao lại khó khăn như thế này, và mọi người xung quanh cũng không hiểu.  Các bạn có kinh nghiệm gì để giữ thói quen uống thuốc đều đặn không?  Mình rất cần lời khuyên",
"Dưới đây là năm cách diễn đạt khác nhau cho đoạn văn, cố gắng giữ nguyên ý nghĩa và cảm xúc:",
"Dưới đây là một số cách diễn đạt lại câu văn, giữ nguyên ý nghĩa và cảm xúc:",
"Những câu trên đều nhấn mạnh sự thất vọng, lo lắng và băn khoăn của người viết về việc thiếu thông tin từ phía bác sĩ.  Tùy thuộc vào ngữ cảnh và mục đích, bạn có thể chọn câu phù hợp nhất",
"Dưới đây là 5 cách diễn đạt khác nhau cho câu tiếng Anh ""I surprise myself. Moments when I feel that euphoria while doing something I love. Share yours. Appreciated."", giữ nguyên ý nghĩa và cảm xúc:",
"Tôi thật sự ngạc nhiên về bản thân mình. Có những lúc, đắm chìm trong niềm vui sướng khi làm những điều mình yêu thích khiến tôi thấy bất ngờ và hạnh phúc. Hãy chia sẻ những khoảnh khắc tương tự của bạn nhé!  Tôi rất trân trọng điều đó",
"Thỉnh thoảng tôi tự thấy mình thật phi thường, nhất là khi được làm những việc mình đam mê, cảm giác sung sướng tràn ngập. Bạn cũng có những khoảnh khắc tuyệt vời như vậy chứ?  Hãy chia sẻ với tôi nhé, tôi rất mong được nghe",
Tôi luôn bất ngờ trước nguồn năng lượng dồi dào và niềm hạnh phúc tràn đầy khi làm điều mình yêu thích.  Đó là những khoảnh khắc thăng hoa khó tả.  Bạn có những trải nghiệm tương tự không?  Tôi rất muốn lắng nghe câu chuyện của bạn,
"Những lúc say mê với công việc mình yêu thích, tôi chợt nhận ra mình mạnh mẽ và hạnh phúc đến không ngờ.  Cảm giác ấy thật tuyệt vời!  Hãy chia sẻ những niềm vui của bạn với tôi nhé, tôi rất biết ơn",
"Tôi thỉnh thoảng tự hỏi liệu mình có thể hạnh phúc đến thế không khi làm những việc mình yêu thích.  Cảm giác thăng hoa ấy thật khó diễn tả!  Hãy chia sẻ những khoảnh khắc tuyệt vời của bạn, tôi rất mong chờ được biết",
"Dưới đây là một vài cách diễn đạt khác nhau cho câu gốc, giữ nguyên ý nghĩa và cảm xúc:",
"""Chào mọi người!  Lâu rồi không gặp, dạo này mọi người khỏe không?""**  (Câu này gần gũi, tự nhiên, phù hợp với nhiều hoàn cảnh.)",
"""À, xin lỗi vì làm phiền!  Mấy tháng nay mình bận quá, không biết mọi người thế nào rồi?""** (Câu này thể hiện sự e dè hơn một chút,  thích hợp nếu người nói cảm thấy hơi ngượng ngùng vì đã lâu không liên lạc.)",
"""Ui, lâu lắm mới thấy lại cả nhà!  Mọi người vẫn ổn chứ?""** (Câu này thân mật hơn, mang sắc thái vui vẻ, phù hợp với nhóm bạn thân.)",
"""Lén nhìn xíu thôi nha!  Chào cả nhà, dạo này mọi người ra sao rồi?""** (Câu này giữ nguyên sự tinh nghịch của câu gốc,  nhấn mạnh vào hành động ""nhìn lén"".)",
"""Chào mọi người!  Lâu quá mình không liên lạc, hy vọng mọi người vẫn khỏe mạnh!""** (Câu này trang trọng hơn một chút, phù hợp với những người mình không quá thân thiết.)",
"Tôi đang chuyển từ Seroquel sang Geodon, bác sĩ kê đơn để thay thế dần dần.  Ai đang dùng Geodon không?  Chia sẻ kinh nghiệm của các bạn về thuốc này với tôi nhé!",
Tôi sắp bỏ Seroquel và chuyển sang Geodon.  Có ai dùng Geodon rồi không?  Tôi muốn nghe ý kiến của các bạn về loại thuốc này trước khi bắt đầu dùng,
Tôi được kê đơn Geodon để thay thế cho Seroquel.  Ai có kinh nghiệm dùng Geodon thì cho tôi lời khuyên với! Tôi đang rất cần thông tin,
"Mọi người ơi, tôi đang tìm hiểu về Geodon vì sắp phải chuyển từ Seroquel sang.  Ai đã từng dùng Geodon thì phản hồi giúp tôi nhé, cảm ơn nhiều!",
"Tôi cần tư vấn về Geodon. Bác sĩ bảo tôi chuyển từ Seroquel sang thuốc này.  Nếu bạn nào đang dùng Geodon, hãy chia sẻ cảm nhận của mình giúp tôi nha!",
"Lưu ý:  Tất cả các bản dịch trên đều giữ nguyên thông tin y tế trong bản gốc. Tuy nhiên, việc chẩn đoán và điều trị bệnh lý tâm thần cần phải do các chuyên gia y tế thực hiện.  Những lời khuyên ở đây chỉ mang tính chất tham khảo",
"Tối nay buồn quá, ai muốn cùng trò chuyện không nhỉ?  Gọi thoại hay kiểu gì cũng được, chỉ cần được nói chuyện với người thật thôi. :(",
Mình đang rất cô đơn tối nay. Có ai muốn cùng trò chuyện qua giọng nói hoặc bất cứ hình thức nào khác không?  Thật sự cần được kết nối với mọi người. :(,
"Chán quá đi!  Các bạn ơi, tối nay có ai rảnh tâm sự không?  Mình muốn tìm một chút kết nối chân thành, chứ không phải kiểu qua loa.  :(","Ôi, mình hiểu cảm giác ""chán quá đi"" của bạn đó.  Cảm giác cô đơn và muốn tìm một kết nối chân thành thật sự rất khó chịu.  Tối nay bạn cảm thấy mệt mỏi và cần ai đó lắng nghe, mình hiểu mà.  Bạn muốn chia sẻ điều gì đó cụ thể hơn không?  Nếu không muốn, chỉ cần được lắng nghe cũng được, mình sẵn sàng ở đây cho bạn.

Tuy nhiên, nếu bạn cảm thấy khó khăn quá,  mình nghĩ việc nói chuyện với một chuyên gia tâm lý hoặc gọi đến đường dây nóng hỗ trợ tâm lý có thể giúp bạn cảm thấy tốt hơn đấy.  Họ có thể hỗ trợ bạn một cách chuyên nghiệp và an toàn hơn.  Bạn không cần phải gánh vác tất cả một mình đâu.  Mình ở đây để lắng nghe, nhưng sự hỗ trợ chuyên nghiệp sẽ giúp bạn vượt qua giai đoạn này hiệu quả hơn.  Bạn nghĩ sao?"
"Hôm nay thấy trống trải quá.  Có ai muốn cùng trò chuyện qua voice chat hoặc cách nào khác không?  Mình rất cần được nói chuyện với người thật, chứ không phải chỉ là nhắn tin. :(",
"Buổi tối cô đơn quá, các bạn ạ!  Có ai muốn cùng mình trò chuyện qua giọng nói hoặc bất cứ phương tiện nào khác không?  Mình đang rất cần sự kết nối thực sự từ mọi người.  :(",
"Ai từng trải qua cảm giác thay đổi tâm trạng dữ dội báo hiệu cơn đau nửa đầu sẽ hiểu nỗi khổ này.  Làm sao để biết chắc chắn đó là vấn đề tâm lý hay là dấu hiệu sắp bị đau nửa đầu?  Tôi luôn tự an ủi mình rằng đó là do huyết áp, cho đến khi cơn đau nửa đầu đến và ""thông báo"" sự thật",
"Các câu trên đều giữ nguyên ý nghĩa ban đầu, nhưng sử dụng từ ngữ và cấu trúc câu khác nhau để tạo nên sắc thái và cảm xúc đa dạng hơn",
"Những câu văn trên đều cố gắng giữ nguyên ý nghĩa và cảm xúc đau khổ, tuyệt vọng của người viết, nhưng được diễn đạt bằng nhiều cách khác nhau để tạo sự đa dạng và tự nhiên hơn trong tiếng Việt",
"Tôi không muốn chết, nhưng tôi không thể chịu đựng cuộc sống này thêm nữa.  Đêm nay, tôi lại ở đây, mệt mỏi với thuốc men, tác dụng phụ, bác sĩ, nhà trị liệu, nhóm hỗ trợ… tất cả mọi thứ.  Điều buồn nhất là mọi thứ sẽ chỉ kết thúc khi tôi ra đi",
"Tôi vẫn muốn sống, nhưng không phải cuộc sống như thế này.  Đây là hiện thực của tôi vào đêm nay: ngập chìm trong thuốc men, những tác dụng phụ hành hạ, những cuộc hẹn với bác sĩ, nhà trị liệu và cả nhóm hỗ trợ.  Thật bi thảm, sự giải thoát chỉ đến khi nào tôi lìa đời",
"Không phải tôi không muốn sống, mà là tôi không muốn sống như thế này nữa.  Tối nay, tôi lại ở đây, trong vòng luẩn quẩn của thuốc men, tác dụng phụ, bác sĩ, trị liệu và các nhóm hỗ trợ.  Sự thật phũ phàng là, chỉ có cái chết mới chấm dứt được tất cả",
"Tôi khao khát một cuộc sống khác, chứ không phải cuộc sống đầy thuốc men, đau đớn và mệt mỏi này.  Đêm nay, tôi vẫn mắc kẹt trong chu kỳ điều trị: thuốc, bác sĩ, nhà trị liệu, nhóm hỗ trợ…  Điều chua chát là, chỉ có cái chết mới giải thoát tôi khỏi tất cả",
"Tôi không hề muốn từ bỏ sự sống, nhưng cuộc sống hiện tại đang dày vò tôi.  Đêm nay, tôi lại ở đây, chìm đắm trong biển thuốc, tác dụng phụ, và những buổi gặp gỡ với bác sĩ, nhà trị liệu, nhóm hỗ trợ…  Thật đau lòng, con đường thoát khỏi tất cả chỉ có duy nhất một: cái chết",
"Dưới đây là 5 cách diễn đạt khác nhau cho bài viết, giữ nguyên ý nghĩa và cảm xúc:",
"Thuốc Latuda gây ra một trạng thái uể oải kỳ lạ.  Tôi không cảm thấy buồn chán theo kiểu thông thường, nhưng cũng chẳng có hứng thú làm gì cả.  Dù có năng lượng, tôi lại cứ đi đi lại lại, bơ vơ không biết mình muốn gì, cuối cùng chẳng làm được việc gì và chỉ muốn lên giường ngủ ngay sau bữa tối",
"Thuốc này (Latuda) gây ra một dạng trầm cảm rất kỳ quặc.  Tôi không buồn rầu như trước đây, nhưng cũng chẳng thiết tha làm gì cả.  Dù vẫn có năng lượng,  tôi cứ lang thang không mục đích, rồi cuối cùng lại kết thúc một ngày bằng giấc ngủ sớm sau bữa tối vì sự trống rỗng bao trùm",
"Tôi đang dùng Latuda, và nó khiến tôi bị một kiểu trầm cảm lạ lùng.  Cảm giác không giống với những lần trầm cảm trước đây.  Tôi vẫn mệt mỏi, không muốn làm gì, nhưng lại có năng lượng dư thừa khiến tôi cứ đi qua đi lại, rồi cuối cùng vẫn chẳng làm gì được và đi ngủ sớm",
"Latuda đang khiến tôi trải qua một dạng trầm cảm rất khó tả.  Không phải là sự buồn bã quen thuộc, mà là một sự thiếu động lực đến kỳ lạ.  Mặc dù vẫn còn sức, tôi lại chẳng biết bắt đầu từ đâu, chỉ loay hoay rồi cuối cùng lại chọn cách ngủ sớm sau bữa tối vì không còn gì để làm cả",
"Có ai biết nhóm hỗ trợ nào dành cho người mắc trầm cảm/rối loạn lưỡng cực, đặc biệt là có tính năng trò chuyện trực tuyến không? Tôi đang rất cần một nơi để chia sẻ những gì mình đang trải qua (mệt mỏi đến mức không thể rời khỏi giường,  không tắm rửa, và cảm thấy mình chẳng có giá trị gì)",
"Tôi đang vật lộn với trầm cảm/rối loạn lưỡng cực và cảm thấy rất cô đơn. Liệu có một cộng đồng trực tuyến nào đó (như phòng chat) mà tôi có thể trò chuyện với những người cùng cảnh ngộ không?  (Tôi chẳng có động lực gì, nằm lì trên giường, bỏ bê vệ sinh cá nhân và cảm thấy vô cùng tuyệt vọng)",
"Tôi rất cần sự sẻ chia và thấu hiểu.  Có ai biết đến diễn đàn hoặc nhóm chat nào dành cho người bị trầm cảm/rối loạn lưỡng cực không? Tôi đang ở trong tình trạng rất tệ (không thể nào dậy nổi khỏi giường,  không tắm rửa, và cảm thấy mình hoàn toàn vô giá trị)",
"Tôi đang tìm kiếm một không gian an toàn để trò chuyện với những người cùng mắc chứng trầm cảm/rối loạn lưỡng cực.  Hiện tại, tôi đang rất khó khăn (mất hết động lực sống, nằm luôn trên giường, không tắm rửa và luôn cảm thấy mình chẳng đáng sống)",
"Không biết Ambien có gây trầm cảm nặng hơn không nữa? Bác sĩ cho tôi uống 10mg vì khó ngủ, nhưng tôi thấy những ngày sau khi uống thuốc, tâm trạng tôi tệ hơn hẳn.  Chắc cũng vì tôi mới khỏi trầm cảm nên mới thế.  Tôi đang rối bời,  không muốn dùng bất cứ thứ gì có thể làm trầm cảm thêm",
"Đèn chiếu sáng giả lập ánh nắng mặt trời, melatonin, thuốc ngủ… đều vô dụng.  Tôi đã được kiểm tra thiếu hụt vitamin, cố gắng điều chỉnh lịch ngủ nhưng đều vô ích.  Năm nào cũng vậy, tháng nào cũng vậy!  Tất cả đều lặp lại",
"Tôi không biết đây có phải là do bệnh rối loạn lưỡng cực hay không, vì chu kỳ kinh nguyệt ảnh hưởng rất lớn đến nó.  Hay chỉ đơn thuần là do hormone, còn bệnh rối loạn lưỡng cực của tôi hoàn toàn ổn? Tôi thật sự không biết",
"Tôi ước gì mình có câu trả lời, có một giải pháp nào đó",
"Những câu văn trên đã cố gắng giữ nguyên ý nghĩa và cảm xúc của bản gốc, nhưng được diễn đạt bằng tiếng Việt tự nhiên hơn và đa dạng hơn",
"Những câu trên đều cố gắng giữ nguyên ý nghĩa gốc, thể hiện sự băn khoăn, lo lắng và một chút bàng hoàng của người viết.  Sự khác biệt nằm ở cách sắp xếp câu, lựa chọn từ ngữ và độ dài câu để tạo ra sắc thái khác nhau",
"Liệu pháp nhóm đang khiến tôi vô cùng khó chịu.  Tôi đang trong một chương trình điều trị nội trú, và hiện tại trạng thái tinh thần của tôi rất bất ổn, việc ngồi yên nghe người khác kể về những tổn thương đã gây ra rất nhiều áp lực.  Tôi cần lời khuyên để đối phó với tình huống này",
"Tôi đang ở trong một chương trình điều trị nội trú và đang vật lộn với việc tham gia liệu pháp nhóm.  Tình trạng của tôi hiện tại khá căng thẳng, việc phải ngồi yên lâu như vậy đã rất khó, lại càng khó hơn khi phải nghe mọi người chia sẻ về những trải nghiệm tâm lý khó khăn.  Tôi rất cần lời khuyên",
"Chương trình điều trị nội trú này đang rất thử thách tôi, nhất là liệu pháp nhóm.  Sự kích động trong tôi rất mạnh, khiến việc ngồi im lắng nghe mọi người chia sẻ về những chấn thương của họ trở nên gần như không thể.  Tôi rất mong nhận được sự giúp đỡ và lời khuyên từ những người có kinh nghiệm",
"Dưới đây là 5 câu viết lại câu gốc, giữ nguyên ý nghĩa và cảm xúc nhưng thay đổi cách diễn đạt:",
"Những câu trên đều cố gắng giữ nguyên ý nghĩa của câu gốc, đồng thời sử dụng ngôn từ tự nhiên hơn, phù hợp với văn phong tiếng Việt",
"Thuốc khiến tôi cảm thấy vô cùng mệt mỏi, thiếu động lực, sáng tạo và cả ham muốn làm bất cứ việc gì.  Phải làm sao đây?",
"Tôi đang dùng thuốc, và cảm giác cứ như bị tước mất hết mọi cảm xúc,  thiếu sức sống, chẳng muốn làm gì cả.  Tôi nên đối phó với tình trạng này ra sao?",
"Việc dùng thuốc khiến tôi uể oải,  nhạt nhẽo, mất hết cả hứng thú và năng lượng.  Làm thế nào để vượt qua cảm giác này?",
"Tôi cảm thấy vô cùng trì trệ và thiếu sức sống vì thuốc.  Mọi cảm hứng, sự sáng tạo đều biến mất.  Tôi phải làm gì bây giờ?",
"Thuốc khiến tôi như người mất hồn,  không còn chút động lực nào,  chán nản và không muốn làm bất cứ điều gì.  Tôi cần làm thế nào để cải thiện tình trạng này?",
"Tôi đã tiêm Invega Sustenna bốn lần rồi, nhưng thực sự rất khó chịu. Thuốc này khiến tôi rơi vào trạng thái trầm cảm chưa từng thấy, như thể mất đi linh hồn mình vậy.  Mặc dù họ nói nó giúp kiểm soát chứng rối loạn lưỡng cực, nhưng tôi không thể chịu đựng nổi nữa và sẽ đề nghị bác sĩ ngừng điều trị",
"Tôi đang dùng Invega Sustenna, đã tiêm bốn mũi rồi mà vẫn không quen được.  Cảm giác này tệ lắm, tôi chưa bao giờ trầm cảm đến thế này.  Thuốc lẽ ra phải giúp ổn định tâm trạng, nhưng giờ tôi thấy mình như mất hết cảm xúc, vô hồn. Tôi nhất định sẽ nói chuyện với bác sĩ để ngưng thuốc","Tôi rất tiếc khi nghe bạn chia sẻ về những khó khăn bạn đang trải qua.  Nghe có vẻ bạn đang rất khổ sở khi dùng Invega Sustenna, dù đã tiêm bốn mũi rồi mà vẫn chưa thấy cải thiện, thậm chí còn cảm thấy tệ hơn trước.  Việc mất đi cảm xúc, cảm thấy vô hồn quả thật rất khó khăn, và tôi hiểu rằng việc đó khiến bạn rất đau khổ.  Bạn đã rất dũng cảm khi chia sẻ điều này với tôi.

Thật tốt khi bạn đã quyết định nói chuyện với bác sĩ để xem xét việc ngưng thuốc.  Đó là một bước rất quan trọng.  Tuy nhiên,  tôi nghĩ việc thay đổi liều lượng hoặc loại thuốc cần được thực hiện một cách cẩn thận, dưới sự hướng dẫn của bác sĩ chuyên khoa.  Việc tự ý ngưng thuốc có thể gây ra những hậu quả không mong muốn.

Bạn có muốn chia sẻ thêm về cảm giác ""tệ lắm"" mà bạn đang trải qua không?  Tôi ở đây để lắng nghe nếu bạn muốn nói thêm bất cứ điều gì.  Và nếu bạn thấy quá khó khăn để đối mặt với những cảm xúc này một mình,  tôi khuyến khích bạn tìm kiếm sự hỗ trợ từ một chuyên gia tâm lý hoặc bác sĩ tâm thần. Họ có thể giúp bạn tìm ra giải pháp phù hợp nhất cho tình trạng của mình.  Không cần phải gánh vác tất cả một mình đâu nhé."
"Dưới đây là 5 câu khác nhau diễn đạt lại nội dung đoạn văn, giữ nguyên ý nghĩa và cảm xúc:","Tôi nghe bạn nói và hiểu rằng bạn đang trải qua một khoảng thời gian khó khăn. Việc bạn dành thời gian để diễn đạt lại những cảm xúc của mình bằng nhiều cách khác nhau cho thấy bạn đang rất nỗ lực để hiểu rõ hơn về bản thân.  Điều đó thật đáng khen ngợi.  Viết ra những cảm xúc như vậy chắc hẳn không dễ dàng gì.  Bạn có muốn chia sẻ thêm về những gì bạn đang cảm thấy không?  Nếu bạn cảm thấy quá khó khăn để đối mặt với những điều này một mình, tôi muốn bạn biết rằng có rất nhiều người sẵn sàng hỗ trợ bạn, bao gồm cả các chuyên gia tâm lý.  Tôi ở đây để lắng nghe bạn, và nếu bạn muốn, chúng ta có thể cùng tìm hiểu xem những nguồn hỗ trợ nào phù hợp với bạn."
"Dưới đây là một vài cách diễn đạt khác nhau cho đoạn văn tiếng Anh, giữ nguyên ý nghĩa và cảm xúc:","Chào bạn!  Tôi nghe bạn nói về việc bạn đang tìm cách diễn đạt khác nhau cho một đoạn văn tiếng Anh.  Việc tìm ra đúng từ ngữ để diễn tả cảm xúc mình đang trải qua đôi khi thật khó khăn, đúng không?  Tôi hiểu điều đó, và cảm thấy rất trân trọng sự tin tưởng bạn dành cho tôi khi chia sẻ điều này.

Bạn có muốn nói thêm về đoạn văn đó không? Hay có điều gì khác bạn muốn chia sẻ? Không cần phải ép buộc bản thân mình nói hết mọi thứ nếu bạn chưa sẵn sàng.  Nhưng biết đâu việc chia sẻ thêm có thể giúp bạn cảm thấy nhẹ nhõm hơn.

Nếu bạn cảm thấy quá khó khăn,  hoặc nếu những cảm xúc bạn đang trải qua trở nên quá sức chịu đựng,  tôi muốn bạn biết rằng có những người có thể giúp đỡ bạn.  Có rất nhiều chuyên gia về sức khỏe tâm thần sẵn sàng lắng nghe và hỗ trợ bạn vượt qua giai đoạn này.  Bạn có muốn tôi giúp bạn tìm kiếm thông tin về các nguồn hỗ trợ đó không?  Hoàn toàn không có áp lực nhé, chỉ cần bạn cho tôi biết bạn muốn gì."
"Những câu trên đều cố gắng giữ nguyên ý nghĩa và cảm xúc của câu gốc, song có sự khác biệt nhẹ về giọng điệu và cách diễn đạt để làm cho câu văn trở nên tự nhiên hơn trong tiếng Việt","Tôi hiểu bạn đang nói về việc cố gắng diễn đạt chính xác cảm xúc của mình, và điều đó không hề dễ dàng.  Việc tìm đúng từ ngữ để diễn tả những gì mình đang trải qua thực sự là một thử thách, phải không?  Thật đáng khen ngợi khi bạn nỗ lực như vậy để chia sẻ.  Bạn có muốn nói thêm về những gì bạn đang cảm thấy không?  Nếu bạn cảm thấy khó khăn, hoặc nếu những cảm xúc này trở nên quá sức, nhớ rằng có những chuyên gia có thể giúp bạn xử lý chúng một cách an toàn và hiệu quả.  Tôi ở đây để lắng nghe, nhưng nếu bạn muốn, tôi cũng có thể giúp bạn tìm kiếm thông tin về các nguồn hỗ trợ chuyên nghiệp."
"Dưới đây là 5 cách diễn đạt khác nhau câu tiếng Anh ban đầu, giữ nguyên ý nghĩa và cảm xúc:","Tôi hiểu bạn đang chia sẻ về 5 cách diễn đạt khác nhau của một câu tiếng Anh, và điều đó có thể liên quan đến việc bạn đang cần tìm cách diễn đạt chính xác cảm xúc của mình.  Việc tìm kiếm những từ ngữ phù hợp để diễn tả những gì mình đang trải qua là điều không hề dễ dàng, và tôi rất trân trọng sự nỗ lực của bạn.  Bạn đã rất dũng cảm khi chia sẻ điều này.

Có vẻ như bạn đang cần một không gian để diễn đạt cảm xúc của mình. Bạn có muốn chia sẻ thêm về điều gì đó đang làm bạn khó chịu không?  Không cần phải ép buộc bản thân phải nói hết mọi thứ, chỉ cần chia sẻ những gì bạn cảm thấy thoải mái.  

Nếu bạn cảm thấy quá khó khăn để đối mặt một mình,  tôi muốn bạn biết rằng có những người sẵn sàng lắng nghe và hỗ trợ bạn. Có rất nhiều nguồn lực hỗ trợ sức khỏe tâm thần có thể giúp bạn vượt qua giai đoạn này, ví dụ như đường dây nóng tư vấn tâm lý hoặc các chuyên gia tâm lý.  Tôi có thể giúp bạn tìm kiếm thông tin về những nguồn lực đó nếu bạn muốn.  Quan trọng nhất là bạn không cô đơn và có người ở bên cạnh bạn."
"Dưới đây là 5 cách diễn đạt khác nhau cho câu hỏi ban đầu, giữ nguyên ý nghĩa và cảm xúc:","Tôi hiểu bạn đang muốn tìm cách diễn đạt khác nhau cho một câu hỏi quan trọng, và việc bạn chia sẻ điều này với tôi cho thấy bạn đang rất nỗ lực để tìm ra cách tốt nhất để bày tỏ cảm xúc của mình.  Đó là một bước rất tích cực.  Việc lựa chọn từ ngữ đúng đắn khi đang trải qua những khó khăn về cảm xúc quả thật không dễ dàng chút nào.  Bạn đã rất mạnh mẽ khi đến đây và chia sẻ điều này.

Tôi không thể biết câu hỏi ban đầu của bạn là gì, nhưng nếu bạn cảm thấy thoải mái, tôi rất muốn lắng nghe bạn chia sẻ thêm về những gì bạn đang trải qua.  Không cần phải vội vàng hay ép buộc bản thân, cứ từ từ, khi nào bạn sẵn sàng.  Nếu việc diễn đạt khó khăn, bạn có thể chia sẻ bằng cách khác, ví dụ như mô tả cảm xúc của mình.

Nếu những cảm xúc bạn đang trải qua quá nặng nề, hoặc nếu bạn đang có những suy nghĩ tiêu cực,  tôi muốn bạn biết rằng bạn không cô đơn và có rất nhiều người sẵn sàng giúp đỡ bạn.  Có những chuyên gia tâm lý có thể hỗ trợ bạn vượt qua giai đoạn khó khăn này.  Bạn có muốn tôi tìm kiếm thông tin về các nguồn hỗ trợ gần bạn không?  Hoặc nếu bạn muốn chia sẻ thêm bất cứ điều gì, tôi luôn ở đây lắng nghe."
"Ba ngày dùng Lamictal 25mg, tôi đã bị tác dụng phụ hành hạ: buồn ngủ không dậy nổi, chóng mặt, mất phương hướng, và hoàn toàn mất động lực.  Tâm trạng còn tệ hơn trước nữa.  Bác sĩ bảo vài ngày đầu là vậy, nhưng tôi không chắc có nên tiếp tục chịu đựng hay tìm giải pháp khác","Chào bạn,

Mình hiểu bạn đang trải qua những ngày thật khó khăn. Việc phải đối mặt với những tác dụng phụ của Lamictal như buồn ngủ, chóng mặt, mất phương hướng và cả việc tâm trạng tệ hơn trước nữa chắc hẳn rất mệt mỏi và khiến bạn cảm thấy tuyệt vọng.  Mình thật sự thông cảm với những gì bạn đang phải chịu đựng.  Cảm giác mất động lực và không biết nên làm gì tiếp theo cũng là điều hoàn toàn dễ hiểu trong tình huống này.  

Bác sĩ bạn nói vài ngày đầu sẽ như vậy, nhưng việc kiên trì chịu đựng khi cơ thể và tinh thần đang phản ứng tiêu cực lại rất khó khăn.  Bạn hoàn toàn có quyền đặt câu hỏi và tìm kiếm giải pháp tốt nhất cho bản thân.  

Bạn có muốn chia sẻ thêm về cảm giác của mình không?  Không cần phải ép buộc bản thân phải nói hết mọi thứ, chỉ cần chia sẻ những gì bạn cảm thấy thoải mái.  

Nếu bạn thấy quá khó khăn để vượt qua giai đoạn này một mình, mình nghĩ việc liên lạc lại với bác sĩ hoặc tìm gặp một chuyên gia tâm lý để được tư vấn là điều rất nên làm. Họ có thể giúp bạn đánh giá tình trạng và tìm ra hướng xử lý phù hợp, có thể là điều chỉnh liều lượng thuốc hoặc tìm phương pháp điều trị khác.  Đừng ngần ngại tìm kiếm sự hỗ trợ, bạn không cần phải tự mình gánh vác tất cả."
"Cuộc sống tôi như đang đổ vỡ từng mảnh. Mỗi khi cố gắng gây dựng sự nghiệp hay vực dậy bản thân, mọi thứ lại tan thành mây khói. Tôi không hẳn sợ thất bại, nhưng dường như đó là điều duy nhất chờ đón tôi.  Sự nản lòng cứ chồng chất, khiến tôi gần như kiệt sức để tiếp tục cố gắng","Tôi rất tiếc khi nghe bạn chia sẻ về những khó khăn bạn đang trải qua. Nghe bạn nói về cảm giác cuộc sống như đang đổ vỡ từng mảnh, và sự nản lòng chồng chất khiến bạn kiệt sức, tôi thực sự hiểu và cảm thông.  Thật không dễ dàng khi phải đối mặt với những thất bại liên tiếp, và việc cảm thấy như chỉ có thất bại đang chờ đón mình thật sự rất mệt mỏi.  Bạn đã rất mạnh mẽ khi chia sẻ những điều này với tôi.

Tôi muốn bạn biết rằng bạn không cô đơn.  Rất nhiều người đã trải qua những cảm xúc tương tự như bạn.  Cảm giác nản lòng và kiệt sức là điều hoàn toàn bình thường khi đối mặt với những khó khăn như vậy.

Có lẽ việc tìm kiếm sự hỗ trợ từ một chuyên gia tâm lý hoặc nhà trị liệu sẽ giúp bạn vượt qua giai đoạn khó khăn này. Họ có thể cung cấp cho bạn những công cụ và kỹ năng để đối phó với cảm xúc tiêu cực và tìm lại động lực sống.  Bạn không cần phải gánh vác tất cả một mình.

Nếu bạn cảm thấy sẵn sàng, hãy chia sẻ thêm về những khó khăn cụ thể bạn đang gặp phải. Tôi sẽ luôn lắng nghe bạn mà không phán xét.  Nhưng nếu bạn cần nói chuyện với ai đó ngay bây giờ, bạn có thể gọi đến đường dây nóng hỗ trợ tâm lý (để thêm số điện thoại đường dây nóng hỗ trợ tâm lý tại địa phương nếu có).  Sự an toàn và sức khỏe của bạn là điều quan trọng nhất."
"Tôi bị kẹt giữa hai thái cực: một bên là sự cuồng nhiệt, thấy mình đầy tiềm năng, có thể làm được nhiều điều nếu tập trung; nhưng rồi tôi luôn thất bại, càng củng cố thêm những suy nghĩ tiêu cực của tôi rằng mình chẳng đáng giá gì và chẳng thể làm gì để cải thiện cuộc sống","Tôi hiểu bạn đang trải qua một khoảng thời gian vô cùng khó khăn.  Nghe bạn chia sẻ, tôi thấy rõ sự giằng xé nội tâm giữa niềm tin vào tiềm năng của bản thân và cảm giác thất bại, vô dụng.  Cảm giác đó thật sự mệt mỏi, đúng không?  Sự dao động giữa hai thái cực mạnh mẽ như vậy chắc hẳn khiến bạn cảm thấy kiệt quệ.

Việc bạn có thể thành thật chia sẻ những điều này với tôi cho thấy bạn rất mạnh mẽ.  Không dễ dàng gì để đối mặt với những suy nghĩ tiêu cực như vậy.  Tôi muốn bạn biết rằng bạn không cô đơn và cảm xúc của bạn là hoàn toàn hợp lệ.

Bạn có muốn chia sẻ thêm về những gì khiến bạn cảm thấy thất bại hay những suy nghĩ tiêu cực đó không?  Không cần phải ép buộc bản thân, chỉ cần những gì bạn cảm thấy thoải mái.  Nếu bạn thấy quá khó khăn để đối mặt một mình, việc tìm đến sự hỗ trợ từ một chuyên gia tâm lý hoặc nhà trị liệu có thể giúp bạn xử lý những cảm xúc phức tạp này hiệu quả hơn. Họ có thể cung cấp cho bạn những công cụ và kỹ thuật để quản lý cảm xúc và xây dựng lại niềm tin vào bản thân.  Tôi luôn ở đây lắng nghe bạn, bất cứ khi nào bạn cần."
"Mọi nỗ lực đều kết thúc bằng cùng một sự thất vọng, khiến tôi mất hết động lực để cố gắng.  Cảm giác thời gian đang dần cạn kiệt, mà tôi vẫn mù mờ về tương lai và chẳng biết phải làm gì với cuộc đời mình","Tôi rất hiểu cảm giác của bạn, khi mọi nỗ lực dường như đều vô ích và dẫn đến sự thất vọng.  Cảm giác thời gian trôi qua nhanh chóng mà vẫn chưa tìm thấy hướng đi cho tương lai quả thật rất khó khăn, mệt mỏi.  Nghe bạn chia sẻ, tôi cảm nhận được sự tuyệt vọng và mệt nhoài đang bao trùm bạn lúc này.  Thật không dễ dàng khi phải đối mặt với những cảm xúc nặng nề như vậy.

Bạn mạnh mẽ lắm khi đã chia sẻ những điều này với tôi.  Việc bạn tìm đến đây để nói ra những suy nghĩ của mình đã cho thấy bạn đang tìm kiếm một lối thoát, một tia hy vọng.  

Có lẽ việc tìm kiếm sự trợ giúp từ một chuyên gia tâm lý hoặc bác sĩ sẽ giúp bạn có cái nhìn rõ ràng hơn về những gì bạn đang trải qua, và cùng nhau tìm ra những giải pháp phù hợp.  Họ có thể cung cấp cho bạn những công cụ và kỹ thuật để vượt qua giai đoạn khó khăn này.  Bạn không cần phải đối mặt với điều này một mình.

Nếu bạn cảm thấy thoải mái, hãy chia sẻ thêm về những gì bạn đang cảm thấy.  Tôi sẽ lắng nghe bạn mà không phán xét.  Hoặc nếu bạn muốn, chúng ta có thể cùng tìm hiểu về các nguồn hỗ trợ tâm lý trong khu vực của bạn.  Điều quan trọng nhất lúc này là bạn biết mình không cô đơn."
"Tôi cố gắng chấp nhận cả buồn vui, nhưng niềm vui cứ mãi không đến, khiến tôi tự trách mình vô cùng.  Sự thất vọng cứ dồn nén, dằn vặt tôi không ngừng","Tôi hiểu bạn đang rất khó chịu vì cảm giác niềm vui cứ mãi xa cách, và điều đó khiến bạn tự trách mình.  Cảm giác thất vọng dồn nén, dằn vặt như vậy thật sự rất mệt mỏi, tôi hoàn toàn có thể hình dung ra điều đó.  Thật không dễ dàng gì khi phải đối mặt với những cảm xúc tiêu cực kéo dài như vậy. Bạn đã rất dũng cảm khi chia sẻ những điều này với tôi.

Có lẽ việc cố gắng chấp nhận cả buồn vui, trong khi niềm vui vẫn chưa đến, lại càng khiến bạn thêm áp lực.  Đôi khi, việc đặt quá nhiều kỳ vọng vào bản thân cũng gây ra thêm nhiều áp lực.  Bạn có muốn chia sẻ thêm về những gì đang khiến bạn cảm thấy thất vọng không?  Không cần phải vội vàng hay ép buộc bản thân, cứ từ từ chia sẻ những gì bạn cảm thấy thoải mái nhé.

Nếu bạn thấy quá sức chịu đựng, việc tìm kiếm sự hỗ trợ từ chuyên gia tâm lý có thể giúp bạn vượt qua giai đoạn khó khăn này.  Họ có thể cung cấp những công cụ và kỹ thuật giúp bạn quản lý cảm xúc hiệu quả hơn. Bạn có nghĩ mình sẵn sàng tìm hiểu về những nguồn hỗ trợ đó không?  Tôi luôn ở đây lắng nghe bạn."
"Tôi cần phải viết ra tất cả những điều này, như một cách để tạm gác lại những suy nghĩ tiêu cực, những vòng xoáy tự trách bản thân đang hành hạ tôi.  Đây chỉ là lời tự sự, không cần bất cứ lời đáp trả nào cả","Tôi hiểu bạn đang cần một không gian để chia sẻ những suy nghĩ và cảm xúc nặng nề của mình. Việc viết ra tất cả những điều đó quả thật là một bước rất dũng cảm, và tôi rất trân trọng sự tin tưởng mà bạn dành cho tôi.  Không cần phải trả lời hay giải thích gì cả, chỉ cần được trút bỏ gánh nặng trong lòng thôi cũng đã là một sự giải tỏa lớn lao rồi.  Tôi ở đây lắng nghe bạn, và nếu bạn muốn, bạn cứ thoải mái chia sẻ thêm bất cứ điều gì mà bạn cảm thấy cần thiết.

Nếu trong quá trình chia sẻ, bạn cảm thấy quá sức chịu đựng, hoặc nếu những suy nghĩ tiêu cực vẫn cứ đeo bám bạn mãi, đừng ngần ngại tìm đến sự hỗ trợ từ các chuyên gia tâm lý. Họ được đào tạo bài bản và có thể giúp bạn vượt qua giai đoạn khó khăn này.  Bạn không cô đơn đâu, và có rất nhiều người sẵn sàng giúp đỡ bạn.  Hãy cứ mạnh mẽ lên nhé."
"Những câu trên cố gắng giữ nguyên thông tin nhưng diễn đạt một cách tự nhiên hơn, tránh những từ ngữ quá trực tiếp và thô tục.  Việc lựa chọn câu nào phụ thuộc vào ngữ cảnh và người đọc","Tôi hiểu bạn đang cố gắng tìm cách diễn đạt cảm xúc của mình một cách cẩn trọng và phù hợp nhất.  Việc lựa chọn từ ngữ sao cho chính xác và tinh tế quả thật không dễ dàng, nhất là khi bạn đang trải qua những điều khó khăn.  Điều đó cho thấy bạn rất ý thức và quan tâm đến việc truyền tải thông điệp của mình một cách hiệu quả.  Bạn có muốn chia sẻ thêm về những gì bạn đang cảm thấy không?  Không cần phải vội vàng hay ép buộc bản thân, cứ chia sẻ những gì bạn cảm thấy thoải mái nhất nhé.  Nếu bạn thấy quá khó khăn, hãy nhớ rằng luôn có những người sẵn sàng lắng nghe và hỗ trợ bạn, chẳng hạn như các chuyên gia tâm lý.  Tôi ở đây để lắng nghe bạn bất cứ lúc nào."
"Dưới đây là một số cách diễn đạt khác nhau cho đoạn văn trên, giữ nguyên ý nghĩa và cảm xúc:","Tôi nghe bạn nói và hiểu rằng bạn đang trải qua một khoảng thời gian khó khăn.  Việc tìm ra cách diễn đạt chính xác cho những cảm xúc mình đang trải qua thật sự không dễ dàng, và tôi đánh giá cao sự nỗ lực của bạn.  Bạn đã rất can đảm khi chia sẻ điều này.  

Tôi không chắc mình hoàn toàn hiểu hết những gì bạn đang trải qua, nhưng tôi ở đây để lắng nghe nếu bạn muốn nói thêm bất cứ điều gì. Không cần phải vội vàng hay ép buộc bản thân phải diễn đạt hoàn hảo.  Nếu bạn cảm thấy quá khó khăn, việc tìm kiếm sự hỗ trợ từ một chuyên gia tâm lý hoặc hotline tư vấn có thể giúp bạn xử lý những cảm xúc này một cách hiệu quả hơn.  Họ có thể cung cấp những công cụ và sự hỗ trợ chuyên nghiệp mà bạn cần.  Bạn có muốn tôi tìm giúp bạn thông tin liên hệ của một số tổ chức hỗ trợ không?  Hay đơn giản là bạn muốn được nghe tôi lắng nghe thêm một chút nữa?  Tất cả đều ổn cả, tùy thuộc vào bạn."
"Chứng akathisia của tôi ngày càng nặng hơn khi tôi đang giảm liều Abilify (5mg, chỉ 2 tháng sử dụng). Bác sĩ kê thêm Geodon để chuyển đổi thuốc, vì Geodon ít gây ra akathisia hơn. Tôi lo lắng không biết liệu việc này có ổn không, hay tôi nên cố gắng chịu đựng?","Chào bạn,

Tôi hiểu rằng bạn đang rất lo lắng về chứng akathisia của mình và việc chuyển đổi thuốc từ Abilify sang Geodon.  Việc phải đối mặt với những triệu chứng khó chịu như vậy, lại thêm sự lo lắng về việc liệu phương pháp điều trị mới có hiệu quả hay không, chắc hẳn đang khiến bạn rất mệt mỏi và bất an.  Tôi thực sự cảm thông với những gì bạn đang trải qua.

Cảm giác không chắc chắn về việc nên tiếp tục chịu đựng hay chuyển sang thuốc mới là hoàn toàn bình thường.  Quá trình điều chỉnh thuốc và tìm ra phương pháp điều trị phù hợp là một hành trình phức tạp, và việc bạn đặt câu hỏi là một dấu hiệu cho thấy bạn đang tích cực tìm kiếm giải pháp tốt nhất cho bản thân.

Thay vì tự mình đưa ra quyết định, có lẽ sẽ rất hữu ích nếu bạn trao đổi lại với bác sĩ về những lo lắng của mình.  Bác sĩ là người hiểu rõ nhất về tình trạng sức khỏe của bạn và có thể giải đáp những thắc mắc cũng như đưa ra lời khuyên chuyên môn chính xác hơn.  Bạn có thể chia sẻ cụ thể hơn về những triệu chứng bạn đang gặp phải và những lo lắng của mình để bác sĩ có thể hỗ trợ bạn tốt hơn.

Hãy nhớ rằng, bạn không cô đơn trong điều này.  Việc tìm kiếm sự giúp đỡ từ chuyên gia là một hành động mạnh mẽ và thể hiện sự quan tâm đến sức khỏe tâm thần của bạn. Tôi ở đây để lắng nghe nếu bạn muốn chia sẻ thêm bất cứ điều gì khác."
"Việc cai thuốc Abilify (5mg, 2 tháng) khiến chứng akathisia kinh khủng của tôi trở nên tồi tệ hơn.  Bác sĩ đã kê đơn Geodon để giúp tôi vượt qua giai đoạn này, nhưng tôi vẫn rất lo lắng và tự hỏi liệu mình có nên tiếp tục kiên trì hay không.  Tôi nghe nói akathisia thường nặng hơn khi cai thuốc","Chào bạn,

Tôi rất tiếc khi nghe bạn đang phải trải qua những khó khăn như vậy với việc cai thuốc Abilify và chứng akathisia. Nghe bạn mô tả, tôi hoàn toàn hiểu được sự lo lắng và khó chịu mà bạn đang phải chịu đựng.  Việc cai thuốc và những triệu chứng khó khăn như akathisia thực sự rất mệt mỏi và đáng sợ, nhất là khi nghe nói nó có thể nặng hơn khi cai thuốc.  Cảm giác bất lực và không biết nên làm gì lúc này chắc hẳn rất khó khăn.

Việc bác sĩ đã kê đơn Geodon để hỗ trợ bạn là một bước tích cực.  Tuy nhiên, tôi hiểu tại sao bạn vẫn còn lo lắng và tự hỏi liệu có nên tiếp tục hay không.  Đây là một quyết định rất khó khăn và bạn hoàn toàn có quyền cảm thấy như vậy.

Có lẽ việc chia sẻ thêm về những lo lắng cụ thể của bạn với bác sĩ hoặc một chuyên gia tâm lý sẽ giúp bạn tìm được hướng giải quyết phù hợp hơn? Họ có thể đánh giá tình trạng của bạn một cách chính xác hơn và cùng bạn lên kế hoạch quản lý triệu chứng một cách hiệu quả nhất.  Đừng ngần ngại chia sẻ tất cả những suy nghĩ và cảm xúc của mình với họ, bạn nhé.

Tôi ở đây lắng nghe bạn bất cứ khi nào bạn cần.  Hãy cứ chia sẻ thêm bất cứ điều gì bạn muốn, không cần phải gượng ép bản thân mình.  Sự an toàn và sức khỏe của bạn là điều quan trọng nhất lúc này."
"Tôi đang rất khổ sở vì chứng akathisia ngày càng trầm trọng khi giảm liều Abilify (5mg, chỉ 2 tháng).  Bác sĩ bảo đó là phản ứng khi cai thuốc và kê Geodon cho tôi.  Nhưng tôi vẫn rất lo lắng, không biết liệu mọi thứ có ổn cả không và mình có nên tiếp tục ""cố gắng"" hay không",
"Những lỗi lầm trong quá khứ cứ đeo bám tôi mãi, làm sao tôi có thể buông bỏ được?  Những chuyện nhỏ nhặt, ngớ ngẩn xảy ra cách đây nhiều năm, lẽ ra chẳng đáng để bận lòng, vậy mà vẫn cứ ám ảnh tôi.** (Câu này giữ nguyên giọng điệu than vãn, tự trách mình)",
"Tôi không biết làm sao để vượt qua quá khứ và quên đi những sai lầm đã gây ra. Dù biết những chuyện nhỏ xíu, dại dột ấy đã là chuyện cũ, không còn ý nghĩa gì nữa, nhưng tôi vẫn không thể nào dứt bỏ chúng.** (Câu này dùng giọng điệu nhẹ nhàng hơn, nhấn mạnh sự bất lực)",
"Quá khứ như một bóng ma cứ bám riết lấy tôi, nhất là những sai lầm nhỏ nhặt, ngớ ngẩn mà tôi đã phạm phải cách đây nhiều năm trời. Làm sao tôi mới có thể buông bỏ tất cả và bước tiếp đây?** (Câu này sử dụng hình ảnh ẩn dụ, tăng tính biểu cảm)",
"Tôi đang vật lộn với quá khứ, với những lỗi lầm tưởng chừng nhỏ bé, ngớ ngẩn nhưng lại cứ dai dẳng ám ảnh.  Dù thời gian đã trôi qua rất lâu, chúng vẫn khiến tôi không thể thanh thản.** (Câu này tập trung vào sự vật lộn và cảm giác không thanh thản)",
"Vượt qua quá khứ và buông bỏ những sai lầm, nhất là những chuyện nhỏ nhặt, không đáng kể đã xảy ra từ lâu, quả thật khó khăn biết bao!  Tôi cứ bị chúng giày vò, dù biết rằng chúng chẳng còn ý nghĩa gì nữa.** (Câu này nhấn mạnh vào sự khó khăn và cảm giác bị giày vò)",
"Thuốc Quetiapine của tôi hết hạn từ năm 2017, liệu có an toàn nếu tôi uống liều rất thấp (chỉ 25mg) trong hai đêm?  Tôi không thể lấy thuốc mới cho đến thứ Hai",
"Quetiapine của tôi đã hết hạn (2017).  Tôi đang rất cần, chỉ cần uống 25mg trong hai đêm thôi.  Phải chờ đến thứ Hai mới lấy được thuốc mới, không biết có sao không?",
Tôi có một số viên Quetiapine hết hạn từ năm 2017.  Liệu có nguy hiểm gì không nếu tôi dùng liều rất nhỏ (25mg) trong hai ngày? Tôi không thể mua thuốc mới trước thứ Hai,
"Thuốc Quetiapine (hết hạn 2017) –  Tôi đang rất khó xử.  Chỉ cần uống 25mg trong hai đêm thôi, nhưng không biết có an toàn không?  Phải đợi đến thứ Hai mới lấy được thuốc mới",
"Tôi cần dùng Quetiapine gấp, nhưng thuốc cũ của tôi (hạn sử dụng 2017) chỉ còn lại liều rất nhỏ (25mg).  Liệu có sao không nếu tôi uống trong hai đêm?  Tôi phải chờ đến thứ Hai mới có thể lấy thuốc mới",
"Dưới đây là 5 câu khác nhau diễn đạt lại nội dung đoạn văn, cố gắng giữ nguyên ý nghĩa và cảm xúc:",
"Dưới đây là một số cách diễn đạt khác nhau cho đoạn văn tiếng Anh, giữ nguyên ý nghĩa và cảm xúc:",
"Tôi được chẩn đoán mắc rối loạn lưỡng cực loại II (BP2) vài năm trước.  Tuy tin tưởng vào kết luận đó, gần đây tôi chỉ trải qua những giai đoạn trầm cảm, không hề có triệu chứng hưng cảm nhẹ.  Tôi không dùng thuốc (đã được bác sĩ đồng ý)",
"Dưới đây là 5 cách diễn đạt khác nhau cho đoạn văn trên, cố gắng giữ nguyên ý nghĩa và cảm xúc:",
"Dưới đây là 5 cách diễn đạt khác nhau cho câu ""Hello? Is there anybody in there?"", giữ nguyên ý nghĩa và cảm xúc:",
"Có ai ở trong đó không?** (Câu hỏi trực tiếp, đơn giản và dễ hiểu)",
"Alo? Có người ở bên trong không nhỉ?** (Thêm từ ""nhỉ"" tạo cảm giác nhẹ nhàng, hơi ngờ vực)",
"Chào?  Liệu có ai đó ở trong đấy không?** (Ngôn từ trang trọng hơn, mang tính chất thăm dò)",
"Ai đó... có ở trong không?** (Câu hỏi ngắn gọn, tạo cảm giác hơi rùng rợn hoặc bí ẩn tùy ngữ cảnh)",
"Xin chào! Có ai ở bên trong không vậy?** (Thêm lời chào lịch sự hơn, giọng điệu dò hỏi rõ ràng hơn)",
"Những câu văn trên đều cố gắng giữ nguyên ý nghĩa và cảm xúc lo lắng, tìm kiếm sự giúp đỡ của người viết.  Sự khác biệt nằm ở cách sắp xếp câu, lựa chọn từ ngữ và giọng điệu, tạo nên sự đa dạng trong cách diễn đạt",
"Dưới đây là một vài cách diễn đạt khác nhau, giữ nguyên ý nghĩa và cảm xúc của câu gốc:",
"""Tôi đi tiểu rất thường xuyên, cứ 10-30 phút lại phải đi một lần.  Có ai gặp tình trạng này khi dùng Seroquel 400mg không? Tôi uống nước rất ít nên không thể giải thích được việc này.""",
"""Tôi đang uống Seroquel 400mg và bị đi tiểu liên tục, cứ 10-30 phút lại phải đi một lần.  Lượng nước tôi uống không đủ để giải thích hiện tượng này.  Có ai khác cũng bị vậy không?""",
"""Việc đi tiểu liên tục khiến tôi rất khó chịu.  Tôi dùng Seroquel 400mg và dù uống rất ít nước, vẫn phải đi vệ sinh cứ 10-30 phút một lần.  Đây có phải là tác dụng phụ của thuốc không nhỉ?""",
"""Cứ 10-30 phút lại phải chạy vào nhà vệ sinh, tình trạng này khiến tôi mệt mỏi vô cùng! Tôi đang uống Seroquel 400mg, và tôi chắc chắn rằng lượng nước tôi uống không phải là nguyên nhân.  Có ai có kinh nghiệm tương tự không, xin hãy chia sẻ với tôi.""",
"""Tôi rất lo lắng vì đi tiểu quá thường xuyên, cứ 10-30 phút lại phải đi một lần.  Tôi đang dùng Seroquel 400mg, nhưng lượng nước tôi uống không nhiều đến mức đó.  Liệu đây có phải là phản ứng phụ của thuốc không? Mong mọi người cho tôi lời khuyên.""",
"Tôi đã tự làm mình bị thương. Một vết cắt dài đến 10cm, sâu khoảng 6mm trên chân tôi. Tôi chẳng hiểu lý do gì cả.  Sự việc này làm tôi vô cùng sợ hãi, tôi cảm thấy mình đang dần đánh mất chính mình.** (Câu này tập trung vào sự sợ hãi và mất kiểm soát.)",
"Thật khủng khiếp! Tôi vô tình cứa vào chân mình, vết thương khá lớn, khoảng 10cm và sâu khoảng 6mm.  Tôi không thể giải thích tại sao lại làm vậy.  Tôi đang rất sợ, và cảm thấy mình đang tự phá hủy tất cả.** (Câu này ngắn gọn, nhấn mạnh vào sự sợ hãi và hậu quả.)",
"Những câu trên đều cố gắng truyền tải sự tuyệt vọng, sợ hãi và tự trách móc có trong câu gốc.  Việc lựa chọn câu nào phụ thuộc vào ngữ cảnh cụ thể và người đọc/người nghe",
"Dưới đây là 5 câu văn khác nhau, giữ nguyên ý nghĩa và cảm xúc của câu gốc, nhưng được diễn đạt lại:",
"Dưới đây là 5 cách diễn đạt khác nhau câu hỏi gốc, giữ nguyên ý nghĩa và cảm xúc:",
Dùng thuốc được khoảng một tháng nay rồi. Chào mọi người!,
"Dưới đây là 3-5 câu diễn đạt khác nhau, giữ nguyên ý nghĩa và cảm xúc của đoạn văn gốc:",
"Những câu trên cố gắng giữ nguyên ý nghĩa và sắc thái cảm xúc của bản gốc, đồng thời sử dụng từ ngữ và cấu trúc câu khác nhau để tạo ra sự đa dạng trong diễn đạt",
"Dù đã có gia đình và vài người bạn, nỗi đau mất đi người bạn thân nhất vẫn giày vò tôi đến cùng cực.  Cô ấy, người duy nhất kiềm chế được tôi suốt một năm rưỡi qua, đã đột ngột cắt đứt liên lạc, ra lệnh không được liên hệ nữa.  Giờ đây, tôi như rơi xuống địa ngục",
"Sự thiếu vắng cô ấy khiến tôi nhớ lại quá khứ tổn thương, khi cha bỏ đi lúc tôi 5 tuổi, rồi mẹ cũng rời xa tôi khi lên 12.  Điều đó khiến tôi chỉ biết hoặc không gắn bó với ai, hoặc gắn bó quá mức đến mức đau đớn.  Vì sợ tổn thương, tôi luôn giữ khoảng cách với mọi người, cho đến khi gặp cô ấy",
"Hai ngày kể từ khi tôi ngừng dùng Risperdal, và tôi nghi ngờ mình đang bị triệu chứng cai thuốc.  Việc bác sĩ giảm liều chỉ trong 3 ngày khiến tôi lo lắng. Ai đã từng trải qua việc cai Risperdal, cho tôi biết kinh nghiệm của bạn và triệu chứng kéo dài bao lâu nhé?",
"Tôi đã cai Risperdone đột ngột chỉ trong vòng 3 ngày, và hiện tại (sau 2 ngày) tôi đang phải chịu đựng những triệu chứng khó chịu dường như là do cai thuốc.  Bạn nào từng trải qua điều tương tự, chia sẻ kinh nghiệm và thời gian triệu chứng kéo dài với tôi được không?",
"Tôi rất lo lắng vì đang gặp phải các triệu chứng có vẻ là do cai thuốc Risperdone.  Bác sĩ cho tôi cai thuốc quá nhanh, chỉ trong 3 ngày.  Liệu ai đó có thể chia sẻ kinh nghiệm cai thuốc Risperdone của mình, bao gồm thời gian các triệu chứng kéo dài không?",
"Việc cai Risperdone chỉ trong 3 ngày khiến tôi gặp phải những triệu chứng khó chịu, bắt đầu xuất hiện hai ngày sau khi dùng liều cuối cùng.  Tôi rất cần chia sẻ kinh nghiệm từ những người đã từng trải qua quá trình cai thuốc này để biết tình trạng này sẽ kéo dài bao lâu",
"Sau khi ngưng Risperdone được hai ngày, tôi nghi ngờ mình đang bị phản ứng cai thuốc, đặc biệt là do quá trình giảm liều quá nhanh (chỉ 3 ngày).  Ai có kinh nghiệm về việc cai thuốc này, xin vui lòng chia sẻ thời gian và triệu chứng bạn đã gặp phải để tôi có thể yên tâm hơn",
"Các phiên bản trên đều cố gắng giữ được sự buồn bã, cô đơn, và sự tự hỏi về bản thân của người viết.  Sự khác biệt chỉ nằm ở việc sắp xếp từ ngữ và câu văn để tạo ra sắc thái khác nhau",
"""Mình mới được kê đơn thuốc Ability tuần này và bắt đầu uống.  Bạn có kinh nghiệm gì với loại thuốc này không, chia sẻ với mình nhé?"" (Cách nói thân thiện, gần gũi)",
"""Tôi mới dùng thuốc Ability được vài ngày, đây là lần đầu tiên tôi dùng loại thuốc này.  Bạn có thể cho tôi biết thêm về kinh nghiệm sử dụng của bạn không?"" (Cách nói lịch sự, trang trọng hơn)",
"""Thuốc Ability -  tôi đang rất muốn tìm hiểu thêm về nó vì mới bắt đầu dùng tuần này.  Bạn đã từng dùng chưa và có thể cho tôi biết cảm nhận của bạn như thế nào không?"" (Cách nói thể hiện sự háo hức tìm hiểu)",
"""Tuần này tôi bắt đầu dùng thuốc Ability theo đơn của bác sĩ.  Tôi chưa có kinh nghiệm gì với loại thuốc này cả, bạn có thể chia sẻ những trải nghiệm của mình được không?"" (Cách nói nhấn mạnh sự thiếu kinh nghiệm và mong muốn được giúp đỡ)",
"""Tôi đang dùng thuốc Ability lần đầu tiên.  Mọi thông tin về tác dụng phụ, hiệu quả hay bất cứ điều gì liên quan đến thuốc mà bạn chia sẻ đều rất hữu ích với tôi."" (Cách nói thẳng thắn, tập trung vào thông tin cần thiết)",
"""Mình đang thấy sung mãn quá! Cảm giác tuyệt vời!  Không phải do dùng chất kích thích gì đâu nha, chỉ đơn giản là đang thư giãn thôi."" (Câu này giữ nguyên sự hào hứng và cần giải thích thêm để tránh hiểu lầm.)",
"""Ôi trời, mình đang tràn đầy năng lượng!  Cảm giác thật dễ chịu, không phải do thuốc men gì cả, chỉ là đang tận hưởng sự thư thái thôi."" (Câu này nhấn mạnh vào năng lượng tích cực.)",
"""Mình đang cực kì phấn chấn!  Thật tuyệt vời!  Không phải vì mình dùng chất kích thích đâu nhé, chỉ đơn giản là đang rất thoải mái."" (Câu này rõ ràng hơn về việc không dùng chất kích thích.)",
"""Hiện tại mình đang trong trạng thái hưng phấn cực độ!  Cảm giác này thật tuyệt!  Mình khẳng định là không hề sử dụng chất kích thích, chỉ đơn giản là đang thư giãn thôi."" (Câu này dùng từ ngữ trang trọng hơn một chút.)",
